CREATE DATABASE  IF NOT EXISTS `mydb` /*!40100 DEFAULT CHARACTER SET utf8 */;
USE `mydb`;
-- MySQL dump 10.13  Distrib 5.7.34, for Linux (x86_64)
--
-- Host: localhost    Database: mydb
-- ------------------------------------------------------
-- Server version	5.7.34-0ubuntu0.18.04.1

/*!40101 SET @OLD_CHARACTER_SET_CLIENT=@@CHARACTER_SET_CLIENT */;
/*!40101 SET @OLD_CHARACTER_SET_RESULTS=@@CHARACTER_SET_RESULTS */;
/*!40101 SET @OLD_COLLATION_CONNECTION=@@COLLATION_CONNECTION */;
/*!40101 SET NAMES utf8 */;
/*!40103 SET @OLD_TIME_ZONE=@@TIME_ZONE */;
/*!40103 SET TIME_ZONE='+00:00' */;
/*!40014 SET @OLD_UNIQUE_CHECKS=@@UNIQUE_CHECKS, UNIQUE_CHECKS=0 */;
/*!40014 SET @OLD_FOREIGN_KEY_CHECKS=@@FOREIGN_KEY_CHECKS, FOREIGN_KEY_CHECKS=0 */;
/*!40101 SET @OLD_SQL_MODE=@@SQL_MODE, SQL_MODE='NO_AUTO_VALUE_ON_ZERO' */;
/*!40111 SET @OLD_SQL_NOTES=@@SQL_NOTES, SQL_NOTES=0 */;

--
-- Table structure for table `ActiveCustomerLiveToRooms`
--

DROP TABLE IF EXISTS `ActiveCustomerLiveToRooms`;
/*!40101 SET @saved_cs_client     = @@character_set_client */;
/*!40101 SET character_set_client = utf8 */;
CREATE TABLE `ActiveCustomerLiveToRooms` (
  `BraceletId` int(11) NOT NULL AUTO_INCREMENT,
  `idCustomer` int(11) NOT NULL,
  `idRoom` int(11) NOT NULL,
  `ArrivalDatetime` datetime NOT NULL,
  `LeavingDatetime` datetime NOT NULL,
  `TotalBill` decimal(15,2) NOT NULL DEFAULT '0.00',
  PRIMARY KEY (`BraceletId`),
  KEY `fk_ActiveCustomer_idx` (`idCustomer`),
  KEY `fk_ActiveCustomerRooms_idx` (`idRoom`),
  CONSTRAINT `fk_ActiveCustomer` FOREIGN KEY (`idCustomer`) REFERENCES `Customer` (`idCustomer`) ON DELETE CASCADE ON UPDATE NO ACTION,
  CONSTRAINT `fk_ActiveCustomerRooms` FOREIGN KEY (`idRoom`) REFERENCES `Room` (`idRoom`) ON DELETE CASCADE ON UPDATE NO ACTION
) ENGINE=InnoDB AUTO_INCREMENT=66 DEFAULT CHARSET=utf8;
/*!40101 SET character_set_client = @saved_cs_client */;

--
-- Dumping data for table `ActiveCustomerLiveToRooms`
--

LOCK TABLES `ActiveCustomerLiveToRooms` WRITE;
/*!40000 ALTER TABLE `ActiveCustomerLiveToRooms` DISABLE KEYS */;
INSERT INTO `ActiveCustomerLiveToRooms` VALUES (1,26,29,'2021-05-13 17:00:00','2021-05-20 17:00:00',900.00),(2,27,30,'2021-05-13 17:00:00','2021-05-20 17:00:00',888.00),(3,28,31,'2021-05-13 17:00:00','2021-05-20 17:00:00',738.00),(4,29,32,'2021-05-13 17:00:00','2021-05-20 17:00:00',999.00),(5,30,33,'2021-05-13 17:00:00','2021-05-20 17:00:00',941.00),(6,26,29,'2021-06-13 17:00:00','2021-06-20 17:00:00',1312.00),(7,27,30,'2021-06-13 17:00:00','2021-06-20 17:00:00',787.00),(8,28,31,'2021-06-13 17:00:00','2021-06-20 17:00:00',855.00),(9,29,32,'2021-06-13 17:00:00','2021-06-20 17:00:00',967.00),(10,30,33,'2021-06-13 17:00:00','2021-06-20 17:00:00',876.00),(21,1,29,'2021-04-13 22:30:04','2021-04-20 22:30:04',1159.00),(22,2,34,'2021-04-13 22:30:04','2021-04-20 22:30:04',844.00),(23,3,39,'2021-04-13 22:30:04','2021-04-20 22:30:04',1022.00),(24,4,44,'2021-04-13 22:30:04','2021-04-20 22:30:04',851.00),(25,5,49,'2021-04-13 22:30:04','2021-04-20 22:30:04',951.00),(26,6,54,'2021-04-13 22:30:04','2021-04-20 22:30:04',1008.00),(27,7,59,'2021-04-13 22:30:04','2021-04-20 22:30:04',1098.00),(28,8,64,'2021-04-13 22:30:04','2021-04-20 22:30:04',869.00),(29,9,69,'2021-04-13 22:30:04','2021-04-20 22:30:04',853.00),(30,10,74,'2021-04-13 22:30:04','2021-04-20 22:30:04',973.00),(31,21,40,'2021-04-15 12:35:04','2021-04-22 12:35:04',1235.00),(32,22,42,'2021-04-15 12:35:04','2021-04-22 12:35:04',852.00),(33,23,44,'2021-04-15 12:35:04','2021-04-22 12:35:04',843.00),(34,24,46,'2021-04-15 12:35:04','2021-04-22 12:35:04',1191.00),(35,25,48,'2021-04-15 12:35:04','2021-04-22 12:35:04',1214.00),(36,26,50,'2021-04-15 12:35:04','2021-04-22 12:35:04',1025.00),(37,27,52,'2021-04-15 12:35:04','2021-04-22 12:35:04',765.00),(38,28,54,'2021-04-15 12:35:04','2021-04-22 12:35:04',999.00),(39,29,56,'2021-04-15 12:35:04','2021-04-22 12:35:04',999.00),(40,30,58,'2021-04-15 12:35:04','2021-04-22 12:35:04',1048.00),(41,21,2,'2021-06-26 14:50:08','2021-07-03 14:50:08',553.00),(42,1,40,'2021-03-15 12:35:04','2021-03-22 12:35:04',889.00),(43,2,42,'2021-03-15 12:35:04','2021-03-22 12:35:04',735.00),(44,3,44,'2021-03-15 12:35:04','2021-03-22 12:35:04',735.00),(45,4,46,'2021-03-15 12:35:04','2021-03-22 12:35:04',784.00),(46,5,48,'2021-03-15 12:35:04','2021-03-22 12:35:04',875.00),(47,6,50,'2021-03-15 12:35:04','2021-03-22 12:35:04',826.00),(48,7,52,'2021-03-15 12:35:04','2021-03-22 12:35:04',735.00),(49,8,54,'2021-03-15 12:35:04','2021-03-22 12:35:04',735.00),(50,9,56,'2021-03-15 12:35:04','2021-03-22 12:35:04',875.00),(51,10,58,'2021-03-15 12:35:04','2021-03-22 12:35:04',833.00),(52,21,60,'2021-03-15 12:35:04','2021-03-22 12:35:04',875.00),(53,22,62,'2021-03-15 12:35:04','2021-03-22 12:35:04',917.00),(54,23,64,'2021-03-15 12:35:04','2021-03-22 12:35:04',826.00),(55,24,66,'2021-03-15 12:35:04','2021-03-22 12:35:04',875.00),(56,25,68,'2021-03-15 12:35:04','2021-03-22 12:35:04',868.00),(57,26,70,'2021-03-15 12:35:04','2021-03-22 12:35:04',819.00),(58,27,72,'2021-03-15 12:35:04','2021-03-22 12:35:04',826.00),(59,28,74,'2021-03-15 12:35:04','2021-03-22 12:35:04',868.00),(60,29,76,'2021-03-15 12:35:04','2021-03-22 12:35:04',784.00),(61,30,78,'2021-03-15 12:35:04','2021-03-22 12:35:04',735.00),(62,1,13,'2021-06-26 18:18:28','2021-07-03 18:18:28',805.00),(63,1,99,'2021-06-26 23:27:13','2021-07-03 23:27:13',623.00),(64,1,58,'2021-06-26 23:51:45','2021-07-03 23:51:45',448.00),(65,1,4,'2021-06-27 14:31:54','2021-07-04 14:31:54',483.00);
/*!40000 ALTER TABLE `ActiveCustomerLiveToRooms` ENABLE KEYS */;
UNLOCK TABLES;
/*!50003 SET @saved_cs_client      = @@character_set_client */ ;
/*!50003 SET @saved_cs_results     = @@character_set_results */ ;
/*!50003 SET @saved_col_connection = @@collation_connection */ ;
/*!50003 SET character_set_client  = utf8 */ ;
/*!50003 SET character_set_results = utf8 */ ;
/*!50003 SET collation_connection  = utf8_general_ci */ ;
/*!50003 SET @saved_sql_mode       = @@sql_mode */ ;
/*!50003 SET sql_mode              = 'ONLY_FULL_GROUP_BY,STRICT_TRANS_TABLES,NO_ZERO_IN_DATE,NO_ZERO_DATE,ERROR_FOR_DIVISION_BY_ZERO,NO_ENGINE_SUBSTITUTION' */ ;
DELIMITER ;;
/*!50003 CREATE*/ /*!50017 DEFINER=`root`@`localhost`*/ /*!50003 TRIGGER before_active_insert
BEFORE INSERT
ON ActiveCustomerLiveToRooms 
FOR EACH ROW
BEGIN
	
    DECLARE cost int;
    
    set cost = (
				select ChargePerDay from Room
                where idRoom=new.idRoom
		);
        
	set new.LeavingDatetime = date_add(new.ArrivalDatetime, interval 7 day);
    
    set new.TotalBill = new.TotalBill + cost*datediff(new.LeavingDatetime, new.ArrivalDatetime);
    
    
    
    
END */;;
DELIMITER ;
/*!50003 SET sql_mode              = @saved_sql_mode */ ;
/*!50003 SET character_set_client  = @saved_cs_client */ ;
/*!50003 SET character_set_results = @saved_cs_results */ ;
/*!50003 SET collation_connection  = @saved_col_connection */ ;
/*!50003 SET @saved_cs_client      = @@character_set_client */ ;
/*!50003 SET @saved_cs_results     = @@character_set_results */ ;
/*!50003 SET @saved_col_connection = @@collation_connection */ ;
/*!50003 SET character_set_client  = utf8 */ ;
/*!50003 SET character_set_results = utf8 */ ;
/*!50003 SET collation_connection  = utf8_general_ci */ ;
/*!50003 SET @saved_sql_mode       = @@sql_mode */ ;
/*!50003 SET sql_mode              = 'ONLY_FULL_GROUP_BY,STRICT_TRANS_TABLES,NO_ZERO_IN_DATE,NO_ZERO_DATE,ERROR_FOR_DIVISION_BY_ZERO,NO_ENGINE_SUBSTITUTION' */ ;
DELIMITER ;;
/*!50003 CREATE*/ /*!50017 DEFINER=`root`@`localhost`*/ /*!50003 TRIGGER after_active_insert
AFTER INSERT
ON ActiveCustomerLiveToRooms 
FOR EACH ROW
BEGIN
	
    call GetApprovalForCommon(new.BraceletId);
    
END */;;
DELIMITER ;
/*!50003 SET sql_mode              = @saved_sql_mode */ ;
/*!50003 SET character_set_client  = @saved_cs_client */ ;
/*!50003 SET character_set_results = @saved_cs_results */ ;
/*!50003 SET collation_connection  = @saved_col_connection */ ;

--
-- Table structure for table `ApprovedEntries`
--

DROP TABLE IF EXISTS `ApprovedEntries`;
/*!40101 SET @saved_cs_client     = @@character_set_client */;
/*!40101 SET character_set_client = utf8 */;
CREATE TABLE `ApprovedEntries` (
  `idApprovedEntries` int(11) NOT NULL AUTO_INCREMENT,
  `BraceletId` int(11) NOT NULL,
  `idEntriesToRegions` int(11) NOT NULL,
  PRIMARY KEY (`idApprovedEntries`),
  KEY `fk_ApprovedCustomer_idx` (`BraceletId`),
  KEY `fk_ApprovedEntriesRegions_idx` (`idEntriesToRegions`),
  CONSTRAINT `fk_ApprovedCustomer` FOREIGN KEY (`BraceletId`) REFERENCES `ActiveCustomerLiveToRooms` (`BraceletId`) ON DELETE CASCADE ON UPDATE NO ACTION,
  CONSTRAINT `fk_ApprovedEntriesRegions` FOREIGN KEY (`idEntriesToRegions`) REFERENCES `EntriesToRegions` (`idEntriesToRegions`) ON DELETE CASCADE ON UPDATE NO ACTION
) ENGINE=InnoDB AUTO_INCREMENT=94842 DEFAULT CHARSET=utf8;
/*!40101 SET character_set_client = @saved_cs_client */;

--
-- Dumping data for table `ApprovedEntries`
--

LOCK TABLES `ApprovedEntries` WRITE;
/*!40000 ALTER TABLE `ApprovedEntries` DISABLE KEYS */;
INSERT INTO `ApprovedEntries` VALUES (88646,1,58),(88647,1,57),(88648,1,205),(88649,1,206),(88653,1,241),(88654,1,242),(88655,1,243),(88656,1,244),(88657,1,245),(88658,1,246),(88659,1,247),(88660,1,248),(88661,1,249),(88662,1,250),(88663,1,251),(88664,1,252),(88665,1,253),(88666,1,254),(88667,1,255),(88668,1,256),(88669,1,257),(88670,1,258),(88671,1,259),(88672,1,260),(88673,1,299),(88674,1,300),(88675,1,301),(88676,1,302),(88677,1,303),(88678,1,304),(88684,1,202),(88685,1,212),(88686,1,222),(88687,1,232),(88688,1,201),(88689,1,211),(88690,1,221),(88691,1,231),(88699,1,305),(88700,1,306),(88701,1,307),(88702,1,308),(88703,1,309),(88704,1,310),(88705,1,311),(88706,1,312),(88714,1,261),(88715,1,262),(88716,1,263),(88717,1,264),(88718,1,265),(88719,1,266),(88720,1,267),(88721,1,268),(88722,1,269),(88723,1,270),(88729,2,60),(88730,2,59),(88731,2,205),(88732,2,206),(88736,2,241),(88737,2,242),(88738,2,243),(88739,2,244),(88740,2,245),(88741,2,246),(88742,2,247),(88743,2,248),(88744,2,249),(88745,2,250),(88746,2,251),(88747,2,252),(88748,2,253),(88749,2,254),(88750,2,255),(88751,2,256),(88752,2,257),(88753,2,258),(88754,2,259),(88755,2,260),(88756,2,299),(88757,2,300),(88758,2,301),(88759,2,302),(88760,2,303),(88761,2,304),(88767,2,202),(88768,2,212),(88769,2,222),(88770,2,232),(88771,2,201),(88772,2,211),(88773,2,221),(88774,2,231),(88782,2,305),(88783,2,306),(88784,2,307),(88785,2,308),(88786,2,309),(88787,2,310),(88788,2,311),(88789,2,312),(88797,2,261),(88798,2,262),(88799,2,263),(88800,2,264),(88801,2,265),(88802,2,266),(88803,2,267),(88804,2,268),(88805,2,269),(88806,2,270),(88812,3,62),(88813,3,61),(88814,3,205),(88815,3,206),(88819,3,241),(88820,3,242),(88821,3,243),(88822,3,244),(88823,3,245),(88824,3,246),(88825,3,247),(88826,3,248),(88827,3,249),(88828,3,250),(88829,3,251),(88830,3,252),(88831,3,253),(88832,3,254),(88833,3,255),(88834,3,256),(88835,3,257),(88836,3,258),(88837,3,259),(88838,3,260),(88839,3,299),(88840,3,300),(88841,3,301),(88842,3,302),(88843,3,303),(88844,3,304),(88850,3,202),(88851,3,212),(88852,3,222),(88853,3,232),(88854,3,201),(88855,3,211),(88856,3,221),(88857,3,231),(88865,3,305),(88866,3,306),(88867,3,307),(88868,3,308),(88869,3,309),(88870,3,310),(88871,3,311),(88872,3,312),(88880,3,261),(88881,3,262),(88882,3,263),(88883,3,264),(88884,3,265),(88885,3,266),(88886,3,267),(88887,3,268),(88888,3,269),(88889,3,270),(88895,4,64),(88896,4,63),(88897,4,205),(88898,4,206),(88902,4,241),(88903,4,242),(88904,4,243),(88905,4,244),(88906,4,245),(88907,4,246),(88908,4,247),(88909,4,248),(88910,4,249),(88911,4,250),(88912,4,251),(88913,4,252),(88914,4,253),(88915,4,254),(88916,4,255),(88917,4,256),(88918,4,257),(88919,4,258),(88920,4,259),(88921,4,260),(88922,4,299),(88923,4,300),(88924,4,301),(88925,4,302),(88926,4,303),(88927,4,304),(88933,4,202),(88934,4,212),(88935,4,222),(88936,4,232),(88937,4,201),(88938,4,211),(88939,4,221),(88940,4,231),(88948,4,305),(88949,4,306),(88950,4,307),(88951,4,308),(88952,4,309),(88953,4,310),(88954,4,311),(88955,4,312),(88963,4,261),(88964,4,262),(88965,4,263),(88966,4,264),(88967,4,265),(88968,4,266),(88969,4,267),(88970,4,268),(88971,4,269),(88972,4,270),(88978,5,66),(88979,5,65),(88980,5,205),(88981,5,206),(88985,5,241),(88986,5,242),(88987,5,243),(88988,5,244),(88989,5,245),(88990,5,246),(88991,5,247),(88992,5,248),(88993,5,249),(88994,5,250),(88995,5,251),(88996,5,252),(88997,5,253),(88998,5,254),(88999,5,255),(89000,5,256),(89001,5,257),(89002,5,258),(89003,5,259),(89004,5,260),(89005,5,299),(89006,5,300),(89007,5,301),(89008,5,302),(89009,5,303),(89010,5,304),(89016,5,202),(89017,5,212),(89018,5,222),(89019,5,232),(89020,5,201),(89021,5,211),(89022,5,221),(89023,5,231),(89031,5,305),(89032,5,306),(89033,5,307),(89034,5,308),(89035,5,309),(89036,5,310),(89037,5,311),(89038,5,312),(89046,5,261),(89047,5,262),(89048,5,263),(89049,5,264),(89050,5,265),(89051,5,266),(89052,5,267),(89053,5,268),(89054,5,269),(89055,5,270),(89056,6,58),(89057,6,57),(89058,6,205),(89059,6,206),(89063,6,241),(89064,6,242),(89065,6,243),(89066,6,244),(89067,6,245),(89068,6,246),(89069,6,247),(89070,6,248),(89071,6,249),(89072,6,250),(89073,6,251),(89074,6,252),(89075,6,253),(89076,6,254),(89077,6,255),(89078,6,256),(89079,6,257),(89080,6,258),(89081,6,259),(89082,6,260),(89083,6,299),(89084,6,300),(89085,6,301),(89086,6,302),(89087,6,303),(89088,6,304),(89094,6,202),(89095,6,212),(89096,6,222),(89097,6,232),(89098,6,201),(89099,6,211),(89100,6,221),(89101,6,231),(89109,6,305),(89110,6,306),(89111,6,307),(89112,6,308),(89113,6,309),(89114,6,310),(89115,6,311),(89116,6,312),(89124,6,261),(89125,6,262),(89126,6,263),(89127,6,264),(89128,6,265),(89129,6,266),(89130,6,267),(89131,6,268),(89132,6,269),(89133,6,270),(89139,7,60),(89140,7,59),(89141,7,205),(89142,7,206),(89146,7,241),(89147,7,242),(89148,7,243),(89149,7,244),(89150,7,245),(89151,7,246),(89152,7,247),(89153,7,248),(89154,7,249),(89155,7,250),(89156,7,251),(89157,7,252),(89158,7,253),(89159,7,254),(89160,7,255),(89161,7,256),(89162,7,257),(89163,7,258),(89164,7,259),(89165,7,260),(89166,7,299),(89167,7,300),(89168,7,301),(89169,7,302),(89170,7,303),(89171,7,304),(89177,7,202),(89178,7,212),(89179,7,222),(89180,7,232),(89181,7,201),(89182,7,211),(89183,7,221),(89184,7,231),(89192,7,305),(89193,7,306),(89194,7,307),(89195,7,308),(89196,7,309),(89197,7,310),(89198,7,311),(89199,7,312),(89207,7,261),(89208,7,262),(89209,7,263),(89210,7,264),(89211,7,265),(89212,7,266),(89213,7,267),(89214,7,268),(89215,7,269),(89216,7,270),(89222,8,62),(89223,8,61),(89224,8,205),(89225,8,206),(89229,8,241),(89230,8,242),(89231,8,243),(89232,8,244),(89233,8,245),(89234,8,246),(89235,8,247),(89236,8,248),(89237,8,249),(89238,8,250),(89239,8,251),(89240,8,252),(89241,8,253),(89242,8,254),(89243,8,255),(89244,8,256),(89245,8,257),(89246,8,258),(89247,8,259),(89248,8,260),(89249,8,299),(89250,8,300),(89251,8,301),(89252,8,302),(89253,8,303),(89254,8,304),(89260,8,202),(89261,8,212),(89262,8,222),(89263,8,232),(89264,8,201),(89265,8,211),(89266,8,221),(89267,8,231),(89275,8,305),(89276,8,306),(89277,8,307),(89278,8,308),(89279,8,309),(89280,8,310),(89281,8,311),(89282,8,312),(89290,8,261),(89291,8,262),(89292,8,263),(89293,8,264),(89294,8,265),(89295,8,266),(89296,8,267),(89297,8,268),(89298,8,269),(89299,8,270),(89305,9,64),(89306,9,63),(89307,9,205),(89308,9,206),(89312,9,241),(89313,9,242),(89314,9,243),(89315,9,244),(89316,9,245),(89317,9,246),(89318,9,247),(89319,9,248),(89320,9,249),(89321,9,250),(89322,9,251),(89323,9,252),(89324,9,253),(89325,9,254),(89326,9,255),(89327,9,256),(89328,9,257),(89329,9,258),(89330,9,259),(89331,9,260),(89332,9,299),(89333,9,300),(89334,9,301),(89335,9,302),(89336,9,303),(89337,9,304),(89343,9,202),(89344,9,212),(89345,9,222),(89346,9,232),(89347,9,201),(89348,9,211),(89349,9,221),(89350,9,231),(89358,9,305),(89359,9,306),(89360,9,307),(89361,9,308),(89362,9,309),(89363,9,310),(89364,9,311),(89365,9,312),(89373,9,261),(89374,9,262),(89375,9,263),(89376,9,264),(89377,9,265),(89378,9,266),(89379,9,267),(89380,9,268),(89381,9,269),(89382,9,270),(89388,10,66),(89389,10,65),(89390,10,205),(89391,10,206),(89395,10,241),(89396,10,242),(89397,10,243),(89398,10,244),(89399,10,245),(89400,10,246),(89401,10,247),(89402,10,248),(89403,10,249),(89404,10,250),(89405,10,251),(89406,10,252),(89407,10,253),(89408,10,254),(89409,10,255),(89410,10,256),(89411,10,257),(89412,10,258),(89413,10,259),(89414,10,260),(89415,10,299),(89416,10,300),(89417,10,301),(89418,10,302),(89419,10,303),(89420,10,304),(89426,10,202),(89427,10,212),(89428,10,222),(89429,10,232),(89430,10,201),(89431,10,211),(89432,10,221),(89433,10,231),(89441,10,305),(89442,10,306),(89443,10,307),(89444,10,308),(89445,10,309),(89446,10,310),(89447,10,311),(89448,10,312),(89456,10,261),(89457,10,262),(89458,10,263),(89459,10,264),(89460,10,265),(89461,10,266),(89462,10,267),(89463,10,268),(89464,10,269),(89465,10,270),(90451,21,58),(90452,21,57),(90453,21,205),(90454,21,206),(90458,21,241),(90459,21,242),(90460,21,243),(90461,21,244),(90462,21,245),(90463,21,246),(90464,21,247),(90465,21,248),(90466,21,249),(90467,21,250),(90468,21,251),(90469,21,252),(90470,21,253),(90471,21,254),(90472,21,255),(90473,21,256),(90474,21,257),(90475,21,258),(90476,21,259),(90477,21,260),(90478,21,299),(90479,21,300),(90480,21,301),(90481,21,302),(90482,21,303),(90483,21,304),(90489,21,202),(90490,21,212),(90491,21,222),(90492,21,232),(90493,21,201),(90494,21,211),(90495,21,221),(90496,21,231),(90504,21,305),(90505,21,306),(90506,21,307),(90507,21,308),(90508,21,309),(90509,21,310),(90510,21,311),(90511,21,312),(90519,21,279),(90520,21,280),(90521,21,281),(90522,21,282),(90523,21,283),(90524,21,284),(90525,21,285),(90526,21,286),(90527,21,287),(90528,21,288),(90529,21,289),(90530,21,290),(90534,21,261),(90535,21,262),(90536,21,263),(90537,21,264),(90538,21,265),(90539,21,266),(90540,21,267),(90541,21,268),(90542,21,269),(90543,21,270),(90549,22,68),(90550,22,67),(90551,22,205),(90552,22,206),(90556,22,241),(90557,22,242),(90558,22,243),(90559,22,244),(90560,22,245),(90561,22,246),(90562,22,247),(90563,22,248),(90564,22,249),(90565,22,250),(90566,22,251),(90567,22,252),(90568,22,253),(90569,22,254),(90570,22,255),(90571,22,256),(90572,22,257),(90573,22,258),(90574,22,259),(90575,22,260),(90576,22,299),(90577,22,300),(90578,22,301),(90579,22,302),(90580,22,303),(90581,22,304),(90587,22,202),(90588,22,212),(90589,22,222),(90590,22,232),(90591,22,201),(90592,22,211),(90593,22,221),(90594,22,231),(90602,22,305),(90603,22,306),(90604,22,307),(90605,22,308),(90606,22,309),(90607,22,310),(90608,22,311),(90609,22,312),(90617,22,279),(90618,22,280),(90619,22,281),(90620,22,282),(90621,22,283),(90622,22,284),(90623,22,285),(90624,22,286),(90625,22,287),(90626,22,288),(90627,22,289),(90628,22,290),(90632,22,261),(90633,22,262),(90634,22,263),(90635,22,264),(90636,22,265),(90637,22,266),(90638,22,267),(90639,22,268),(90640,22,269),(90641,22,270),(90647,23,78),(90648,23,77),(90649,23,215),(90650,23,216),(90654,23,241),(90655,23,242),(90656,23,243),(90657,23,244),(90658,23,245),(90659,23,246),(90660,23,247),(90661,23,248),(90662,23,249),(90663,23,250),(90664,23,251),(90665,23,252),(90666,23,253),(90667,23,254),(90668,23,255),(90669,23,256),(90670,23,257),(90671,23,258),(90672,23,259),(90673,23,260),(90674,23,299),(90675,23,300),(90676,23,301),(90677,23,302),(90678,23,303),(90679,23,304),(90685,23,202),(90686,23,212),(90687,23,222),(90688,23,232),(90689,23,201),(90690,23,211),(90691,23,221),(90692,23,231),(90700,23,305),(90701,23,306),(90702,23,307),(90703,23,308),(90704,23,309),(90705,23,310),(90706,23,311),(90707,23,312),(90715,23,279),(90716,23,280),(90717,23,281),(90718,23,282),(90719,23,283),(90720,23,284),(90721,23,285),(90722,23,286),(90723,23,287),(90724,23,288),(90725,23,289),(90726,23,290),(90730,23,261),(90731,23,262),(90732,23,263),(90733,23,264),(90734,23,265),(90735,23,266),(90736,23,267),(90737,23,268),(90738,23,269),(90739,23,270),(90745,24,88),(90746,24,87),(90747,24,225),(90748,24,226),(90752,24,241),(90753,24,242),(90754,24,243),(90755,24,244),(90756,24,245),(90757,24,246),(90758,24,247),(90759,24,248),(90760,24,249),(90761,24,250),(90762,24,251),(90763,24,252),(90764,24,253),(90765,24,254),(90766,24,255),(90767,24,256),(90768,24,257),(90769,24,258),(90770,24,259),(90771,24,260),(90772,24,299),(90773,24,300),(90774,24,301),(90775,24,302),(90776,24,303),(90777,24,304),(90783,24,202),(90784,24,212),(90785,24,222),(90786,24,232),(90787,24,201),(90788,24,211),(90789,24,221),(90790,24,231),(90798,24,305),(90799,24,306),(90800,24,307),(90801,24,308),(90802,24,309),(90803,24,310),(90804,24,311),(90805,24,312),(90813,24,279),(90814,24,280),(90815,24,281),(90816,24,282),(90817,24,283),(90818,24,284),(90819,24,285),(90820,24,286),(90821,24,287),(90822,24,288),(90823,24,289),(90824,24,290),(90828,24,261),(90829,24,262),(90830,24,263),(90831,24,264),(90832,24,265),(90833,24,266),(90834,24,267),(90835,24,268),(90836,24,269),(90837,24,270),(90843,25,98),(90844,25,97),(90845,25,235),(90846,25,236),(90850,25,241),(90851,25,242),(90852,25,243),(90853,25,244),(90854,25,245),(90855,25,246),(90856,25,247),(90857,25,248),(90858,25,249),(90859,25,250),(90860,25,251),(90861,25,252),(90862,25,253),(90863,25,254),(90864,25,255),(90865,25,256),(90866,25,257),(90867,25,258),(90868,25,259),(90869,25,260),(90870,25,299),(90871,25,300),(90872,25,301),(90873,25,302),(90874,25,303),(90875,25,304),(90881,25,202),(90882,25,212),(90883,25,222),(90884,25,232),(90885,25,201),(90886,25,211),(90887,25,221),(90888,25,231),(90896,25,305),(90897,25,306),(90898,25,307),(90899,25,308),(90900,25,309),(90901,25,310),(90902,25,311),(90903,25,312),(90911,25,279),(90912,25,280),(90913,25,281),(90914,25,282),(90915,25,283),(90916,25,284),(90917,25,285),(90918,25,286),(90919,25,287),(90920,25,288),(90921,25,289),(90922,25,290),(90926,25,261),(90927,25,262),(90928,25,263),(90929,25,264),(90930,25,265),(90931,25,266),(90932,25,267),(90933,25,268),(90934,25,269),(90935,25,270),(90941,26,108),(90942,26,107),(90943,26,207),(90944,26,208),(90948,26,241),(90949,26,242),(90950,26,243),(90951,26,244),(90952,26,245),(90953,26,246),(90954,26,247),(90955,26,248),(90956,26,249),(90957,26,250),(90958,26,251),(90959,26,252),(90960,26,253),(90961,26,254),(90962,26,255),(90963,26,256),(90964,26,257),(90965,26,258),(90966,26,259),(90967,26,260),(90968,26,299),(90969,26,300),(90970,26,301),(90971,26,302),(90972,26,303),(90973,26,304),(90979,26,202),(90980,26,212),(90981,26,222),(90982,26,232),(90983,26,201),(90984,26,211),(90985,26,221),(90986,26,231),(90994,26,305),(90995,26,306),(90996,26,307),(90997,26,308),(90998,26,309),(90999,26,310),(91000,26,311),(91001,26,312),(91009,26,279),(91010,26,280),(91011,26,281),(91012,26,282),(91013,26,283),(91014,26,284),(91015,26,285),(91016,26,286),(91017,26,287),(91018,26,288),(91019,26,289),(91020,26,290),(91024,26,261),(91025,26,262),(91026,26,263),(91027,26,264),(91028,26,265),(91029,26,266),(91030,26,267),(91031,26,268),(91032,26,269),(91033,26,270),(91039,27,118),(91040,27,117),(91041,27,207),(91042,27,208),(91046,27,241),(91047,27,242),(91048,27,243),(91049,27,244),(91050,27,245),(91051,27,246),(91052,27,247),(91053,27,248),(91054,27,249),(91055,27,250),(91056,27,251),(91057,27,252),(91058,27,253),(91059,27,254),(91060,27,255),(91061,27,256),(91062,27,257),(91063,27,258),(91064,27,259),(91065,27,260),(91066,27,299),(91067,27,300),(91068,27,301),(91069,27,302),(91070,27,303),(91071,27,304),(91077,27,202),(91078,27,212),(91079,27,222),(91080,27,232),(91081,27,201),(91082,27,211),(91083,27,221),(91084,27,231),(91092,27,305),(91093,27,306),(91094,27,307),(91095,27,308),(91096,27,309),(91097,27,310),(91098,27,311),(91099,27,312),(91107,27,279),(91108,27,280),(91109,27,281),(91110,27,282),(91111,27,283),(91112,27,284),(91113,27,285),(91114,27,286),(91115,27,287),(91116,27,288),(91117,27,289),(91118,27,290),(91122,27,261),(91123,27,262),(91124,27,263),(91125,27,264),(91126,27,265),(91127,27,266),(91128,27,267),(91129,27,268),(91130,27,269),(91131,27,270),(91137,28,128),(91138,28,127),(91139,28,217),(91140,28,218),(91144,28,241),(91145,28,242),(91146,28,243),(91147,28,244),(91148,28,245),(91149,28,246),(91150,28,247),(91151,28,248),(91152,28,249),(91153,28,250),(91154,28,251),(91155,28,252),(91156,28,253),(91157,28,254),(91158,28,255),(91159,28,256),(91160,28,257),(91161,28,258),(91162,28,259),(91163,28,260),(91164,28,299),(91165,28,300),(91166,28,301),(91167,28,302),(91168,28,303),(91169,28,304),(91175,28,202),(91176,28,212),(91177,28,222),(91178,28,232),(91179,28,201),(91180,28,211),(91181,28,221),(91182,28,231),(91190,28,305),(91191,28,306),(91192,28,307),(91193,28,308),(91194,28,309),(91195,28,310),(91196,28,311),(91197,28,312),(91205,28,279),(91206,28,280),(91207,28,281),(91208,28,282),(91209,28,283),(91210,28,284),(91211,28,285),(91212,28,286),(91213,28,287),(91214,28,288),(91215,28,289),(91216,28,290),(91220,28,261),(91221,28,262),(91222,28,263),(91223,28,264),(91224,28,265),(91225,28,266),(91226,28,267),(91227,28,268),(91228,28,269),(91229,28,270),(91235,29,138),(91236,29,137),(91237,29,227),(91238,29,228),(91242,29,241),(91243,29,242),(91244,29,243),(91245,29,244),(91246,29,245),(91247,29,246),(91248,29,247),(91249,29,248),(91250,29,249),(91251,29,250),(91252,29,251),(91253,29,252),(91254,29,253),(91255,29,254),(91256,29,255),(91257,29,256),(91258,29,257),(91259,29,258),(91260,29,259),(91261,29,260),(91262,29,299),(91263,29,300),(91264,29,301),(91265,29,302),(91266,29,303),(91267,29,304),(91273,29,202),(91274,29,212),(91275,29,222),(91276,29,232),(91277,29,201),(91278,29,211),(91279,29,221),(91280,29,231),(91288,29,305),(91289,29,306),(91290,29,307),(91291,29,308),(91292,29,309),(91293,29,310),(91294,29,311),(91295,29,312),(91303,29,279),(91304,29,280),(91305,29,281),(91306,29,282),(91307,29,283),(91308,29,284),(91309,29,285),(91310,29,286),(91311,29,287),(91312,29,288),(91313,29,289),(91314,29,290),(91318,29,261),(91319,29,262),(91320,29,263),(91321,29,264),(91322,29,265),(91323,29,266),(91324,29,267),(91325,29,268),(91326,29,269),(91327,29,270),(91333,30,148),(91334,30,147),(91335,30,237),(91336,30,238),(91340,30,241),(91341,30,242),(91342,30,243),(91343,30,244),(91344,30,245),(91345,30,246),(91346,30,247),(91347,30,248),(91348,30,249),(91349,30,250),(91350,30,251),(91351,30,252),(91352,30,253),(91353,30,254),(91354,30,255),(91355,30,256),(91356,30,257),(91357,30,258),(91358,30,259),(91359,30,260),(91360,30,299),(91361,30,300),(91362,30,301),(91363,30,302),(91364,30,303),(91365,30,304),(91371,30,202),(91372,30,212),(91373,30,222),(91374,30,232),(91375,30,201),(91376,30,211),(91377,30,221),(91378,30,231),(91386,30,305),(91387,30,306),(91388,30,307),(91389,30,308),(91390,30,309),(91391,30,310),(91392,30,311),(91393,30,312),(91401,30,279),(91402,30,280),(91403,30,281),(91404,30,282),(91405,30,283),(91406,30,284),(91407,30,285),(91408,30,286),(91409,30,287),(91410,30,288),(91411,30,289),(91412,30,290),(91416,30,261),(91417,30,262),(91418,30,263),(91419,30,264),(91420,30,265),(91421,30,266),(91422,30,267),(91423,30,268),(91424,30,269),(91425,30,270),(91431,31,80),(91432,31,79),(91433,31,215),(91434,31,216),(91438,31,241),(91439,31,242),(91440,31,243),(91441,31,244),(91442,31,245),(91443,31,246),(91444,31,247),(91445,31,248),(91446,31,249),(91447,31,250),(91448,31,251),(91449,31,252),(91450,31,253),(91451,31,254),(91452,31,255),(91453,31,256),(91454,31,257),(91455,31,258),(91456,31,259),(91457,31,260),(91458,31,299),(91459,31,300),(91460,31,301),(91461,31,302),(91462,31,303),(91463,31,304),(91469,31,202),(91470,31,212),(91471,31,222),(91472,31,232),(91473,31,201),(91474,31,211),(91475,31,221),(91476,31,231),(91484,31,305),(91485,31,306),(91486,31,307),(91487,31,308),(91488,31,309),(91489,31,310),(91490,31,311),(91491,31,312),(91499,31,271),(91500,31,272),(91501,31,273),(91502,31,274),(91503,31,275),(91504,31,276),(91505,31,277),(91506,31,278),(91514,31,261),(91515,31,262),(91516,31,263),(91517,31,264),(91518,31,265),(91519,31,266),(91520,31,267),(91521,31,268),(91522,31,269),(91523,31,270),(91529,32,84),(91530,32,83),(91531,32,225),(91532,32,226),(91536,32,241),(91537,32,242),(91538,32,243),(91539,32,244),(91540,32,245),(91541,32,246),(91542,32,247),(91543,32,248),(91544,32,249),(91545,32,250),(91546,32,251),(91547,32,252),(91548,32,253),(91549,32,254),(91550,32,255),(91551,32,256),(91552,32,257),(91553,32,258),(91554,32,259),(91555,32,260),(91556,32,299),(91557,32,300),(91558,32,301),(91559,32,302),(91560,32,303),(91561,32,304),(91567,32,202),(91568,32,212),(91569,32,222),(91570,32,232),(91571,32,201),(91572,32,211),(91573,32,221),(91574,32,231),(91582,32,305),(91583,32,306),(91584,32,307),(91585,32,308),(91586,32,309),(91587,32,310),(91588,32,311),(91589,32,312),(91597,32,271),(91598,32,272),(91599,32,273),(91600,32,274),(91601,32,275),(91602,32,276),(91603,32,277),(91604,32,278),(91612,32,261),(91613,32,262),(91614,32,263),(91615,32,264),(91616,32,265),(91617,32,266),(91618,32,267),(91619,32,268),(91620,32,269),(91621,32,270),(91627,33,88),(91628,33,87),(91629,33,225),(91630,33,226),(91634,33,241),(91635,33,242),(91636,33,243),(91637,33,244),(91638,33,245),(91639,33,246),(91640,33,247),(91641,33,248),(91642,33,249),(91643,33,250),(91644,33,251),(91645,33,252),(91646,33,253),(91647,33,254),(91648,33,255),(91649,33,256),(91650,33,257),(91651,33,258),(91652,33,259),(91653,33,260),(91654,33,299),(91655,33,300),(91656,33,301),(91657,33,302),(91658,33,303),(91659,33,304),(91665,33,202),(91666,33,212),(91667,33,222),(91668,33,232),(91669,33,201),(91670,33,211),(91671,33,221),(91672,33,231),(91680,33,305),(91681,33,306),(91682,33,307),(91683,33,308),(91684,33,309),(91685,33,310),(91686,33,311),(91687,33,312),(91695,33,271),(91696,33,272),(91697,33,273),(91698,33,274),(91699,33,275),(91700,33,276),(91701,33,277),(91702,33,278),(91710,33,261),(91711,33,262),(91712,33,263),(91713,33,264),(91714,33,265),(91715,33,266),(91716,33,267),(91717,33,268),(91718,33,269),(91719,33,270),(91725,34,92),(91726,34,91),(91727,34,235),(91728,34,236),(91732,34,241),(91733,34,242),(91734,34,243),(91735,34,244),(91736,34,245),(91737,34,246),(91738,34,247),(91739,34,248),(91740,34,249),(91741,34,250),(91742,34,251),(91743,34,252),(91744,34,253),(91745,34,254),(91746,34,255),(91747,34,256),(91748,34,257),(91749,34,258),(91750,34,259),(91751,34,260),(91752,34,299),(91753,34,300),(91754,34,301),(91755,34,302),(91756,34,303),(91757,34,304),(91763,34,202),(91764,34,212),(91765,34,222),(91766,34,232),(91767,34,201),(91768,34,211),(91769,34,221),(91770,34,231),(91778,34,305),(91779,34,306),(91780,34,307),(91781,34,308),(91782,34,309),(91783,34,310),(91784,34,311),(91785,34,312),(91793,34,271),(91794,34,272),(91795,34,273),(91796,34,274),(91797,34,275),(91798,34,276),(91799,34,277),(91800,34,278),(91808,34,261),(91809,34,262),(91810,34,263),(91811,34,264),(91812,34,265),(91813,34,266),(91814,34,267),(91815,34,268),(91816,34,269),(91817,34,270),(91823,35,96),(91824,35,95),(91825,35,235),(91826,35,236),(91830,35,241),(91831,35,242),(91832,35,243),(91833,35,244),(91834,35,245),(91835,35,246),(91836,35,247),(91837,35,248),(91838,35,249),(91839,35,250),(91840,35,251),(91841,35,252),(91842,35,253),(91843,35,254),(91844,35,255),(91845,35,256),(91846,35,257),(91847,35,258),(91848,35,259),(91849,35,260),(91850,35,299),(91851,35,300),(91852,35,301),(91853,35,302),(91854,35,303),(91855,35,304),(91861,35,202),(91862,35,212),(91863,35,222),(91864,35,232),(91865,35,201),(91866,35,211),(91867,35,221),(91868,35,231),(91876,35,305),(91877,35,306),(91878,35,307),(91879,35,308),(91880,35,309),(91881,35,310),(91882,35,311),(91883,35,312),(91891,35,271),(91892,35,272),(91893,35,273),(91894,35,274),(91895,35,275),(91896,35,276),(91897,35,277),(91898,35,278),(91906,35,261),(91907,35,262),(91908,35,263),(91909,35,264),(91910,35,265),(91911,35,266),(91912,35,267),(91913,35,268),(91914,35,269),(91915,35,270),(91921,36,100),(91922,36,99),(91923,36,235),(91924,36,236),(91928,36,241),(91929,36,242),(91930,36,243),(91931,36,244),(91932,36,245),(91933,36,246),(91934,36,247),(91935,36,248),(91936,36,249),(91937,36,250),(91938,36,251),(91939,36,252),(91940,36,253),(91941,36,254),(91942,36,255),(91943,36,256),(91944,36,257),(91945,36,258),(91946,36,259),(91947,36,260),(91948,36,299),(91949,36,300),(91950,36,301),(91951,36,302),(91952,36,303),(91953,36,304),(91959,36,202),(91960,36,212),(91961,36,222),(91962,36,232),(91963,36,201),(91964,36,211),(91965,36,221),(91966,36,231),(91974,36,305),(91975,36,306),(91976,36,307),(91977,36,308),(91978,36,309),(91979,36,310),(91980,36,311),(91981,36,312),(91989,36,271),(91990,36,272),(91991,36,273),(91992,36,274),(91993,36,275),(91994,36,276),(91995,36,277),(91996,36,278),(92004,36,261),(92005,36,262),(92006,36,263),(92007,36,264),(92008,36,265),(92009,36,266),(92010,36,267),(92011,36,268),(92012,36,269),(92013,36,270),(92019,37,104),(92020,37,103),(92021,37,207),(92022,37,208),(92026,37,241),(92027,37,242),(92028,37,243),(92029,37,244),(92030,37,245),(92031,37,246),(92032,37,247),(92033,37,248),(92034,37,249),(92035,37,250),(92036,37,251),(92037,37,252),(92038,37,253),(92039,37,254),(92040,37,255),(92041,37,256),(92042,37,257),(92043,37,258),(92044,37,259),(92045,37,260),(92046,37,299),(92047,37,300),(92048,37,301),(92049,37,302),(92050,37,303),(92051,37,304),(92057,37,202),(92058,37,212),(92059,37,222),(92060,37,232),(92061,37,201),(92062,37,211),(92063,37,221),(92064,37,231),(92072,37,305),(92073,37,306),(92074,37,307),(92075,37,308),(92076,37,309),(92077,37,310),(92078,37,311),(92079,37,312),(92087,37,271),(92088,37,272),(92089,37,273),(92090,37,274),(92091,37,275),(92092,37,276),(92093,37,277),(92094,37,278),(92102,37,261),(92103,37,262),(92104,37,263),(92105,37,264),(92106,37,265),(92107,37,266),(92108,37,267),(92109,37,268),(92110,37,269),(92111,37,270),(92117,38,108),(92118,38,107),(92119,38,207),(92120,38,208),(92124,38,241),(92125,38,242),(92126,38,243),(92127,38,244),(92128,38,245),(92129,38,246),(92130,38,247),(92131,38,248),(92132,38,249),(92133,38,250),(92134,38,251),(92135,38,252),(92136,38,253),(92137,38,254),(92138,38,255),(92139,38,256),(92140,38,257),(92141,38,258),(92142,38,259),(92143,38,260),(92144,38,299),(92145,38,300),(92146,38,301),(92147,38,302),(92148,38,303),(92149,38,304),(92155,38,202),(92156,38,212),(92157,38,222),(92158,38,232),(92159,38,201),(92160,38,211),(92161,38,221),(92162,38,231),(92170,38,305),(92171,38,306),(92172,38,307),(92173,38,308),(92174,38,309),(92175,38,310),(92176,38,311),(92177,38,312),(92185,38,271),(92186,38,272),(92187,38,273),(92188,38,274),(92189,38,275),(92190,38,276),(92191,38,277),(92192,38,278),(92200,38,261),(92201,38,262),(92202,38,263),(92203,38,264),(92204,38,265),(92205,38,266),(92206,38,267),(92207,38,268),(92208,38,269),(92209,38,270),(92215,39,112),(92216,39,111),(92217,39,207),(92218,39,208),(92222,39,241),(92223,39,242),(92224,39,243),(92225,39,244),(92226,39,245),(92227,39,246),(92228,39,247),(92229,39,248),(92230,39,249),(92231,39,250),(92232,39,251),(92233,39,252),(92234,39,253),(92235,39,254),(92236,39,255),(92237,39,256),(92238,39,257),(92239,39,258),(92240,39,259),(92241,39,260),(92242,39,299),(92243,39,300),(92244,39,301),(92245,39,302),(92246,39,303),(92247,39,304),(92253,39,202),(92254,39,212),(92255,39,222),(92256,39,232),(92257,39,201),(92258,39,211),(92259,39,221),(92260,39,231),(92268,39,305),(92269,39,306),(92270,39,307),(92271,39,308),(92272,39,309),(92273,39,310),(92274,39,311),(92275,39,312),(92283,39,271),(92284,39,272),(92285,39,273),(92286,39,274),(92287,39,275),(92288,39,276),(92289,39,277),(92290,39,278),(92298,39,261),(92299,39,262),(92300,39,263),(92301,39,264),(92302,39,265),(92303,39,266),(92304,39,267),(92305,39,268),(92306,39,269),(92307,39,270),(92313,40,116),(92314,40,115),(92315,40,207),(92316,40,208),(92320,40,241),(92321,40,242),(92322,40,243),(92323,40,244),(92324,40,245),(92325,40,246),(92326,40,247),(92327,40,248),(92328,40,249),(92329,40,250),(92330,40,251),(92331,40,252),(92332,40,253),(92333,40,254),(92334,40,255),(92335,40,256),(92336,40,257),(92337,40,258),(92338,40,259),(92339,40,260),(92340,40,299),(92341,40,300),(92342,40,301),(92343,40,302),(92344,40,303),(92345,40,304),(92351,40,202),(92352,40,212),(92353,40,222),(92354,40,232),(92355,40,201),(92356,40,211),(92357,40,221),(92358,40,231),(92366,40,305),(92367,40,306),(92368,40,307),(92369,40,308),(92370,40,309),(92371,40,310),(92372,40,311),(92373,40,312),(92381,40,271),(92382,40,272),(92383,40,273),(92384,40,274),(92385,40,275),(92386,40,276),(92387,40,277),(92388,40,278),(92396,40,261),(92397,40,262),(92398,40,263),(92399,40,264),(92400,40,265),(92401,40,266),(92402,40,267),(92403,40,268),(92404,40,269),(92405,40,270),(92411,41,4),(92412,41,3),(92413,41,203),(92414,41,204),(92418,41,241),(92419,41,242),(92420,41,243),(92421,41,244),(92422,41,245),(92423,41,246),(92424,41,247),(92425,41,248),(92426,41,249),(92427,41,250),(92428,41,251),(92429,41,252),(92430,41,253),(92431,41,254),(92432,41,255),(92433,41,256),(92434,41,257),(92435,41,258),(92436,41,259),(92437,41,260),(92438,41,299),(92439,41,300),(92440,41,301),(92441,41,302),(92442,41,303),(92443,41,304),(92449,41,202),(92450,41,212),(92451,41,222),(92452,41,232),(92453,41,201),(92454,41,211),(92455,41,221),(92456,41,231),(92464,41,305),(92465,41,306),(92466,41,307),(92467,41,308),(92468,41,309),(92469,41,310),(92470,41,311),(92471,41,312),(92479,41,279),(92480,41,280),(92481,41,281),(92482,41,282),(92483,41,283),(92484,41,284),(92485,41,285),(92486,41,286),(92487,41,287),(92488,41,288),(92489,41,289),(92490,41,290),(92494,42,80),(92495,42,79),(92496,42,215),(92497,42,216),(92501,42,241),(92502,42,242),(92503,42,243),(92504,42,244),(92505,42,245),(92506,42,246),(92507,42,247),(92508,42,248),(92509,42,249),(92510,42,250),(92511,42,251),(92512,42,252),(92513,42,253),(92514,42,254),(92515,42,255),(92516,42,256),(92517,42,257),(92518,42,258),(92519,42,259),(92520,42,260),(92521,42,299),(92522,42,300),(92523,42,301),(92524,42,302),(92525,42,303),(92526,42,304),(92532,42,202),(92533,42,212),(92534,42,222),(92535,42,232),(92536,42,201),(92537,42,211),(92538,42,221),(92539,42,231),(92547,42,305),(92548,42,306),(92549,42,307),(92550,42,308),(92551,42,309),(92552,42,310),(92553,42,311),(92554,42,312),(92562,42,271),(92563,42,272),(92564,42,273),(92565,42,274),(92566,42,275),(92567,42,276),(92568,42,277),(92569,42,278),(92577,42,261),(92578,42,262),(92579,42,263),(92580,42,264),(92581,42,265),(92582,42,266),(92583,42,267),(92584,42,268),(92585,42,269),(92586,42,270),(92592,43,84),(92593,43,83),(92594,43,225),(92595,43,226),(92599,43,241),(92600,43,242),(92601,43,243),(92602,43,244),(92603,43,245),(92604,43,246),(92605,43,247),(92606,43,248),(92607,43,249),(92608,43,250),(92609,43,251),(92610,43,252),(92611,43,253),(92612,43,254),(92613,43,255),(92614,43,256),(92615,43,257),(92616,43,258),(92617,43,259),(92618,43,260),(92619,43,299),(92620,43,300),(92621,43,301),(92622,43,302),(92623,43,303),(92624,43,304),(92630,43,202),(92631,43,212),(92632,43,222),(92633,43,232),(92634,43,201),(92635,43,211),(92636,43,221),(92637,43,231),(92645,43,305),(92646,43,306),(92647,43,307),(92648,43,308),(92649,43,309),(92650,43,310),(92651,43,311),(92652,43,312),(92660,43,271),(92661,43,272),(92662,43,273),(92663,43,274),(92664,43,275),(92665,43,276),(92666,43,277),(92667,43,278),(92675,43,261),(92676,43,262),(92677,43,263),(92678,43,264),(92679,43,265),(92680,43,266),(92681,43,267),(92682,43,268),(92683,43,269),(92684,43,270),(92690,44,88),(92691,44,87),(92692,44,225),(92693,44,226),(92697,44,241),(92698,44,242),(92699,44,243),(92700,44,244),(92701,44,245),(92702,44,246),(92703,44,247),(92704,44,248),(92705,44,249),(92706,44,250),(92707,44,251),(92708,44,252),(92709,44,253),(92710,44,254),(92711,44,255),(92712,44,256),(92713,44,257),(92714,44,258),(92715,44,259),(92716,44,260),(92717,44,299),(92718,44,300),(92719,44,301),(92720,44,302),(92721,44,303),(92722,44,304),(92728,44,202),(92729,44,212),(92730,44,222),(92731,44,232),(92732,44,201),(92733,44,211),(92734,44,221),(92735,44,231),(92743,44,305),(92744,44,306),(92745,44,307),(92746,44,308),(92747,44,309),(92748,44,310),(92749,44,311),(92750,44,312),(92758,44,271),(92759,44,272),(92760,44,273),(92761,44,274),(92762,44,275),(92763,44,276),(92764,44,277),(92765,44,278),(92773,44,261),(92774,44,262),(92775,44,263),(92776,44,264),(92777,44,265),(92778,44,266),(92779,44,267),(92780,44,268),(92781,44,269),(92782,44,270),(92788,45,92),(92789,45,91),(92790,45,235),(92791,45,236),(92795,45,241),(92796,45,242),(92797,45,243),(92798,45,244),(92799,45,245),(92800,45,246),(92801,45,247),(92802,45,248),(92803,45,249),(92804,45,250),(92805,45,251),(92806,45,252),(92807,45,253),(92808,45,254),(92809,45,255),(92810,45,256),(92811,45,257),(92812,45,258),(92813,45,259),(92814,45,260),(92815,45,299),(92816,45,300),(92817,45,301),(92818,45,302),(92819,45,303),(92820,45,304),(92826,45,202),(92827,45,212),(92828,45,222),(92829,45,232),(92830,45,201),(92831,45,211),(92832,45,221),(92833,45,231),(92841,45,305),(92842,45,306),(92843,45,307),(92844,45,308),(92845,45,309),(92846,45,310),(92847,45,311),(92848,45,312),(92856,45,271),(92857,45,272),(92858,45,273),(92859,45,274),(92860,45,275),(92861,45,276),(92862,45,277),(92863,45,278),(92871,45,261),(92872,45,262),(92873,45,263),(92874,45,264),(92875,45,265),(92876,45,266),(92877,45,267),(92878,45,268),(92879,45,269),(92880,45,270),(92886,46,96),(92887,46,95),(92888,46,235),(92889,46,236),(92893,46,241),(92894,46,242),(92895,46,243),(92896,46,244),(92897,46,245),(92898,46,246),(92899,46,247),(92900,46,248),(92901,46,249),(92902,46,250),(92903,46,251),(92904,46,252),(92905,46,253),(92906,46,254),(92907,46,255),(92908,46,256),(92909,46,257),(92910,46,258),(92911,46,259),(92912,46,260),(92913,46,299),(92914,46,300),(92915,46,301),(92916,46,302),(92917,46,303),(92918,46,304),(92924,46,202),(92925,46,212),(92926,46,222),(92927,46,232),(92928,46,201),(92929,46,211),(92930,46,221),(92931,46,231),(92939,46,305),(92940,46,306),(92941,46,307),(92942,46,308),(92943,46,309),(92944,46,310),(92945,46,311),(92946,46,312),(92954,46,271),(92955,46,272),(92956,46,273),(92957,46,274),(92958,46,275),(92959,46,276),(92960,46,277),(92961,46,278),(92969,46,261),(92970,46,262),(92971,46,263),(92972,46,264),(92973,46,265),(92974,46,266),(92975,46,267),(92976,46,268),(92977,46,269),(92978,46,270),(92984,47,100),(92985,47,99),(92986,47,235),(92987,47,236),(92991,47,241),(92992,47,242),(92993,47,243),(92994,47,244),(92995,47,245),(92996,47,246),(92997,47,247),(92998,47,248),(92999,47,249),(93000,47,250),(93001,47,251),(93002,47,252),(93003,47,253),(93004,47,254),(93005,47,255),(93006,47,256),(93007,47,257),(93008,47,258),(93009,47,259),(93010,47,260),(93011,47,299),(93012,47,300),(93013,47,301),(93014,47,302),(93015,47,303),(93016,47,304),(93022,47,202),(93023,47,212),(93024,47,222),(93025,47,232),(93026,47,201),(93027,47,211),(93028,47,221),(93029,47,231),(93037,47,305),(93038,47,306),(93039,47,307),(93040,47,308),(93041,47,309),(93042,47,310),(93043,47,311),(93044,47,312),(93052,47,271),(93053,47,272),(93054,47,273),(93055,47,274),(93056,47,275),(93057,47,276),(93058,47,277),(93059,47,278),(93067,47,261),(93068,47,262),(93069,47,263),(93070,47,264),(93071,47,265),(93072,47,266),(93073,47,267),(93074,47,268),(93075,47,269),(93076,47,270),(93082,48,104),(93083,48,103),(93084,48,207),(93085,48,208),(93089,48,241),(93090,48,242),(93091,48,243),(93092,48,244),(93093,48,245),(93094,48,246),(93095,48,247),(93096,48,248),(93097,48,249),(93098,48,250),(93099,48,251),(93100,48,252),(93101,48,253),(93102,48,254),(93103,48,255),(93104,48,256),(93105,48,257),(93106,48,258),(93107,48,259),(93108,48,260),(93109,48,299),(93110,48,300),(93111,48,301),(93112,48,302),(93113,48,303),(93114,48,304),(93120,48,202),(93121,48,212),(93122,48,222),(93123,48,232),(93124,48,201),(93125,48,211),(93126,48,221),(93127,48,231),(93135,48,305),(93136,48,306),(93137,48,307),(93138,48,308),(93139,48,309),(93140,48,310),(93141,48,311),(93142,48,312),(93150,48,271),(93151,48,272),(93152,48,273),(93153,48,274),(93154,48,275),(93155,48,276),(93156,48,277),(93157,48,278),(93165,48,261),(93166,48,262),(93167,48,263),(93168,48,264),(93169,48,265),(93170,48,266),(93171,48,267),(93172,48,268),(93173,48,269),(93174,48,270),(93180,49,108),(93181,49,107),(93182,49,207),(93183,49,208),(93187,49,241),(93188,49,242),(93189,49,243),(93190,49,244),(93191,49,245),(93192,49,246),(93193,49,247),(93194,49,248),(93195,49,249),(93196,49,250),(93197,49,251),(93198,49,252),(93199,49,253),(93200,49,254),(93201,49,255),(93202,49,256),(93203,49,257),(93204,49,258),(93205,49,259),(93206,49,260),(93207,49,299),(93208,49,300),(93209,49,301),(93210,49,302),(93211,49,303),(93212,49,304),(93218,49,202),(93219,49,212),(93220,49,222),(93221,49,232),(93222,49,201),(93223,49,211),(93224,49,221),(93225,49,231),(93233,49,305),(93234,49,306),(93235,49,307),(93236,49,308),(93237,49,309),(93238,49,310),(93239,49,311),(93240,49,312),(93248,49,271),(93249,49,272),(93250,49,273),(93251,49,274),(93252,49,275),(93253,49,276),(93254,49,277),(93255,49,278),(93263,49,261),(93264,49,262),(93265,49,263),(93266,49,264),(93267,49,265),(93268,49,266),(93269,49,267),(93270,49,268),(93271,49,269),(93272,49,270),(93278,50,112),(93279,50,111),(93280,50,207),(93281,50,208),(93285,50,241),(93286,50,242),(93287,50,243),(93288,50,244),(93289,50,245),(93290,50,246),(93291,50,247),(93292,50,248),(93293,50,249),(93294,50,250),(93295,50,251),(93296,50,252),(93297,50,253),(93298,50,254),(93299,50,255),(93300,50,256),(93301,50,257),(93302,50,258),(93303,50,259),(93304,50,260),(93305,50,299),(93306,50,300),(93307,50,301),(93308,50,302),(93309,50,303),(93310,50,304),(93316,50,202),(93317,50,212),(93318,50,222),(93319,50,232),(93320,50,201),(93321,50,211),(93322,50,221),(93323,50,231),(93331,50,305),(93332,50,306),(93333,50,307),(93334,50,308),(93335,50,309),(93336,50,310),(93337,50,311),(93338,50,312),(93346,50,271),(93347,50,272),(93348,50,273),(93349,50,274),(93350,50,275),(93351,50,276),(93352,50,277),(93353,50,278),(93361,50,261),(93362,50,262),(93363,50,263),(93364,50,264),(93365,50,265),(93366,50,266),(93367,50,267),(93368,50,268),(93369,50,269),(93370,50,270),(93376,51,116),(93377,51,115),(93378,51,207),(93379,51,208),(93383,51,241),(93384,51,242),(93385,51,243),(93386,51,244),(93387,51,245),(93388,51,246),(93389,51,247),(93390,51,248),(93391,51,249),(93392,51,250),(93393,51,251),(93394,51,252),(93395,51,253),(93396,51,254),(93397,51,255),(93398,51,256),(93399,51,257),(93400,51,258),(93401,51,259),(93402,51,260),(93403,51,299),(93404,51,300),(93405,51,301),(93406,51,302),(93407,51,303),(93408,51,304),(93414,51,202),(93415,51,212),(93416,51,222),(93417,51,232),(93418,51,201),(93419,51,211),(93420,51,221),(93421,51,231),(93429,51,305),(93430,51,306),(93431,51,307),(93432,51,308),(93433,51,309),(93434,51,310),(93435,51,311),(93436,51,312),(93444,51,271),(93445,51,272),(93446,51,273),(93447,51,274),(93448,51,275),(93449,51,276),(93450,51,277),(93451,51,278),(93459,51,261),(93460,51,262),(93461,51,263),(93462,51,264),(93463,51,265),(93464,51,266),(93465,51,267),(93466,51,268),(93467,51,269),(93468,51,270),(93474,52,120),(93475,52,119),(93476,52,207),(93477,52,208),(93481,52,241),(93482,52,242),(93483,52,243),(93484,52,244),(93485,52,245),(93486,52,246),(93487,52,247),(93488,52,248),(93489,52,249),(93490,52,250),(93491,52,251),(93492,52,252),(93493,52,253),(93494,52,254),(93495,52,255),(93496,52,256),(93497,52,257),(93498,52,258),(93499,52,259),(93500,52,260),(93501,52,299),(93502,52,300),(93503,52,301),(93504,52,302),(93505,52,303),(93506,52,304),(93512,52,202),(93513,52,212),(93514,52,222),(93515,52,232),(93516,52,201),(93517,52,211),(93518,52,221),(93519,52,231),(93527,52,305),(93528,52,306),(93529,52,307),(93530,52,308),(93531,52,309),(93532,52,310),(93533,52,311),(93534,52,312),(93542,52,271),(93543,52,272),(93544,52,273),(93545,52,274),(93546,52,275),(93547,52,276),(93548,52,277),(93549,52,278),(93557,52,261),(93558,52,262),(93559,52,263),(93560,52,264),(93561,52,265),(93562,52,266),(93563,52,267),(93564,52,268),(93565,52,269),(93566,52,270),(93572,53,124),(93573,53,123),(93574,53,217),(93575,53,218),(93579,53,241),(93580,53,242),(93581,53,243),(93582,53,244),(93583,53,245),(93584,53,246),(93585,53,247),(93586,53,248),(93587,53,249),(93588,53,250),(93589,53,251),(93590,53,252),(93591,53,253),(93592,53,254),(93593,53,255),(93594,53,256),(93595,53,257),(93596,53,258),(93597,53,259),(93598,53,260),(93599,53,299),(93600,53,300),(93601,53,301),(93602,53,302),(93603,53,303),(93604,53,304),(93610,53,202),(93611,53,212),(93612,53,222),(93613,53,232),(93614,53,201),(93615,53,211),(93616,53,221),(93617,53,231),(93625,53,305),(93626,53,306),(93627,53,307),(93628,53,308),(93629,53,309),(93630,53,310),(93631,53,311),(93632,53,312),(93640,53,271),(93641,53,272),(93642,53,273),(93643,53,274),(93644,53,275),(93645,53,276),(93646,53,277),(93647,53,278),(93655,53,261),(93656,53,262),(93657,53,263),(93658,53,264),(93659,53,265),(93660,53,266),(93661,53,267),(93662,53,268),(93663,53,269),(93664,53,270),(93670,54,128),(93671,54,127),(93672,54,217),(93673,54,218),(93677,54,241),(93678,54,242),(93679,54,243),(93680,54,244),(93681,54,245),(93682,54,246),(93683,54,247),(93684,54,248),(93685,54,249),(93686,54,250),(93687,54,251),(93688,54,252),(93689,54,253),(93690,54,254),(93691,54,255),(93692,54,256),(93693,54,257),(93694,54,258),(93695,54,259),(93696,54,260),(93697,54,299),(93698,54,300),(93699,54,301),(93700,54,302),(93701,54,303),(93702,54,304),(93708,54,202),(93709,54,212),(93710,54,222),(93711,54,232),(93712,54,201),(93713,54,211),(93714,54,221),(93715,54,231),(93723,54,305),(93724,54,306),(93725,54,307),(93726,54,308),(93727,54,309),(93728,54,310),(93729,54,311),(93730,54,312),(93738,54,271),(93739,54,272),(93740,54,273),(93741,54,274),(93742,54,275),(93743,54,276),(93744,54,277),(93745,54,278),(93753,54,261),(93754,54,262),(93755,54,263),(93756,54,264),(93757,54,265),(93758,54,266),(93759,54,267),(93760,54,268),(93761,54,269),(93762,54,270),(93768,55,132),(93769,55,131),(93770,55,227),(93771,55,228),(93775,55,241),(93776,55,242),(93777,55,243),(93778,55,244),(93779,55,245),(93780,55,246),(93781,55,247),(93782,55,248),(93783,55,249),(93784,55,250),(93785,55,251),(93786,55,252),(93787,55,253),(93788,55,254),(93789,55,255),(93790,55,256),(93791,55,257),(93792,55,258),(93793,55,259),(93794,55,260),(93795,55,299),(93796,55,300),(93797,55,301),(93798,55,302),(93799,55,303),(93800,55,304),(93806,55,202),(93807,55,212),(93808,55,222),(93809,55,232),(93810,55,201),(93811,55,211),(93812,55,221),(93813,55,231),(93821,55,305),(93822,55,306),(93823,55,307),(93824,55,308),(93825,55,309),(93826,55,310),(93827,55,311),(93828,55,312),(93836,55,271),(93837,55,272),(93838,55,273),(93839,55,274),(93840,55,275),(93841,55,276),(93842,55,277),(93843,55,278),(93851,55,261),(93852,55,262),(93853,55,263),(93854,55,264),(93855,55,265),(93856,55,266),(93857,55,267),(93858,55,268),(93859,55,269),(93860,55,270),(93866,56,136),(93867,56,135),(93868,56,227),(93869,56,228),(93873,56,241),(93874,56,242),(93875,56,243),(93876,56,244),(93877,56,245),(93878,56,246),(93879,56,247),(93880,56,248),(93881,56,249),(93882,56,250),(93883,56,251),(93884,56,252),(93885,56,253),(93886,56,254),(93887,56,255),(93888,56,256),(93889,56,257),(93890,56,258),(93891,56,259),(93892,56,260),(93893,56,299),(93894,56,300),(93895,56,301),(93896,56,302),(93897,56,303),(93898,56,304),(93904,56,202),(93905,56,212),(93906,56,222),(93907,56,232),(93908,56,201),(93909,56,211),(93910,56,221),(93911,56,231),(93919,56,305),(93920,56,306),(93921,56,307),(93922,56,308),(93923,56,309),(93924,56,310),(93925,56,311),(93926,56,312),(93934,56,271),(93935,56,272),(93936,56,273),(93937,56,274),(93938,56,275),(93939,56,276),(93940,56,277),(93941,56,278),(93949,56,261),(93950,56,262),(93951,56,263),(93952,56,264),(93953,56,265),(93954,56,266),(93955,56,267),(93956,56,268),(93957,56,269),(93958,56,270),(93964,57,140),(93965,57,139),(93966,57,227),(93967,57,228),(93971,57,241),(93972,57,242),(93973,57,243),(93974,57,244),(93975,57,245),(93976,57,246),(93977,57,247),(93978,57,248),(93979,57,249),(93980,57,250),(93981,57,251),(93982,57,252),(93983,57,253),(93984,57,254),(93985,57,255),(93986,57,256),(93987,57,257),(93988,57,258),(93989,57,259),(93990,57,260),(93991,57,299),(93992,57,300),(93993,57,301),(93994,57,302),(93995,57,303),(93996,57,304),(94002,57,202),(94003,57,212),(94004,57,222),(94005,57,232),(94006,57,201),(94007,57,211),(94008,57,221),(94009,57,231),(94017,57,305),(94018,57,306),(94019,57,307),(94020,57,308),(94021,57,309),(94022,57,310),(94023,57,311),(94024,57,312),(94032,57,271),(94033,57,272),(94034,57,273),(94035,57,274),(94036,57,275),(94037,57,276),(94038,57,277),(94039,57,278),(94047,57,261),(94048,57,262),(94049,57,263),(94050,57,264),(94051,57,265),(94052,57,266),(94053,57,267),(94054,57,268),(94055,57,269),(94056,57,270),(94062,58,144),(94063,58,143),(94064,58,237),(94065,58,238),(94069,58,241),(94070,58,242),(94071,58,243),(94072,58,244),(94073,58,245),(94074,58,246),(94075,58,247),(94076,58,248),(94077,58,249),(94078,58,250),(94079,58,251),(94080,58,252),(94081,58,253),(94082,58,254),(94083,58,255),(94084,58,256),(94085,58,257),(94086,58,258),(94087,58,259),(94088,58,260),(94089,58,299),(94090,58,300),(94091,58,301),(94092,58,302),(94093,58,303),(94094,58,304),(94100,58,202),(94101,58,212),(94102,58,222),(94103,58,232),(94104,58,201),(94105,58,211),(94106,58,221),(94107,58,231),(94115,58,305),(94116,58,306),(94117,58,307),(94118,58,308),(94119,58,309),(94120,58,310),(94121,58,311),(94122,58,312),(94130,58,271),(94131,58,272),(94132,58,273),(94133,58,274),(94134,58,275),(94135,58,276),(94136,58,277),(94137,58,278),(94145,58,261),(94146,58,262),(94147,58,263),(94148,58,264),(94149,58,265),(94150,58,266),(94151,58,267),(94152,58,268),(94153,58,269),(94154,58,270),(94160,59,148),(94161,59,147),(94162,59,237),(94163,59,238),(94167,59,241),(94168,59,242),(94169,59,243),(94170,59,244),(94171,59,245),(94172,59,246),(94173,59,247),(94174,59,248),(94175,59,249),(94176,59,250),(94177,59,251),(94178,59,252),(94179,59,253),(94180,59,254),(94181,59,255),(94182,59,256),(94183,59,257),(94184,59,258),(94185,59,259),(94186,59,260),(94187,59,299),(94188,59,300),(94189,59,301),(94190,59,302),(94191,59,303),(94192,59,304),(94198,59,202),(94199,59,212),(94200,59,222),(94201,59,232),(94202,59,201),(94203,59,211),(94204,59,221),(94205,59,231),(94213,59,305),(94214,59,306),(94215,59,307),(94216,59,308),(94217,59,309),(94218,59,310),(94219,59,311),(94220,59,312),(94228,59,271),(94229,59,272),(94230,59,273),(94231,59,274),(94232,59,275),(94233,59,276),(94234,59,277),(94235,59,278),(94243,59,261),(94244,59,262),(94245,59,263),(94246,59,264),(94247,59,265),(94248,59,266),(94249,59,267),(94250,59,268),(94251,59,269),(94252,59,270),(94258,60,152),(94259,60,151),(94260,60,209),(94261,60,210),(94265,60,241),(94266,60,242),(94267,60,243),(94268,60,244),(94269,60,245),(94270,60,246),(94271,60,247),(94272,60,248),(94273,60,249),(94274,60,250),(94275,60,251),(94276,60,252),(94277,60,253),(94278,60,254),(94279,60,255),(94280,60,256),(94281,60,257),(94282,60,258),(94283,60,259),(94284,60,260),(94285,60,299),(94286,60,300),(94287,60,301),(94288,60,302),(94289,60,303),(94290,60,304),(94296,60,202),(94297,60,212),(94298,60,222),(94299,60,232),(94300,60,201),(94301,60,211),(94302,60,221),(94303,60,231),(94311,60,305),(94312,60,306),(94313,60,307),(94314,60,308),(94315,60,309),(94316,60,310),(94317,60,311),(94318,60,312),(94326,60,271),(94327,60,272),(94328,60,273),(94329,60,274),(94330,60,275),(94331,60,276),(94332,60,277),(94333,60,278),(94341,60,261),(94342,60,262),(94343,60,263),(94344,60,264),(94345,60,265),(94346,60,266),(94347,60,267),(94348,60,268),(94349,60,269),(94350,60,270),(94356,61,156),(94357,61,155),(94358,61,209),(94359,61,210),(94363,61,241),(94364,61,242),(94365,61,243),(94366,61,244),(94367,61,245),(94368,61,246),(94369,61,247),(94370,61,248),(94371,61,249),(94372,61,250),(94373,61,251),(94374,61,252),(94375,61,253),(94376,61,254),(94377,61,255),(94378,61,256),(94379,61,257),(94380,61,258),(94381,61,259),(94382,61,260),(94383,61,299),(94384,61,300),(94385,61,301),(94386,61,302),(94387,61,303),(94388,61,304),(94394,61,202),(94395,61,212),(94396,61,222),(94397,61,232),(94398,61,201),(94399,61,211),(94400,61,221),(94401,61,231),(94409,61,305),(94410,61,306),(94411,61,307),(94412,61,308),(94413,61,309),(94414,61,310),(94415,61,311),(94416,61,312),(94424,61,271),(94425,61,272),(94426,61,273),(94427,61,274),(94428,61,275),(94429,61,276),(94430,61,277),(94431,61,278),(94439,61,261),(94440,61,262),(94441,61,263),(94442,61,264),(94443,61,265),(94444,61,266),(94445,61,267),(94446,61,268),(94447,61,269),(94448,61,270),(94454,62,26),(94455,62,25),(94456,62,213),(94457,62,214),(94461,62,241),(94462,62,242),(94463,62,243),(94464,62,244),(94465,62,245),(94466,62,246),(94467,62,247),(94468,62,248),(94469,62,249),(94470,62,250),(94471,62,251),(94472,62,252),(94473,62,253),(94474,62,254),(94475,62,255),(94476,62,256),(94477,62,257),(94478,62,258),(94479,62,259),(94480,62,260),(94481,62,299),(94482,62,300),(94483,62,301),(94484,62,302),(94485,62,303),(94486,62,304),(94492,62,202),(94493,62,212),(94494,62,222),(94495,62,232),(94496,62,201),(94497,62,211),(94498,62,221),(94499,62,231),(94507,62,305),(94508,62,306),(94509,62,307),(94510,62,308),(94511,62,309),(94512,62,310),(94513,62,311),(94514,62,312),(94522,62,279),(94523,62,280),(94524,62,281),(94525,62,282),(94526,62,283),(94527,62,284),(94528,62,285),(94529,62,286),(94530,62,287),(94531,62,288),(94532,62,289),(94533,62,290),(94537,21,271),(94538,21,272),(94539,21,273),(94540,21,274),(94541,21,275),(94542,21,276),(94543,21,277),(94544,21,278),(94545,21,291),(94546,21,292),(94547,21,293),(94548,21,294),(94549,21,295),(94550,21,296),(94551,21,297),(94552,21,298),(94568,63,198),(94569,63,197),(94570,63,239),(94571,63,240),(94575,63,241),(94576,63,242),(94577,63,243),(94578,63,244),(94579,63,245),(94580,63,246),(94581,63,247),(94582,63,248),(94583,63,249),(94584,63,250),(94585,63,251),(94586,63,252),(94587,63,253),(94588,63,254),(94589,63,255),(94590,63,256),(94591,63,257),(94592,63,258),(94593,63,259),(94594,63,260),(94595,63,299),(94596,63,300),(94597,63,301),(94598,63,302),(94599,63,303),(94600,63,304),(94606,63,202),(94607,63,212),(94608,63,222),(94609,63,232),(94610,63,201),(94611,63,211),(94612,63,221),(94613,63,231),(94621,63,305),(94622,63,306),(94623,63,307),(94624,63,308),(94625,63,309),(94626,63,310),(94627,63,311),(94628,63,312),(94636,62,271),(94637,62,272),(94638,62,273),(94639,62,274),(94640,62,275),(94641,62,276),(94642,62,277),(94643,62,278),(94644,62,291),(94645,62,292),(94646,62,293),(94647,62,294),(94648,62,295),(94649,62,296),(94650,62,297),(94651,62,298),(94667,42,279),(94668,42,280),(94669,42,281),(94670,42,282),(94671,42,283),(94672,42,284),(94673,42,285),(94674,42,286),(94675,42,287),(94676,42,288),(94677,42,289),(94678,42,290),(94679,42,291),(94680,42,292),(94681,42,293),(94682,42,294),(94683,42,295),(94684,42,296),(94685,42,297),(94686,42,298),(94698,64,116),(94699,64,115),(94700,64,207),(94701,64,208),(94705,64,241),(94706,64,242),(94707,64,243),(94708,64,244),(94709,64,245),(94710,64,246),(94711,64,247),(94712,64,248),(94713,64,249),(94714,64,250),(94715,64,251),(94716,64,252),(94717,64,253),(94718,64,254),(94719,64,255),(94720,64,256),(94721,64,257),(94722,64,258),(94723,64,259),(94724,64,260),(94725,64,299),(94726,64,300),(94727,64,301),(94728,64,302),(94729,64,303),(94730,64,304),(94736,64,202),(94737,64,212),(94738,64,222),(94739,64,232),(94740,64,201),(94741,64,211),(94742,64,221),(94743,64,231),(94751,64,305),(94752,64,306),(94753,64,307),(94754,64,308),(94755,64,309),(94756,64,310),(94757,64,311),(94758,64,312),(94759,63,271),(94760,63,272),(94761,63,273),(94762,63,274),(94763,63,275),(94764,63,276),(94765,63,277),(94766,63,278),(94774,65,8),(94775,65,7),(94776,65,203),(94777,65,204),(94781,65,241),(94782,65,242),(94783,65,243),(94784,65,244),(94785,65,245),(94786,65,246),(94787,65,247),(94788,65,248),(94789,65,249),(94790,65,250),(94791,65,251),(94792,65,252),(94793,65,253),(94794,65,254),(94795,65,255),(94796,65,256),(94797,65,257),(94798,65,258),(94799,65,259),(94800,65,260),(94801,65,299),(94802,65,300),(94803,65,301),(94804,65,302),(94805,65,303),(94806,65,304),(94812,65,202),(94813,65,212),(94814,65,222),(94815,65,232),(94816,65,201),(94817,65,211),(94818,65,221),(94819,65,231),(94827,65,305),(94828,65,306),(94829,65,307),(94830,65,308),(94831,65,309),(94832,65,310),(94833,65,311),(94834,65,312);
/*!40000 ALTER TABLE `ApprovedEntries` ENABLE KEYS */;
UNLOCK TABLES;

--
-- Temporary table structure for view `ChargesInfo`
--

DROP TABLE IF EXISTS `ChargesInfo`;
/*!50001 DROP VIEW IF EXISTS `ChargesInfo`*/;
SET @saved_cs_client     = @@character_set_client;
SET character_set_client = utf8;
/*!50001 CREATE VIEW `ChargesInfo` AS SELECT 
 1 AS `BraceletId`,
 1 AS `idServiceCharge`,
 1 AS `Service`,
 1 AS `Product`,
 1 AS `CostPerUnit`,
 1 AS `Quantity`,
 1 AS `CostAmount`,
 1 AS `Description_Place`,
 1 AS `RegionName`,
 1 AS `Datetime`,
 1 AS `isPaid`*/;
SET character_set_client = @saved_cs_client;

--
-- Table structure for table `Customer`
--

DROP TABLE IF EXISTS `Customer`;
/*!40101 SET @saved_cs_client     = @@character_set_client */;
/*!40101 SET character_set_client = utf8 */;
CREATE TABLE `Customer` (
  `idCustomer` int(11) NOT NULL AUTO_INCREMENT COMMENT '	',
  `LastName` varchar(45) NOT NULL,
  `FirstName` varchar(45) NOT NULL,
  `BirthDate` date NOT NULL,
  `Gender` varchar(50) NOT NULL,
  PRIMARY KEY (`idCustomer`)
) ENGINE=InnoDB AUTO_INCREMENT=31 DEFAULT CHARSET=utf8;
/*!40101 SET character_set_client = @saved_cs_client */;

--
-- Dumping data for table `Customer`
--

LOCK TABLES `Customer` WRITE;
/*!40000 ALTER TABLE `Customer` DISABLE KEYS */;
INSERT INTO `Customer` VALUES (1,'Lakis','George','1952-05-29','F'),(2,'Vequaud','Saw','1967-01-18','M'),(3,'Asquith','Jilli','1996-07-05','F'),(4,'Dodgshon','George','1993-11-06','M'),(5,'Daniell','Yolande','2003-04-26','F'),(6,'Seagood','Adela','2005-12-14','F'),(7,'Caw','Merrielle','1965-05-16','F'),(8,'Ovell','Nari','1991-02-20','F'),(9,'Klaessen','Lammond','1968-08-27','M'),(10,'Crum','Dorelia','1995-08-10','F'),(21,'Bradford','Bontein','1972-03-20','M'),(22,'Hilliard','Stempe','1994-03-09','M'),(23,'Jenn','Rackam','1951-03-15','F'),(24,'Ryley','Ethelston','1997-06-01','M'),(25,'Anette','Garatty','1995-03-20','F'),(26,'Jarvis','Burdon','1970-11-14','M'),(27,'Barbabas','Mungin','1969-04-16','M'),(28,'Emmott','Klulik','1951-08-11','M'),(29,'Alix','Curzon','1972-12-07','M'),(30,'Delphinia','Tenant','1972-07-02','F');
/*!40000 ALTER TABLE `Customer` ENABLE KEYS */;
UNLOCK TABLES;

--
-- Temporary table structure for view `CustomerInfo`
--

DROP TABLE IF EXISTS `CustomerInfo`;
/*!50001 DROP VIEW IF EXISTS `CustomerInfo`*/;
SET @saved_cs_client     = @@character_set_client;
SET character_set_client = utf8;
/*!50001 CREATE VIEW `CustomerInfo` AS SELECT 
 1 AS `id`,
 1 AS `LastName`,
 1 AS `FirstName`,
 1 AS `BirthDate`,
 1 AS `Age`,
 1 AS `Gender`,
 1 AS `Number`,
 1 AS `Email`,
 1 AS `SINNumber`,
 1 AS `SINDocument`,
 1 AS `SINIssueAuthority`*/;
SET character_set_client = @saved_cs_client;

--
-- Table structure for table `CustomerVisitRegions`
--

DROP TABLE IF EXISTS `CustomerVisitRegions`;
/*!40101 SET @saved_cs_client     = @@character_set_client */;
/*!40101 SET character_set_client = utf8 */;
CREATE TABLE `CustomerVisitRegions` (
  `idCustomerVisitRegions` int(11) NOT NULL AUTO_INCREMENT,
  `BraceletId` int(11) NOT NULL,
  `idRegions` int(11) NOT NULL,
  `EntryDatetime` datetime NOT NULL,
  `ExitDatetime` datetime DEFAULT NULL,
  PRIMARY KEY (`idCustomerVisitRegions`),
  KEY `fk_Region_idx` (`idRegions`),
  KEY `fk_CustomerVisit_idx` (`BraceletId`),
  CONSTRAINT `fk_CustomerVisit` FOREIGN KEY (`BraceletId`) REFERENCES `ActiveCustomerLiveToRooms` (`BraceletId`) ON DELETE CASCADE ON UPDATE NO ACTION,
  CONSTRAINT `fk_RegionVisit` FOREIGN KEY (`idRegions`) REFERENCES `Regions` (`idRegions`) ON DELETE CASCADE ON UPDATE NO ACTION
) ENGINE=InnoDB AUTO_INCREMENT=5649 DEFAULT CHARSET=utf8;
/*!40101 SET character_set_client = @saved_cs_client */;

--
-- Dumping data for table `CustomerVisitRegions`
--

LOCK TABLES `CustomerVisitRegions` WRITE;
/*!40000 ALTER TABLE `CustomerVisitRegions` DISABLE KEYS */;
INSERT INTO `CustomerVisitRegions` VALUES (4009,6,109,'2021-06-18 16:25:06','2021-06-18 16:28:06'),(4010,6,121,'2021-06-18 16:28:06','2021-06-18 16:29:06'),(4011,6,101,'2021-06-18 16:29:06','2021-06-18 16:34:06'),(4012,6,125,'2021-06-18 16:34:06','2021-06-18 18:34:06'),(4013,6,101,'2021-06-18 18:34:06','2021-06-18 18:37:06'),(4014,6,121,'2021-06-18 18:37:06','2021-06-18 18:38:06'),(4015,6,109,'2021-06-18 18:38:06','2021-06-18 18:43:06'),(4016,6,29,'2021-06-18 18:43:06','2021-06-18 19:55:44'),(4017,7,109,'2021-06-18 16:41:02','2021-06-18 16:44:02'),(4018,7,121,'2021-06-18 16:44:02','2021-06-18 16:45:02'),(4019,7,101,'2021-06-18 16:45:02','2021-06-18 16:50:02'),(4020,7,125,'2021-06-18 16:50:02','2021-06-18 18:50:02'),(4021,7,101,'2021-06-18 18:50:02','2021-06-18 18:53:02'),(4022,7,121,'2021-06-18 18:53:02','2021-06-18 18:54:02'),(4023,7,109,'2021-06-18 18:54:02','2021-06-18 18:59:02'),(4024,7,30,'2021-06-18 18:59:02','2021-06-18 20:51:08'),(4025,8,109,'2021-06-18 17:36:47','2021-06-18 17:39:47'),(4026,8,121,'2021-06-18 17:39:47','2021-06-18 17:40:47'),(4027,8,101,'2021-06-18 17:40:47','2021-06-18 17:45:47'),(4028,8,125,'2021-06-18 17:45:47','2021-06-18 19:45:47'),(4029,8,101,'2021-06-18 19:45:47','2021-06-18 19:48:47'),(4030,8,121,'2021-06-18 19:48:47','2021-06-18 19:49:47'),(4031,8,109,'2021-06-18 19:49:47','2021-06-18 19:54:47'),(4032,8,31,'2021-06-18 19:54:47','2021-06-18 21:05:00'),(4033,9,109,'2021-06-18 18:36:27','2021-06-18 18:39:27'),(4034,9,121,'2021-06-18 18:39:27','2021-06-18 18:40:27'),(4035,9,101,'2021-06-18 18:40:27','2021-06-18 18:45:27'),(4036,9,125,'2021-06-18 18:45:27','2021-06-18 20:45:27'),(4037,9,101,'2021-06-18 20:45:27','2021-06-18 20:48:27'),(4038,9,121,'2021-06-18 20:48:27','2021-06-18 20:49:27'),(4039,9,109,'2021-06-18 20:49:27','2021-06-18 20:54:27'),(4040,9,32,'2021-06-18 20:54:27','2021-06-18 21:47:54'),(4041,10,109,'2021-06-18 19:01:28','2021-06-18 19:04:28'),(4042,10,121,'2021-06-18 19:04:28','2021-06-18 19:05:28'),(4043,10,101,'2021-06-18 19:05:28','2021-06-18 19:10:28'),(4044,10,125,'2021-06-18 19:10:28','2021-06-18 21:10:28'),(4045,10,101,'2021-06-18 21:10:28','2021-06-18 21:13:28'),(4046,10,121,'2021-06-18 21:13:28','2021-06-18 21:14:28'),(4047,10,109,'2021-06-18 21:14:28','2021-06-18 21:19:28'),(4048,10,33,'2021-06-18 21:19:28','2021-06-18 22:09:00'),(4049,6,109,'2021-06-18 19:55:44','2021-06-18 19:58:44'),(4050,6,121,'2021-06-18 19:58:44','2021-06-18 19:59:44'),(4051,6,101,'2021-06-18 19:59:44','2021-06-18 20:04:44'),(4052,6,147,'2021-06-18 20:04:44','2021-06-18 22:04:44'),(4053,6,101,'2021-06-18 22:04:44','2021-06-18 22:07:44'),(4054,6,121,'2021-06-18 22:07:44','2021-06-18 22:08:44'),(4055,6,109,'2021-06-18 22:08:44','2021-06-18 22:13:44'),(4056,6,29,'2021-06-18 22:13:44',NULL),(4057,7,109,'2021-06-18 20:51:08','2021-06-18 20:54:08'),(4058,7,121,'2021-06-18 20:54:08','2021-06-18 20:55:08'),(4059,7,101,'2021-06-18 20:55:08','2021-06-18 21:00:08'),(4060,7,147,'2021-06-18 21:00:08','2021-06-18 23:00:08'),(4061,7,101,'2021-06-18 23:00:08','2021-06-18 23:03:08'),(4062,7,121,'2021-06-18 23:03:08','2021-06-18 23:04:08'),(4063,7,109,'2021-06-18 23:04:08','2021-06-18 23:09:08'),(4064,7,30,'2021-06-18 23:09:08',NULL),(4065,8,109,'2021-06-18 21:05:00','2021-06-18 21:08:00'),(4066,8,121,'2021-06-18 21:08:00','2021-06-18 21:09:00'),(4067,8,101,'2021-06-18 21:09:00','2021-06-18 21:14:00'),(4068,8,147,'2021-06-18 21:14:00','2021-06-18 23:14:00'),(4069,8,101,'2021-06-18 23:14:00','2021-06-18 23:17:00'),(4070,8,121,'2021-06-18 23:17:00','2021-06-18 23:18:00'),(4071,8,109,'2021-06-18 23:18:00','2021-06-18 23:23:00'),(4072,8,31,'2021-06-18 23:23:00',NULL),(4073,9,109,'2021-06-18 21:47:54','2021-06-18 21:50:54'),(4074,9,121,'2021-06-18 21:50:54','2021-06-18 21:51:54'),(4075,9,101,'2021-06-18 21:51:54','2021-06-18 21:56:54'),(4076,9,147,'2021-06-18 21:56:54','2021-06-18 23:56:54'),(4077,9,101,'2021-06-18 23:56:54','2021-06-18 23:59:54'),(4078,9,121,'2021-06-18 23:59:54','2021-06-19 00:00:54'),(4079,9,109,'2021-06-19 00:00:54','2021-06-19 00:05:54'),(4080,9,32,'2021-06-19 00:05:54',NULL),(4081,10,109,'2021-06-18 22:09:00','2021-06-18 22:12:00'),(4082,10,121,'2021-06-18 22:12:00','2021-06-18 22:13:00'),(4083,10,101,'2021-06-18 22:13:00','2021-06-18 22:18:00'),(4084,10,147,'2021-06-18 22:18:00','2021-06-19 00:18:00'),(4085,10,101,'2021-06-19 00:18:00','2021-06-19 00:21:00'),(4086,10,121,'2021-06-19 00:21:00','2021-06-19 00:22:00'),(4087,10,109,'2021-06-19 00:22:00','2021-06-19 00:27:00'),(4088,10,33,'2021-06-19 00:27:00',NULL),(4089,6,109,'2021-06-15 16:07:37','2021-06-15 16:10:37'),(4090,6,121,'2021-06-15 16:10:37','2021-06-15 16:11:37'),(4091,6,101,'2021-06-15 16:11:37','2021-06-15 16:16:37'),(4092,6,132,'2021-06-15 16:16:37','2021-06-15 18:16:37'),(4093,6,101,'2021-06-15 18:16:37','2021-06-15 18:19:37'),(4094,6,121,'2021-06-15 18:19:37','2021-06-15 18:20:37'),(4095,6,109,'2021-06-15 18:20:37','2021-06-15 18:25:37'),(4096,6,29,'2021-06-15 18:25:37',NULL),(4097,7,109,'2021-06-15 16:49:12','2021-06-15 16:52:12'),(4098,7,121,'2021-06-15 16:52:12','2021-06-15 16:53:12'),(4099,7,101,'2021-06-15 16:53:12','2021-06-15 16:58:12'),(4100,7,132,'2021-06-15 16:58:12','2021-06-15 18:58:12'),(4101,7,101,'2021-06-15 18:58:12','2021-06-15 19:01:12'),(4102,7,121,'2021-06-15 19:01:12','2021-06-15 19:02:12'),(4103,7,109,'2021-06-15 19:02:12','2021-06-15 19:07:12'),(4104,7,30,'2021-06-15 19:07:12',NULL),(4105,8,109,'2021-06-15 17:39:39','2021-06-15 17:42:39'),(4106,8,121,'2021-06-15 17:42:39','2021-06-15 17:43:39'),(4107,8,101,'2021-06-15 17:43:39','2021-06-15 17:48:39'),(4108,8,132,'2021-06-15 17:48:39','2021-06-15 19:48:39'),(4109,8,101,'2021-06-15 19:48:39','2021-06-15 19:51:39'),(4110,8,121,'2021-06-15 19:51:39','2021-06-15 19:52:39'),(4111,8,109,'2021-06-15 19:52:39','2021-06-15 19:57:39'),(4112,8,31,'2021-06-15 19:57:39',NULL),(4113,9,109,'2021-06-15 18:21:47','2021-06-15 18:24:47'),(4114,9,121,'2021-06-15 18:24:47','2021-06-15 18:25:47'),(4115,9,101,'2021-06-15 18:25:47','2021-06-15 18:30:47'),(4116,9,132,'2021-06-15 18:30:47','2021-06-15 20:30:47'),(4117,9,101,'2021-06-15 20:30:47','2021-06-15 20:33:47'),(4118,9,121,'2021-06-15 20:33:47','2021-06-15 20:34:47'),(4119,9,109,'2021-06-15 20:34:47','2021-06-15 20:39:47'),(4120,9,32,'2021-06-15 20:39:47',NULL),(4121,10,109,'2021-06-15 18:55:08','2021-06-15 18:58:08'),(4122,10,121,'2021-06-15 18:58:08','2021-06-15 18:59:08'),(4123,10,101,'2021-06-15 18:59:08','2021-06-15 19:04:08'),(4124,10,132,'2021-06-15 19:04:08','2021-06-15 21:04:08'),(4125,10,101,'2021-06-15 21:04:08','2021-06-15 21:07:08'),(4126,10,121,'2021-06-15 21:07:08','2021-06-15 21:08:08'),(4127,10,109,'2021-06-15 21:08:08','2021-06-15 21:13:08'),(4128,10,33,'2021-06-15 21:13:08',NULL),(4129,6,109,'2021-06-14 12:19:41','2021-06-14 12:22:41'),(4130,6,121,'2021-06-14 12:22:41','2021-06-14 12:23:41'),(4131,6,101,'2021-06-14 12:23:41','2021-06-14 12:28:41'),(4132,6,129,'2021-06-14 12:28:41','2021-06-14 14:28:41'),(4133,6,101,'2021-06-14 14:28:41','2021-06-14 14:31:41'),(4134,6,121,'2021-06-14 14:31:41','2021-06-14 14:32:41'),(4135,6,109,'2021-06-14 14:32:41','2021-06-14 14:37:41'),(4136,6,29,'2021-06-14 14:37:41','2021-06-15 09:40:09'),(4137,7,109,'2021-06-14 12:46:54','2021-06-14 12:49:54'),(4138,7,121,'2021-06-14 12:49:54','2021-06-14 12:50:54'),(4139,7,101,'2021-06-14 12:50:54','2021-06-14 12:55:54'),(4140,7,129,'2021-06-14 12:55:54','2021-06-14 14:55:54'),(4141,7,101,'2021-06-14 14:55:54','2021-06-14 14:58:54'),(4142,7,121,'2021-06-14 14:58:54','2021-06-14 14:59:54'),(4143,7,109,'2021-06-14 14:59:54','2021-06-14 15:04:54'),(4144,7,30,'2021-06-14 15:04:54','2021-06-15 10:23:19'),(4145,8,109,'2021-06-14 13:30:47','2021-06-14 13:33:47'),(4146,8,121,'2021-06-14 13:33:47','2021-06-14 13:34:47'),(4147,8,101,'2021-06-14 13:34:47','2021-06-14 13:39:47'),(4148,8,129,'2021-06-14 13:39:47','2021-06-14 15:39:47'),(4149,8,101,'2021-06-14 15:39:47','2021-06-14 15:42:47'),(4150,8,121,'2021-06-14 15:42:47','2021-06-14 15:43:47'),(4151,8,109,'2021-06-14 15:43:47','2021-06-14 15:48:47'),(4152,8,31,'2021-06-14 15:48:47','2021-06-15 11:03:05'),(4153,9,109,'2021-06-14 13:50:40','2021-06-14 13:53:40'),(4154,9,121,'2021-06-14 13:53:40','2021-06-14 13:54:40'),(4155,9,101,'2021-06-14 13:54:40','2021-06-14 13:59:40'),(4156,9,129,'2021-06-14 13:59:40','2021-06-14 15:59:40'),(4157,9,101,'2021-06-14 15:59:40','2021-06-14 16:02:40'),(4158,9,121,'2021-06-14 16:02:40','2021-06-14 16:03:40'),(4159,9,109,'2021-06-14 16:03:40','2021-06-14 16:08:40'),(4160,9,32,'2021-06-14 16:08:40','2021-06-15 11:54:00'),(4161,10,109,'2021-06-14 14:18:15','2021-06-14 14:21:15'),(4162,10,121,'2021-06-14 14:21:15','2021-06-14 14:22:15'),(4163,10,101,'2021-06-14 14:22:15','2021-06-14 14:27:15'),(4164,10,129,'2021-06-14 14:27:15','2021-06-14 16:27:15'),(4165,10,101,'2021-06-14 16:27:15','2021-06-14 16:30:15'),(4166,10,121,'2021-06-14 16:30:15','2021-06-14 16:31:15'),(4167,10,109,'2021-06-14 16:31:15','2021-06-14 16:36:15'),(4168,10,33,'2021-06-14 16:36:15','2021-06-15 11:55:19'),(4169,6,109,'2021-06-15 09:40:09','2021-06-15 09:43:09'),(4170,6,121,'2021-06-15 09:43:09','2021-06-15 09:44:09'),(4171,6,101,'2021-06-15 09:44:09','2021-06-15 09:49:09'),(4172,6,136,'2021-06-15 09:49:09','2021-06-15 11:49:09'),(4173,6,101,'2021-06-15 11:49:09','2021-06-15 11:52:09'),(4174,6,121,'2021-06-15 11:52:09','2021-06-15 11:53:09'),(4175,6,109,'2021-06-15 11:53:09','2021-06-15 11:58:09'),(4176,6,29,'2021-06-15 11:58:09',NULL),(4177,7,109,'2021-06-15 10:23:19','2021-06-15 10:26:19'),(4178,7,121,'2021-06-15 10:26:19','2021-06-15 10:27:19'),(4179,7,101,'2021-06-15 10:27:19','2021-06-15 10:32:19'),(4180,7,136,'2021-06-15 10:32:19','2021-06-15 12:32:19'),(4181,7,101,'2021-06-15 12:32:19','2021-06-15 12:35:19'),(4182,7,121,'2021-06-15 12:35:19','2021-06-15 12:36:19'),(4183,7,109,'2021-06-15 12:36:19','2021-06-15 12:41:19'),(4184,7,30,'2021-06-15 12:41:19',NULL),(4185,8,109,'2021-06-15 11:03:05','2021-06-15 11:06:05'),(4186,8,121,'2021-06-15 11:06:05','2021-06-15 11:07:05'),(4187,8,101,'2021-06-15 11:07:05','2021-06-15 11:12:05'),(4188,8,136,'2021-06-15 11:12:05','2021-06-15 13:12:05'),(4189,8,101,'2021-06-15 13:12:05','2021-06-15 13:15:05'),(4190,8,121,'2021-06-15 13:15:05','2021-06-15 13:16:05'),(4191,8,109,'2021-06-15 13:16:05','2021-06-15 13:21:05'),(4192,8,31,'2021-06-15 13:21:05',NULL),(4193,9,109,'2021-06-15 11:54:00','2021-06-15 11:57:00'),(4194,9,121,'2021-06-15 11:57:00','2021-06-15 11:58:00'),(4195,9,101,'2021-06-15 11:58:00','2021-06-15 12:03:00'),(4196,9,136,'2021-06-15 12:03:00','2021-06-15 14:03:00'),(4197,9,101,'2021-06-15 14:03:00','2021-06-15 14:06:00'),(4198,9,121,'2021-06-15 14:06:00','2021-06-15 14:07:00'),(4199,9,109,'2021-06-15 14:07:00','2021-06-15 14:12:00'),(4200,9,32,'2021-06-15 14:12:00',NULL),(4201,10,109,'2021-06-15 11:55:19','2021-06-15 11:58:19'),(4202,10,121,'2021-06-15 11:58:19','2021-06-15 11:59:19'),(4203,10,101,'2021-06-15 11:59:19','2021-06-15 12:04:19'),(4204,10,136,'2021-06-15 12:04:19','2021-06-15 14:04:19'),(4205,10,101,'2021-06-15 14:04:19','2021-06-15 14:07:19'),(4206,10,121,'2021-06-15 14:07:19','2021-06-15 14:08:19'),(4207,10,109,'2021-06-15 14:08:19','2021-06-15 14:13:19'),(4208,10,33,'2021-06-15 14:13:19',NULL),(4209,21,109,'2021-04-18 09:34:38','2021-04-18 09:37:38'),(4210,21,121,'2021-04-18 09:37:38','2021-04-18 09:38:38'),(4211,21,101,'2021-04-18 09:38:38','2021-04-18 09:43:38'),(4212,21,125,'2021-04-18 09:43:38','2021-04-18 11:43:38'),(4213,21,101,'2021-04-18 11:43:38','2021-04-18 11:46:38'),(4214,21,121,'2021-04-18 11:46:38','2021-04-18 11:47:38'),(4215,21,109,'2021-04-18 11:47:38','2021-04-18 11:52:38'),(4216,21,29,'2021-04-18 11:52:38',NULL),(4217,22,109,'2021-04-18 10:04:09','2021-04-18 10:07:09'),(4218,22,121,'2021-04-18 10:07:09','2021-04-18 10:08:09'),(4219,22,101,'2021-04-18 10:08:09','2021-04-18 10:13:09'),(4220,22,125,'2021-04-18 10:13:09','2021-04-18 12:13:09'),(4221,22,101,'2021-04-18 12:13:09','2021-04-18 12:16:09'),(4222,22,121,'2021-04-18 12:16:09','2021-04-18 12:17:09'),(4223,22,109,'2021-04-18 12:17:09','2021-04-18 12:22:09'),(4224,22,34,'2021-04-18 12:22:09',NULL),(4225,23,110,'2021-04-18 10:12:16','2021-04-18 10:15:16'),(4226,23,122,'2021-04-18 10:15:16','2021-04-18 10:16:16'),(4227,23,102,'2021-04-18 10:16:16','2021-04-18 10:21:16'),(4228,23,126,'2021-04-18 10:21:16','2021-04-18 12:21:16'),(4229,23,102,'2021-04-18 12:21:16','2021-04-18 12:24:16'),(4230,23,122,'2021-04-18 12:24:16','2021-04-18 12:25:16'),(4231,23,110,'2021-04-18 12:25:16','2021-04-18 12:30:16'),(4232,23,39,'2021-04-18 12:30:16',NULL),(4233,24,111,'2021-04-18 10:23:49','2021-04-18 10:26:49'),(4234,24,123,'2021-04-18 10:26:49','2021-04-18 10:27:49'),(4235,24,103,'2021-04-18 10:27:49','2021-04-18 10:32:49'),(4236,24,127,'2021-04-18 10:32:49','2021-04-18 12:32:49'),(4237,24,103,'2021-04-18 12:32:49','2021-04-18 12:35:49'),(4238,24,123,'2021-04-18 12:35:49','2021-04-18 12:36:49'),(4239,24,111,'2021-04-18 12:36:49','2021-04-18 12:41:49'),(4240,24,44,'2021-04-18 12:41:49','2021-04-18 17:33:38'),(4241,25,112,'2021-04-18 10:35:06','2021-04-18 10:38:06'),(4242,25,124,'2021-04-18 10:38:06','2021-04-18 10:39:06'),(4243,25,104,'2021-04-18 10:39:06','2021-04-18 10:44:06'),(4244,25,128,'2021-04-18 10:44:06','2021-04-18 12:44:06'),(4245,25,104,'2021-04-18 12:44:06','2021-04-18 12:47:06'),(4246,25,124,'2021-04-18 12:47:06','2021-04-18 12:48:06'),(4247,25,112,'2021-04-18 12:48:06','2021-04-18 12:53:06'),(4248,25,49,'2021-04-18 12:53:06',NULL),(4249,26,113,'2021-04-18 11:27:34','2021-04-18 11:30:34'),(4250,26,121,'2021-04-18 11:30:34','2021-04-18 11:31:34'),(4251,26,101,'2021-04-18 11:31:34','2021-04-18 11:36:34'),(4252,26,125,'2021-04-18 11:36:34','2021-04-18 13:36:34'),(4253,26,101,'2021-04-18 13:36:34','2021-04-18 13:39:34'),(4254,26,121,'2021-04-18 13:39:34','2021-04-18 13:40:34'),(4255,26,113,'2021-04-18 13:40:34','2021-04-18 13:45:34'),(4256,26,54,'2021-04-18 13:45:34','2021-04-18 21:12:12'),(4257,27,113,'2021-04-18 12:11:49','2021-04-18 12:14:49'),(4258,27,121,'2021-04-18 12:14:49','2021-04-18 12:15:49'),(4259,27,101,'2021-04-18 12:15:49','2021-04-18 12:20:49'),(4260,27,125,'2021-04-18 12:20:49','2021-04-18 14:20:49'),(4261,27,101,'2021-04-18 14:20:49','2021-04-18 14:23:49'),(4262,27,121,'2021-04-18 14:23:49','2021-04-18 14:24:49'),(4263,27,113,'2021-04-18 14:24:49','2021-04-18 14:29:49'),(4264,27,59,'2021-04-18 14:29:49',NULL),(4265,28,114,'2021-04-18 12:13:10','2021-04-18 12:16:10'),(4266,28,122,'2021-04-18 12:16:10','2021-04-18 12:17:10'),(4267,28,102,'2021-04-18 12:17:10','2021-04-18 12:22:10'),(4268,28,126,'2021-04-18 12:22:10','2021-04-18 14:22:10'),(4269,28,102,'2021-04-18 14:22:10','2021-04-18 14:25:10'),(4270,28,122,'2021-04-18 14:25:10','2021-04-18 14:26:10'),(4271,28,114,'2021-04-18 14:26:10','2021-04-18 14:31:10'),(4272,28,64,'2021-04-18 14:31:10',NULL),(4273,29,115,'2021-04-18 12:54:32','2021-04-18 12:57:32'),(4274,29,123,'2021-04-18 12:57:32','2021-04-18 12:58:32'),(4275,29,103,'2021-04-18 12:58:32','2021-04-18 13:03:32'),(4276,29,127,'2021-04-18 13:03:32','2021-04-18 15:03:32'),(4277,29,103,'2021-04-18 15:03:32','2021-04-18 15:06:32'),(4278,29,123,'2021-04-18 15:06:32','2021-04-18 15:07:32'),(4279,29,115,'2021-04-18 15:07:32','2021-04-18 15:12:32'),(4280,29,69,'2021-04-18 15:12:32',NULL),(4281,30,116,'2021-04-18 13:41:17','2021-04-18 13:44:17'),(4282,30,124,'2021-04-18 13:44:17','2021-04-18 13:45:17'),(4283,30,104,'2021-04-18 13:45:17','2021-04-18 13:50:17'),(4284,30,128,'2021-04-18 13:50:17','2021-04-18 15:50:17'),(4285,30,104,'2021-04-18 15:50:17','2021-04-18 15:53:17'),(4286,30,124,'2021-04-18 15:53:17','2021-04-18 15:54:17'),(4287,30,116,'2021-04-18 15:54:17','2021-04-18 15:59:17'),(4288,30,74,'2021-04-18 15:59:17',NULL),(4289,21,109,'2021-04-17 14:00:46','2021-04-17 14:03:46'),(4290,21,121,'2021-04-17 14:03:46','2021-04-17 14:04:46'),(4291,21,101,'2021-04-17 14:04:46','2021-04-17 14:09:46'),(4292,21,147,'2021-04-17 14:09:46','2021-04-17 16:09:46'),(4293,21,101,'2021-04-17 16:09:46','2021-04-17 16:12:46'),(4294,21,121,'2021-04-17 16:12:46','2021-04-17 16:13:46'),(4295,21,109,'2021-04-17 16:13:46','2021-04-17 16:18:46'),(4296,21,29,'2021-04-17 16:18:46','2021-04-17 17:14:42'),(4297,22,109,'2021-04-17 14:49:28','2021-04-17 14:52:28'),(4298,22,121,'2021-04-17 14:52:28','2021-04-17 14:53:28'),(4299,22,101,'2021-04-17 14:53:28','2021-04-17 14:58:28'),(4300,22,147,'2021-04-17 14:58:28','2021-04-17 16:58:28'),(4301,22,101,'2021-04-17 16:58:28','2021-04-17 17:01:28'),(4302,22,121,'2021-04-17 17:01:28','2021-04-17 17:02:28'),(4303,22,109,'2021-04-17 17:02:28','2021-04-17 17:07:28'),(4304,22,34,'2021-04-17 17:07:28','2021-04-17 18:03:33'),(4305,23,110,'2021-04-17 14:54:45','2021-04-17 14:57:45'),(4306,23,122,'2021-04-17 14:57:45','2021-04-17 14:58:45'),(4307,23,102,'2021-04-17 14:58:45','2021-04-17 15:03:45'),(4308,23,148,'2021-04-17 15:03:45','2021-04-17 17:03:45'),(4309,23,102,'2021-04-17 17:03:45','2021-04-17 17:06:45'),(4310,23,122,'2021-04-17 17:06:45','2021-04-17 17:07:45'),(4311,23,110,'2021-04-17 17:07:45','2021-04-17 17:12:45'),(4312,23,39,'2021-04-17 17:12:45','2021-04-17 18:57:24'),(4313,24,111,'2021-04-17 15:05:47','2021-04-17 15:08:47'),(4314,24,123,'2021-04-17 15:08:47','2021-04-17 15:09:47'),(4315,24,103,'2021-04-17 15:09:47','2021-04-17 15:14:47'),(4316,24,149,'2021-04-17 15:14:47','2021-04-17 17:14:47'),(4317,24,103,'2021-04-17 17:14:47','2021-04-17 17:17:47'),(4318,24,123,'2021-04-17 17:17:47','2021-04-17 17:18:47'),(4319,24,111,'2021-04-17 17:18:47','2021-04-17 17:23:47'),(4320,24,44,'2021-04-17 17:23:47','2021-04-17 19:33:51'),(4321,26,113,'2021-04-17 16:30:15','2021-04-17 16:33:15'),(4322,26,121,'2021-04-17 16:33:15','2021-04-17 16:34:15'),(4323,26,101,'2021-04-17 16:34:15','2021-04-17 16:39:15'),(4324,26,147,'2021-04-17 16:39:15','2021-04-17 18:39:15'),(4325,26,101,'2021-04-17 18:39:15','2021-04-17 18:42:15'),(4326,26,121,'2021-04-17 18:42:15','2021-04-17 18:43:15'),(4327,26,113,'2021-04-17 18:43:15','2021-04-17 18:48:15'),(4328,26,54,'2021-04-17 18:48:15','2021-04-17 20:21:07'),(4329,27,113,'2021-04-17 16:48:48','2021-04-17 16:51:48'),(4330,27,121,'2021-04-17 16:51:48','2021-04-17 16:52:48'),(4331,27,101,'2021-04-17 16:52:48','2021-04-17 16:57:48'),(4332,27,147,'2021-04-17 16:57:48','2021-04-17 18:57:48'),(4333,27,101,'2021-04-17 18:57:48','2021-04-17 19:00:48'),(4334,27,121,'2021-04-17 19:00:48','2021-04-17 19:01:48'),(4335,27,113,'2021-04-17 19:01:48','2021-04-17 19:06:48'),(4336,27,59,'2021-04-17 19:06:48','2021-04-17 21:06:10'),(4337,28,114,'2021-04-17 17:42:30','2021-04-17 17:45:30'),(4338,28,122,'2021-04-17 17:45:30','2021-04-17 17:46:30'),(4339,28,102,'2021-04-17 17:46:30','2021-04-17 17:51:30'),(4340,28,148,'2021-04-17 17:51:30','2021-04-17 19:51:30'),(4341,28,102,'2021-04-17 19:51:30','2021-04-17 19:54:30'),(4342,28,122,'2021-04-17 19:54:30','2021-04-17 19:55:30'),(4343,28,114,'2021-04-17 19:55:30','2021-04-17 20:00:30'),(4344,28,64,'2021-04-17 20:00:30','2021-04-17 22:07:01'),(4345,29,115,'2021-04-17 18:34:42','2021-04-17 18:37:42'),(4346,29,123,'2021-04-17 18:37:42','2021-04-17 18:38:42'),(4347,29,103,'2021-04-17 18:38:42','2021-04-17 18:43:42'),(4348,29,149,'2021-04-17 18:43:42','2021-04-17 20:43:42'),(4349,29,103,'2021-04-17 20:43:42','2021-04-17 20:46:42'),(4350,29,123,'2021-04-17 20:46:42','2021-04-17 20:47:42'),(4351,29,115,'2021-04-17 20:47:42','2021-04-17 20:52:42'),(4352,29,69,'2021-04-17 20:52:42','2021-04-17 22:23:48'),(4353,21,109,'2021-04-15 11:15:25','2021-04-15 11:18:25'),(4354,21,121,'2021-04-15 11:18:25','2021-04-15 11:19:25'),(4355,21,101,'2021-04-15 11:19:25','2021-04-15 11:24:25'),(4356,21,132,'2021-04-15 11:24:25','2021-04-15 13:24:25'),(4357,21,101,'2021-04-15 13:24:25','2021-04-15 13:27:25'),(4358,21,121,'2021-04-15 13:27:25','2021-04-15 13:28:25'),(4359,21,109,'2021-04-15 13:28:25','2021-04-15 13:33:25'),(4360,21,29,'2021-04-15 13:33:25',NULL),(4361,22,109,'2021-04-15 11:34:45','2021-04-15 11:37:45'),(4362,22,121,'2021-04-15 11:37:45','2021-04-15 11:38:45'),(4363,22,101,'2021-04-15 11:38:45','2021-04-15 11:43:45'),(4364,22,132,'2021-04-15 11:43:45','2021-04-15 13:43:45'),(4365,22,101,'2021-04-15 13:43:45','2021-04-15 13:46:45'),(4366,22,121,'2021-04-15 13:46:45','2021-04-15 13:47:45'),(4367,22,109,'2021-04-15 13:47:45','2021-04-15 13:52:45'),(4368,22,34,'2021-04-15 13:52:45',NULL),(4369,23,110,'2021-04-15 12:15:08','2021-04-15 12:18:08'),(4370,23,122,'2021-04-15 12:18:08','2021-04-15 12:19:08'),(4371,23,102,'2021-04-15 12:19:08','2021-04-15 12:24:08'),(4372,23,133,'2021-04-15 12:24:08','2021-04-15 14:24:08'),(4373,23,102,'2021-04-15 14:24:08','2021-04-15 14:27:08'),(4374,23,122,'2021-04-15 14:27:08','2021-04-15 14:28:08'),(4375,23,110,'2021-04-15 14:28:08','2021-04-15 14:33:08'),(4376,23,39,'2021-04-15 14:33:08',NULL),(4377,24,111,'2021-04-15 13:06:15','2021-04-15 13:09:15'),(4378,24,123,'2021-04-15 13:09:15','2021-04-15 13:10:15'),(4379,24,103,'2021-04-15 13:10:15','2021-04-15 13:15:15'),(4380,24,134,'2021-04-15 13:15:15','2021-04-15 15:15:15'),(4381,24,103,'2021-04-15 15:15:15','2021-04-15 15:18:15'),(4382,24,123,'2021-04-15 15:18:15','2021-04-15 15:19:15'),(4383,24,111,'2021-04-15 15:19:15','2021-04-15 15:24:15'),(4384,24,44,'2021-04-15 15:24:15','2021-04-16 12:28:02'),(4385,25,112,'2021-04-15 13:10:09','2021-04-15 13:13:09'),(4386,25,124,'2021-04-15 13:13:09','2021-04-15 13:14:09'),(4387,25,104,'2021-04-15 13:14:09','2021-04-15 13:19:09'),(4388,25,135,'2021-04-15 13:19:09','2021-04-15 15:19:09'),(4389,25,104,'2021-04-15 15:19:09','2021-04-15 15:22:09'),(4390,25,124,'2021-04-15 15:22:09','2021-04-15 15:23:09'),(4391,25,112,'2021-04-15 15:23:09','2021-04-15 15:28:09'),(4392,25,49,'2021-04-15 15:28:09','2021-04-17 19:59:34'),(4393,26,113,'2021-04-15 13:28:56','2021-04-15 13:31:56'),(4394,26,121,'2021-04-15 13:31:56','2021-04-15 13:32:56'),(4395,26,101,'2021-04-15 13:32:56','2021-04-15 13:37:56'),(4396,26,132,'2021-04-15 13:37:56','2021-04-15 15:37:56'),(4397,26,101,'2021-04-15 15:37:56','2021-04-15 15:40:56'),(4398,26,121,'2021-04-15 15:40:56','2021-04-15 15:41:56'),(4399,26,113,'2021-04-15 15:41:56','2021-04-15 15:46:56'),(4400,26,54,'2021-04-15 15:46:56','2021-04-16 14:56:33'),(4401,27,113,'2021-04-15 14:28:33','2021-04-15 14:31:33'),(4402,27,121,'2021-04-15 14:31:33','2021-04-15 14:32:33'),(4403,27,101,'2021-04-15 14:32:33','2021-04-15 14:37:33'),(4404,27,132,'2021-04-15 14:37:33','2021-04-15 16:37:33'),(4405,27,101,'2021-04-15 16:37:33','2021-04-15 16:40:33'),(4406,27,121,'2021-04-15 16:40:33','2021-04-15 16:41:33'),(4407,27,113,'2021-04-15 16:41:33','2021-04-15 16:46:33'),(4408,27,59,'2021-04-15 16:46:33',NULL),(4409,28,114,'2021-04-15 14:35:14','2021-04-15 14:38:14'),(4410,28,122,'2021-04-15 14:38:14','2021-04-15 14:39:14'),(4411,28,102,'2021-04-15 14:39:14','2021-04-15 14:44:14'),(4412,28,133,'2021-04-15 14:44:14','2021-04-15 16:44:14'),(4413,28,102,'2021-04-15 16:44:14','2021-04-15 16:47:14'),(4414,28,122,'2021-04-15 16:47:14','2021-04-15 16:48:14'),(4415,28,114,'2021-04-15 16:48:14','2021-04-15 16:53:14'),(4416,28,64,'2021-04-15 16:53:14',NULL),(4417,29,115,'2021-04-15 14:38:27','2021-04-15 14:41:27'),(4418,29,123,'2021-04-15 14:41:27','2021-04-15 14:42:27'),(4419,29,103,'2021-04-15 14:42:27','2021-04-15 14:47:27'),(4420,29,134,'2021-04-15 14:47:27','2021-04-15 16:47:27'),(4421,29,103,'2021-04-15 16:47:27','2021-04-15 16:50:27'),(4422,29,123,'2021-04-15 16:50:27','2021-04-15 16:51:27'),(4423,29,115,'2021-04-15 16:51:27','2021-04-15 16:56:27'),(4424,29,69,'2021-04-15 16:56:27',NULL),(4425,30,116,'2021-04-15 15:35:25','2021-04-15 15:38:25'),(4426,30,124,'2021-04-15 15:38:25','2021-04-15 15:39:25'),(4427,30,104,'2021-04-15 15:39:25','2021-04-15 15:44:25'),(4428,30,135,'2021-04-15 15:44:25','2021-04-15 17:44:25'),(4429,30,104,'2021-04-15 17:44:25','2021-04-15 17:47:25'),(4430,30,124,'2021-04-15 17:47:25','2021-04-15 17:48:25'),(4431,30,116,'2021-04-15 17:48:25','2021-04-15 17:53:25'),(4432,30,74,'2021-04-15 17:53:25','2021-04-17 22:27:44'),(4433,21,109,'2021-04-14 13:46:38','2021-04-14 13:49:38'),(4434,21,121,'2021-04-14 13:49:38','2021-04-14 13:50:38'),(4435,21,101,'2021-04-14 13:50:38','2021-04-14 13:55:38'),(4436,21,129,'2021-04-14 13:55:38','2021-04-14 15:55:38'),(4437,21,101,'2021-04-14 15:55:38','2021-04-14 15:58:38'),(4438,21,121,'2021-04-14 15:58:38','2021-04-14 15:59:38'),(4439,21,109,'2021-04-14 15:59:38','2021-04-14 16:04:38'),(4440,21,29,'2021-04-14 16:04:38',NULL),(4441,22,109,'2021-04-14 14:36:56','2021-04-14 14:39:56'),(4442,22,121,'2021-04-14 14:39:56','2021-04-14 14:40:56'),(4443,22,101,'2021-04-14 14:40:56','2021-04-14 14:45:56'),(4444,22,129,'2021-04-14 14:45:56','2021-04-14 16:45:56'),(4445,22,101,'2021-04-14 16:45:56','2021-04-14 16:48:56'),(4446,22,121,'2021-04-14 16:48:56','2021-04-14 16:49:56'),(4447,22,109,'2021-04-14 16:49:56','2021-04-14 16:54:56'),(4448,22,34,'2021-04-14 16:54:56',NULL),(4449,23,110,'2021-04-14 15:36:56','2021-04-14 15:39:56'),(4450,23,122,'2021-04-14 15:39:56','2021-04-14 15:40:56'),(4451,23,102,'2021-04-14 15:40:56','2021-04-14 15:45:56'),(4452,23,130,'2021-04-14 15:45:56','2021-04-14 17:45:56'),(4453,23,102,'2021-04-14 17:45:56','2021-04-14 17:48:56'),(4454,23,122,'2021-04-14 17:48:56','2021-04-14 17:49:56'),(4455,23,110,'2021-04-14 17:49:56','2021-04-14 17:54:56'),(4456,23,39,'2021-04-14 17:54:56',NULL),(4457,24,111,'2021-04-14 15:38:01','2021-04-14 15:41:01'),(4458,24,123,'2021-04-14 15:41:01','2021-04-14 15:42:01'),(4459,24,103,'2021-04-14 15:42:01','2021-04-14 15:47:01'),(4460,24,131,'2021-04-14 15:47:01','2021-04-14 17:47:01'),(4461,24,103,'2021-04-14 17:47:01','2021-04-14 17:50:01'),(4462,24,123,'2021-04-14 17:50:01','2021-04-14 17:51:01'),(4463,24,111,'2021-04-14 17:51:01','2021-04-14 17:56:01'),(4464,24,44,'2021-04-14 17:56:01','2021-04-20 19:41:59'),(4465,26,113,'2021-04-14 16:11:08','2021-04-14 16:14:08'),(4466,26,121,'2021-04-14 16:14:08','2021-04-14 16:15:08'),(4467,26,101,'2021-04-14 16:15:08','2021-04-14 16:20:08'),(4468,26,129,'2021-04-14 16:20:08','2021-04-14 18:20:08'),(4469,26,101,'2021-04-14 18:20:08','2021-04-14 18:23:08'),(4470,26,121,'2021-04-14 18:23:08','2021-04-14 18:24:08'),(4471,26,113,'2021-04-14 18:24:08','2021-04-14 18:29:08'),(4472,26,54,'2021-04-14 18:29:08','2021-04-20 21:43:46'),(4473,27,113,'2021-04-14 16:54:43','2021-04-14 16:57:43'),(4474,27,121,'2021-04-14 16:57:43','2021-04-14 16:58:43'),(4475,27,101,'2021-04-14 16:58:43','2021-04-14 17:03:43'),(4476,27,129,'2021-04-14 17:03:43','2021-04-14 19:03:43'),(4477,27,101,'2021-04-14 19:03:43','2021-04-14 19:06:43'),(4478,27,121,'2021-04-14 19:06:43','2021-04-14 19:07:43'),(4479,27,113,'2021-04-14 19:07:43','2021-04-14 19:12:43'),(4480,27,59,'2021-04-14 19:12:43',NULL),(4481,28,114,'2021-04-14 17:38:36','2021-04-14 17:41:36'),(4482,28,122,'2021-04-14 17:41:36','2021-04-14 17:42:36'),(4483,28,102,'2021-04-14 17:42:36','2021-04-14 17:47:36'),(4484,28,130,'2021-04-14 17:47:36','2021-04-14 19:47:36'),(4485,28,102,'2021-04-14 19:47:36','2021-04-14 19:50:36'),(4486,28,122,'2021-04-14 19:50:36','2021-04-14 19:51:36'),(4487,28,114,'2021-04-14 19:51:36','2021-04-14 19:56:36'),(4488,28,64,'2021-04-14 19:56:36',NULL),(4489,29,115,'2021-04-14 17:52:00','2021-04-14 17:55:00'),(4490,29,123,'2021-04-14 17:55:00','2021-04-14 17:56:00'),(4491,29,103,'2021-04-14 17:56:00','2021-04-14 18:01:00'),(4492,29,131,'2021-04-14 18:01:00','2021-04-14 20:01:00'),(4493,29,103,'2021-04-14 20:01:00','2021-04-14 20:04:00'),(4494,29,123,'2021-04-14 20:04:00','2021-04-14 20:05:00'),(4495,29,115,'2021-04-14 20:05:00','2021-04-14 20:10:00'),(4496,29,69,'2021-04-14 20:10:00',NULL),(4497,21,109,'2021-04-17 17:14:42','2021-04-17 17:17:42'),(4498,21,121,'2021-04-17 17:17:42','2021-04-17 17:18:42'),(4499,21,101,'2021-04-17 17:18:42','2021-04-17 17:23:42'),(4500,21,141,'2021-04-17 17:23:42','2021-04-17 19:23:42'),(4501,21,101,'2021-04-17 19:23:42','2021-04-17 19:26:42'),(4502,21,121,'2021-04-17 19:26:42','2021-04-17 19:27:42'),(4503,21,109,'2021-04-17 19:27:42','2021-04-17 19:32:42'),(4504,21,29,'2021-04-17 19:32:42',NULL),(4505,22,109,'2021-04-17 18:03:33','2021-04-17 18:06:33'),(4506,22,121,'2021-04-17 18:06:33','2021-04-17 18:07:33'),(4507,22,101,'2021-04-17 18:07:33','2021-04-17 18:12:33'),(4508,22,141,'2021-04-17 18:12:33','2021-04-17 20:12:33'),(4509,22,101,'2021-04-17 20:12:33','2021-04-17 20:15:33'),(4510,22,121,'2021-04-17 20:15:33','2021-04-17 20:16:33'),(4511,22,109,'2021-04-17 20:16:33','2021-04-17 20:21:33'),(4512,22,34,'2021-04-17 20:21:33',NULL),(4513,23,110,'2021-04-17 18:57:24','2021-04-17 19:00:24'),(4514,23,122,'2021-04-17 19:00:24','2021-04-17 19:01:24'),(4515,23,102,'2021-04-17 19:01:24','2021-04-17 19:06:24'),(4516,23,142,'2021-04-17 19:06:24','2021-04-17 21:06:24'),(4517,23,102,'2021-04-17 21:06:24','2021-04-17 21:09:24'),(4518,23,122,'2021-04-17 21:09:24','2021-04-17 21:10:24'),(4519,23,110,'2021-04-17 21:10:24','2021-04-17 21:15:24'),(4520,23,39,'2021-04-17 21:15:24',NULL),(4521,24,111,'2021-04-17 19:33:51','2021-04-17 19:36:51'),(4522,24,123,'2021-04-17 19:36:51','2021-04-17 19:37:51'),(4523,24,103,'2021-04-17 19:37:51','2021-04-17 19:42:51'),(4524,24,143,'2021-04-17 19:42:51','2021-04-17 21:42:51'),(4525,24,103,'2021-04-17 21:42:51','2021-04-17 21:45:51'),(4526,24,123,'2021-04-17 21:45:51','2021-04-17 21:46:51'),(4527,24,111,'2021-04-17 21:46:51','2021-04-17 21:51:51'),(4528,24,44,'2021-04-17 21:51:51','2021-04-18 20:00:50'),(4529,25,112,'2021-04-17 19:59:34','2021-04-17 20:02:34'),(4530,25,124,'2021-04-17 20:02:34','2021-04-17 20:03:34'),(4531,25,104,'2021-04-17 20:03:34','2021-04-17 20:08:34'),(4532,25,144,'2021-04-17 20:08:34','2021-04-17 22:08:34'),(4533,25,104,'2021-04-17 22:08:34','2021-04-17 22:11:34'),(4534,25,124,'2021-04-17 22:11:34','2021-04-17 22:12:34'),(4535,25,112,'2021-04-17 22:12:34','2021-04-17 22:17:34'),(4536,25,49,'2021-04-17 22:17:34',NULL),(4537,26,113,'2021-04-17 20:21:07','2021-04-17 20:24:07'),(4538,26,121,'2021-04-17 20:24:07','2021-04-17 20:25:07'),(4539,26,101,'2021-04-17 20:25:07','2021-04-17 20:30:07'),(4540,26,141,'2021-04-17 20:30:07','2021-04-17 22:30:07'),(4541,26,101,'2021-04-17 22:30:07','2021-04-17 22:33:07'),(4542,26,121,'2021-04-17 22:33:07','2021-04-17 22:34:07'),(4543,26,113,'2021-04-17 22:34:07','2021-04-17 22:39:07'),(4544,26,54,'2021-04-17 22:39:07','2021-04-18 23:15:16'),(4545,27,113,'2021-04-17 21:06:10','2021-04-17 21:09:10'),(4546,27,121,'2021-04-17 21:09:10','2021-04-17 21:10:10'),(4547,27,101,'2021-04-17 21:10:10','2021-04-17 21:15:10'),(4548,27,141,'2021-04-17 21:15:10','2021-04-17 23:15:10'),(4549,27,101,'2021-04-17 23:15:10','2021-04-17 23:18:10'),(4550,27,121,'2021-04-17 23:18:10','2021-04-17 23:19:10'),(4551,27,113,'2021-04-17 23:19:10','2021-04-17 23:24:10'),(4552,27,59,'2021-04-17 23:24:10',NULL),(4553,28,114,'2021-04-17 22:07:01','2021-04-17 22:10:01'),(4554,28,122,'2021-04-17 22:10:01','2021-04-17 22:11:01'),(4555,28,102,'2021-04-17 22:11:01','2021-04-17 22:16:01'),(4556,28,142,'2021-04-17 22:16:01','2021-04-18 00:16:01'),(4557,28,102,'2021-04-18 00:16:01','2021-04-18 00:19:01'),(4558,28,122,'2021-04-18 00:19:01','2021-04-18 00:20:01'),(4559,28,114,'2021-04-18 00:20:01','2021-04-18 00:25:01'),(4560,28,64,'2021-04-18 00:25:01',NULL),(4561,29,115,'2021-04-17 22:23:48','2021-04-17 22:26:48'),(4562,29,123,'2021-04-17 22:26:48','2021-04-17 22:27:48'),(4563,29,103,'2021-04-17 22:27:48','2021-04-17 22:32:48'),(4564,29,143,'2021-04-17 22:32:48','2021-04-18 00:32:48'),(4565,29,103,'2021-04-18 00:32:48','2021-04-18 00:35:48'),(4566,29,123,'2021-04-18 00:35:48','2021-04-18 00:36:48'),(4567,29,115,'2021-04-18 00:36:48','2021-04-18 00:41:48'),(4568,29,69,'2021-04-18 00:41:48',NULL),(4569,30,116,'2021-04-17 22:27:44','2021-04-17 22:30:44'),(4570,30,124,'2021-04-17 22:30:44','2021-04-17 22:31:44'),(4571,30,104,'2021-04-17 22:31:44','2021-04-17 22:36:44'),(4572,30,144,'2021-04-17 22:36:44','2021-04-18 00:36:44'),(4573,30,104,'2021-04-18 00:36:44','2021-04-18 00:39:44'),(4574,30,124,'2021-04-18 00:39:44','2021-04-18 00:40:44'),(4575,30,116,'2021-04-18 00:40:44','2021-04-18 00:45:44'),(4576,30,74,'2021-04-18 00:45:44',NULL),(4577,31,110,'2021-04-18 16:01:56','2021-04-18 16:04:56'),(4578,31,122,'2021-04-18 16:04:56','2021-04-18 16:05:56'),(4579,31,102,'2021-04-18 16:05:56','2021-04-18 16:10:56'),(4580,31,126,'2021-04-18 16:10:56','2021-04-18 18:10:56'),(4581,31,102,'2021-04-18 18:10:56','2021-04-18 18:13:56'),(4582,31,122,'2021-04-18 18:13:56','2021-04-18 18:14:56'),(4583,31,110,'2021-04-18 18:14:56','2021-04-18 18:19:56'),(4584,31,40,'2021-04-18 18:19:56','2021-04-20 18:06:02'),(4585,32,111,'2021-04-18 16:40:18','2021-04-18 16:43:18'),(4586,32,123,'2021-04-18 16:43:18','2021-04-18 16:44:18'),(4587,32,103,'2021-04-18 16:44:18','2021-04-18 16:49:18'),(4588,32,127,'2021-04-18 16:49:18','2021-04-18 18:49:18'),(4589,32,103,'2021-04-18 18:49:18','2021-04-18 18:52:18'),(4590,32,123,'2021-04-18 18:52:18','2021-04-18 18:53:18'),(4591,32,111,'2021-04-18 18:53:18','2021-04-18 18:58:18'),(4592,32,42,'2021-04-18 18:58:18','2021-04-20 18:59:18'),(4593,33,111,'2021-04-18 17:33:38','2021-04-18 17:36:38'),(4594,33,123,'2021-04-18 17:36:38','2021-04-18 17:37:38'),(4595,33,103,'2021-04-18 17:37:38','2021-04-18 17:42:38'),(4596,33,127,'2021-04-18 17:42:38','2021-04-18 19:42:38'),(4597,33,103,'2021-04-18 19:42:38','2021-04-18 19:45:38'),(4598,33,123,'2021-04-18 19:45:38','2021-04-18 19:46:38'),(4599,33,111,'2021-04-18 19:46:38','2021-04-18 19:51:38'),(4600,33,44,'2021-04-18 19:51:38',NULL),(4601,34,112,'2021-04-18 18:33:34','2021-04-18 18:36:34'),(4602,34,124,'2021-04-18 18:36:34','2021-04-18 18:37:34'),(4603,34,104,'2021-04-18 18:37:34','2021-04-18 18:42:34'),(4604,34,128,'2021-04-18 18:42:34','2021-04-18 20:42:34'),(4605,34,104,'2021-04-18 20:42:34','2021-04-18 20:45:34'),(4606,34,124,'2021-04-18 20:45:34','2021-04-18 20:46:34'),(4607,34,112,'2021-04-18 20:46:34','2021-04-18 20:51:34'),(4608,34,46,'2021-04-18 20:51:34',NULL),(4609,35,112,'2021-04-18 19:17:19','2021-04-18 19:20:19'),(4610,35,124,'2021-04-18 19:20:19','2021-04-18 19:21:19'),(4611,35,104,'2021-04-18 19:21:19','2021-04-18 19:26:19'),(4612,35,128,'2021-04-18 19:26:19','2021-04-18 21:26:19'),(4613,35,104,'2021-04-18 21:26:19','2021-04-18 21:29:19'),(4614,35,124,'2021-04-18 21:29:19','2021-04-18 21:30:19'),(4615,35,112,'2021-04-18 21:30:19','2021-04-18 21:35:19'),(4616,35,48,'2021-04-18 21:35:19',NULL),(4617,36,112,'2021-04-18 19:56:12','2021-04-18 19:59:12'),(4618,36,124,'2021-04-18 19:59:12','2021-04-18 20:00:12'),(4619,36,104,'2021-04-18 20:00:12','2021-04-18 20:05:12'),(4620,36,128,'2021-04-18 20:05:12','2021-04-18 22:05:12'),(4621,36,104,'2021-04-18 22:05:12','2021-04-18 22:08:12'),(4622,36,124,'2021-04-18 22:08:12','2021-04-18 22:09:12'),(4623,36,112,'2021-04-18 22:09:12','2021-04-18 22:14:12'),(4624,36,50,'2021-04-18 22:14:12',NULL),(4625,37,113,'2021-04-18 20:27:03','2021-04-18 20:30:03'),(4626,37,121,'2021-04-18 20:30:03','2021-04-18 20:31:03'),(4627,37,101,'2021-04-18 20:31:03','2021-04-18 20:36:03'),(4628,37,125,'2021-04-18 20:36:03','2021-04-18 22:36:03'),(4629,37,101,'2021-04-18 22:36:03','2021-04-18 22:39:03'),(4630,37,121,'2021-04-18 22:39:03','2021-04-18 22:40:03'),(4631,37,113,'2021-04-18 22:40:03','2021-04-18 22:45:03'),(4632,37,52,'2021-04-18 22:45:03','2021-04-20 21:18:39'),(4633,38,113,'2021-04-18 21:12:12','2021-04-18 21:15:12'),(4634,38,121,'2021-04-18 21:15:12','2021-04-18 21:16:12'),(4635,38,101,'2021-04-18 21:16:12','2021-04-18 21:21:12'),(4636,38,125,'2021-04-18 21:21:12','2021-04-18 23:21:12'),(4637,38,101,'2021-04-18 23:21:12','2021-04-18 23:24:12'),(4638,38,121,'2021-04-18 23:24:12','2021-04-18 23:25:12'),(4639,38,113,'2021-04-18 23:25:12','2021-04-18 23:30:12'),(4640,38,54,'2021-04-18 23:30:12',NULL),(4641,39,113,'2021-04-18 21:44:24','2021-04-18 21:47:24'),(4642,39,121,'2021-04-18 21:47:24','2021-04-18 21:48:24'),(4643,39,101,'2021-04-18 21:48:24','2021-04-18 21:53:24'),(4644,39,125,'2021-04-18 21:53:24','2021-04-18 23:53:24'),(4645,39,101,'2021-04-18 23:53:24','2021-04-18 23:56:24'),(4646,39,121,'2021-04-18 23:56:24','2021-04-18 23:57:24'),(4647,39,113,'2021-04-18 23:57:24','2021-04-19 00:02:24'),(4648,39,56,'2021-04-19 00:02:24','2021-04-20 22:00:51'),(4649,40,113,'2021-04-18 22:09:53','2021-04-18 22:12:53'),(4650,40,121,'2021-04-18 22:12:53','2021-04-18 22:13:53'),(4651,40,101,'2021-04-18 22:13:53','2021-04-18 22:18:53'),(4652,40,125,'2021-04-18 22:18:53','2021-04-19 00:18:53'),(4653,40,101,'2021-04-19 00:18:53','2021-04-19 00:21:53'),(4654,40,121,'2021-04-19 00:21:53','2021-04-19 00:22:53'),(4655,40,113,'2021-04-19 00:22:53','2021-04-19 00:27:53'),(4656,40,58,'2021-04-19 00:27:53','2021-04-20 22:36:27'),(4657,31,110,'2021-04-16 11:35:18','2021-04-16 11:38:18'),(4658,31,122,'2021-04-16 11:38:18','2021-04-16 11:39:18'),(4659,31,102,'2021-04-16 11:39:18','2021-04-16 11:44:18'),(4660,31,138,'2021-04-16 11:44:18','2021-04-16 13:44:18'),(4661,31,102,'2021-04-16 13:44:18','2021-04-16 13:47:18'),(4662,31,122,'2021-04-16 13:47:18','2021-04-16 13:48:18'),(4663,31,110,'2021-04-16 13:48:18','2021-04-16 13:53:18'),(4664,31,40,'2021-04-16 13:53:18','2021-04-17 15:06:44'),(4665,32,111,'2021-04-16 12:21:11','2021-04-16 12:24:11'),(4666,32,123,'2021-04-16 12:24:11','2021-04-16 12:25:11'),(4667,32,103,'2021-04-16 12:25:11','2021-04-16 12:30:11'),(4668,32,139,'2021-04-16 12:30:11','2021-04-16 14:30:11'),(4669,32,103,'2021-04-16 14:30:11','2021-04-16 14:33:11'),(4670,32,123,'2021-04-16 14:33:11','2021-04-16 14:34:11'),(4671,32,111,'2021-04-16 14:34:11','2021-04-16 14:39:11'),(4672,32,42,'2021-04-16 14:39:11','2021-04-17 15:29:19'),(4673,33,111,'2021-04-16 12:28:02','2021-04-16 12:31:02'),(4674,33,123,'2021-04-16 12:31:02','2021-04-16 12:32:02'),(4675,33,103,'2021-04-16 12:32:02','2021-04-16 12:37:02'),(4676,33,139,'2021-04-16 12:37:02','2021-04-16 14:37:02'),(4677,33,103,'2021-04-16 14:37:02','2021-04-16 14:40:02'),(4678,33,123,'2021-04-16 14:40:02','2021-04-16 14:41:02'),(4679,33,111,'2021-04-16 14:41:02','2021-04-16 14:46:02'),(4680,33,44,'2021-04-16 14:46:02','2021-04-17 16:20:46'),(4681,34,112,'2021-04-16 13:26:16','2021-04-16 13:29:16'),(4682,34,124,'2021-04-16 13:29:16','2021-04-16 13:30:16'),(4683,34,104,'2021-04-16 13:30:16','2021-04-16 13:35:16'),(4684,34,140,'2021-04-16 13:35:16','2021-04-16 15:35:16'),(4685,34,104,'2021-04-16 15:35:16','2021-04-16 15:38:16'),(4686,34,124,'2021-04-16 15:38:16','2021-04-16 15:39:16'),(4687,34,112,'2021-04-16 15:39:16','2021-04-16 15:44:16'),(4688,34,46,'2021-04-16 15:44:16','2021-04-17 17:06:06'),(4689,35,112,'2021-04-16 13:45:05','2021-04-16 13:48:05'),(4690,35,124,'2021-04-16 13:48:05','2021-04-16 13:49:05'),(4691,35,104,'2021-04-16 13:49:05','2021-04-16 13:54:05'),(4692,35,140,'2021-04-16 13:54:05','2021-04-16 15:54:05'),(4693,35,104,'2021-04-16 15:54:05','2021-04-16 15:57:05'),(4694,35,124,'2021-04-16 15:57:05','2021-04-16 15:58:05'),(4695,35,112,'2021-04-16 15:58:05','2021-04-16 16:03:05'),(4696,35,48,'2021-04-16 16:03:05','2021-04-17 17:31:09'),(4697,36,112,'2021-04-16 13:52:15','2021-04-16 13:55:15'),(4698,36,124,'2021-04-16 13:55:15','2021-04-16 13:56:15'),(4699,36,104,'2021-04-16 13:56:15','2021-04-16 14:01:15'),(4700,36,140,'2021-04-16 14:01:15','2021-04-16 16:01:15'),(4701,36,104,'2021-04-16 16:01:15','2021-04-16 16:04:15'),(4702,36,124,'2021-04-16 16:04:15','2021-04-16 16:05:15'),(4703,36,112,'2021-04-16 16:05:15','2021-04-16 16:10:15'),(4704,36,50,'2021-04-16 16:10:15','2021-04-17 17:34:12'),(4705,37,113,'2021-04-16 14:21:03','2021-04-16 14:24:03'),(4706,37,121,'2021-04-16 14:24:03','2021-04-16 14:25:03'),(4707,37,101,'2021-04-16 14:25:03','2021-04-16 14:30:03'),(4708,37,137,'2021-04-16 14:30:03','2021-04-16 16:30:03'),(4709,37,101,'2021-04-16 16:30:03','2021-04-16 16:33:03'),(4710,37,121,'2021-04-16 16:33:03','2021-04-16 16:34:03'),(4711,37,113,'2021-04-16 16:34:03','2021-04-16 16:39:03'),(4712,37,52,'2021-04-16 16:39:03','2021-04-17 17:42:42'),(4713,38,113,'2021-04-16 14:56:33','2021-04-16 14:59:33'),(4714,38,121,'2021-04-16 14:59:33','2021-04-16 15:00:33'),(4715,38,101,'2021-04-16 15:00:33','2021-04-16 15:05:33'),(4716,38,137,'2021-04-16 15:05:33','2021-04-16 17:05:33'),(4717,38,101,'2021-04-16 17:05:33','2021-04-16 17:08:33'),(4718,38,121,'2021-04-16 17:08:33','2021-04-16 17:09:33'),(4719,38,113,'2021-04-16 17:09:33','2021-04-16 17:14:33'),(4720,38,54,'2021-04-16 17:14:33','2021-04-17 17:47:32'),(4721,39,113,'2021-04-16 15:41:47','2021-04-16 15:44:47'),(4722,39,121,'2021-04-16 15:44:47','2021-04-16 15:45:47'),(4723,39,101,'2021-04-16 15:45:47','2021-04-16 15:50:47'),(4724,39,137,'2021-04-16 15:50:47','2021-04-16 17:50:47'),(4725,39,101,'2021-04-16 17:50:47','2021-04-16 17:53:47'),(4726,39,121,'2021-04-16 17:53:47','2021-04-16 17:54:47'),(4727,39,113,'2021-04-16 17:54:47','2021-04-16 17:59:47'),(4728,39,56,'2021-04-16 17:59:47','2021-04-17 18:46:57'),(4729,40,113,'2021-04-16 16:35:31','2021-04-16 16:38:31'),(4730,40,121,'2021-04-16 16:38:31','2021-04-16 16:39:31'),(4731,40,101,'2021-04-16 16:39:31','2021-04-16 16:44:31'),(4732,40,137,'2021-04-16 16:44:31','2021-04-16 18:44:31'),(4733,40,101,'2021-04-16 18:44:31','2021-04-16 18:47:31'),(4734,40,121,'2021-04-16 18:47:31','2021-04-16 18:48:31'),(4735,40,113,'2021-04-16 18:48:31','2021-04-16 18:53:31'),(4736,40,58,'2021-04-16 18:53:31','2021-04-17 18:51:05'),(4737,31,110,'2021-04-20 18:06:02','2021-04-20 18:09:02'),(4738,31,122,'2021-04-20 18:09:02','2021-04-20 18:10:02'),(4739,31,102,'2021-04-20 18:10:02','2021-04-20 18:15:02'),(4740,31,148,'2021-04-20 18:15:02','2021-04-20 20:15:02'),(4741,31,102,'2021-04-20 20:15:02','2021-04-20 20:18:02'),(4742,31,122,'2021-04-20 20:18:02','2021-04-20 20:19:02'),(4743,31,110,'2021-04-20 20:19:02','2021-04-20 20:24:02'),(4744,31,40,'2021-04-20 20:24:02',NULL),(4745,32,111,'2021-04-20 18:59:18','2021-04-20 19:02:18'),(4746,32,123,'2021-04-20 19:02:18','2021-04-20 19:03:18'),(4747,32,103,'2021-04-20 19:03:18','2021-04-20 19:08:18'),(4748,32,149,'2021-04-20 19:08:18','2021-04-20 21:08:18'),(4749,32,103,'2021-04-20 21:08:18','2021-04-20 21:11:18'),(4750,32,123,'2021-04-20 21:11:18','2021-04-20 21:12:18'),(4751,32,111,'2021-04-20 21:12:18','2021-04-20 21:17:18'),(4752,32,42,'2021-04-20 21:17:18',NULL),(4753,33,111,'2021-04-20 19:41:59','2021-04-20 19:44:59'),(4754,33,123,'2021-04-20 19:44:59','2021-04-20 19:45:59'),(4755,33,103,'2021-04-20 19:45:59','2021-04-20 19:50:59'),(4756,33,149,'2021-04-20 19:50:59','2021-04-20 21:50:59'),(4757,33,103,'2021-04-20 21:50:59','2021-04-20 21:53:59'),(4758,33,123,'2021-04-20 21:53:59','2021-04-20 21:54:59'),(4759,33,111,'2021-04-20 21:54:59','2021-04-20 21:59:59'),(4760,33,44,'2021-04-20 21:59:59',NULL),(4761,37,113,'2021-04-20 21:18:39','2021-04-20 21:21:39'),(4762,37,121,'2021-04-20 21:21:39','2021-04-20 21:22:39'),(4763,37,101,'2021-04-20 21:22:39','2021-04-20 21:27:39'),(4764,37,147,'2021-04-20 21:27:39','2021-04-20 23:27:39'),(4765,37,101,'2021-04-20 23:27:39','2021-04-20 23:30:39'),(4766,37,121,'2021-04-20 23:30:39','2021-04-20 23:31:39'),(4767,37,113,'2021-04-20 23:31:39','2021-04-20 23:36:39'),(4768,37,52,'2021-04-20 23:36:39',NULL),(4769,38,113,'2021-04-20 21:43:46','2021-04-20 21:46:46'),(4770,38,121,'2021-04-20 21:46:46','2021-04-20 21:47:46'),(4771,38,101,'2021-04-20 21:47:46','2021-04-20 21:52:46'),(4772,38,147,'2021-04-20 21:52:46','2021-04-20 23:52:46'),(4773,38,101,'2021-04-20 23:52:46','2021-04-20 23:55:46'),(4774,38,121,'2021-04-20 23:55:46','2021-04-20 23:56:46'),(4775,38,113,'2021-04-20 23:56:46','2021-04-21 00:01:46'),(4776,38,54,'2021-04-21 00:01:46',NULL),(4777,39,113,'2021-04-20 22:00:51','2021-04-20 22:03:51'),(4778,39,121,'2021-04-20 22:03:51','2021-04-20 22:04:51'),(4779,39,101,'2021-04-20 22:04:51','2021-04-20 22:09:51'),(4780,39,147,'2021-04-20 22:09:51','2021-04-21 00:09:51'),(4781,39,101,'2021-04-21 00:09:51','2021-04-21 00:12:51'),(4782,39,121,'2021-04-21 00:12:51','2021-04-21 00:13:51'),(4783,39,113,'2021-04-21 00:13:51','2021-04-21 00:18:51'),(4784,39,56,'2021-04-21 00:18:51',NULL),(4785,40,113,'2021-04-20 22:36:27','2021-04-20 22:39:27'),(4786,40,121,'2021-04-20 22:39:27','2021-04-20 22:40:27'),(4787,40,101,'2021-04-20 22:40:27','2021-04-20 22:45:27'),(4788,40,147,'2021-04-20 22:45:27','2021-04-21 00:45:27'),(4789,40,101,'2021-04-21 00:45:27','2021-04-21 00:48:27'),(4790,40,121,'2021-04-21 00:48:27','2021-04-21 00:49:27'),(4791,40,113,'2021-04-21 00:49:27','2021-04-21 00:54:27'),(4792,40,58,'2021-04-21 00:54:27',NULL),(4793,31,110,'2021-04-17 15:06:44','2021-04-17 15:09:44'),(4794,31,122,'2021-04-17 15:09:44','2021-04-17 15:10:44'),(4795,31,102,'2021-04-17 15:10:44','2021-04-17 15:15:44'),(4796,31,133,'2021-04-17 15:15:44','2021-04-17 17:15:44'),(4797,31,102,'2021-04-17 17:15:44','2021-04-17 17:18:44'),(4798,31,122,'2021-04-17 17:18:44','2021-04-17 17:19:44'),(4799,31,110,'2021-04-17 17:19:44','2021-04-17 17:24:44'),(4800,31,40,'2021-04-17 17:24:44','2021-04-18 18:56:06'),(4801,32,111,'2021-04-17 15:29:19','2021-04-17 15:32:19'),(4802,32,123,'2021-04-17 15:32:19','2021-04-17 15:33:19'),(4803,32,103,'2021-04-17 15:33:19','2021-04-17 15:38:19'),(4804,32,134,'2021-04-17 15:38:19','2021-04-17 17:38:19'),(4805,32,103,'2021-04-17 17:38:19','2021-04-17 17:41:19'),(4806,32,123,'2021-04-17 17:41:19','2021-04-17 17:42:19'),(4807,32,111,'2021-04-17 17:42:19','2021-04-17 17:47:19'),(4808,32,42,'2021-04-17 17:47:19','2021-04-18 19:37:11'),(4809,33,111,'2021-04-17 16:20:46','2021-04-17 16:23:46'),(4810,33,123,'2021-04-17 16:23:46','2021-04-17 16:24:46'),(4811,33,103,'2021-04-17 16:24:46','2021-04-17 16:29:46'),(4812,33,134,'2021-04-17 16:29:46','2021-04-17 18:29:46'),(4813,33,103,'2021-04-17 18:29:46','2021-04-17 18:32:46'),(4814,33,123,'2021-04-17 18:32:46','2021-04-17 18:33:46'),(4815,33,111,'2021-04-17 18:33:46','2021-04-17 18:38:46'),(4816,33,44,'2021-04-17 18:38:46',NULL),(4817,34,112,'2021-04-17 17:06:06','2021-04-17 17:09:06'),(4818,34,124,'2021-04-17 17:09:06','2021-04-17 17:10:06'),(4819,34,104,'2021-04-17 17:10:06','2021-04-17 17:15:06'),(4820,34,135,'2021-04-17 17:15:06','2021-04-17 19:15:06'),(4821,34,104,'2021-04-17 19:15:06','2021-04-17 19:18:06'),(4822,34,124,'2021-04-17 19:18:06','2021-04-17 19:19:06'),(4823,34,112,'2021-04-17 19:19:06','2021-04-17 19:24:06'),(4824,34,46,'2021-04-17 19:24:06',NULL),(4825,35,112,'2021-04-17 17:31:09','2021-04-17 17:34:09'),(4826,35,124,'2021-04-17 17:34:09','2021-04-17 17:35:09'),(4827,35,104,'2021-04-17 17:35:09','2021-04-17 17:40:09'),(4828,35,135,'2021-04-17 17:40:09','2021-04-17 19:40:09'),(4829,35,104,'2021-04-17 19:40:09','2021-04-17 19:43:09'),(4830,35,124,'2021-04-17 19:43:09','2021-04-17 19:44:09'),(4831,35,112,'2021-04-17 19:44:09','2021-04-17 19:49:09'),(4832,35,48,'2021-04-17 19:49:09',NULL),(4833,36,112,'2021-04-17 17:34:12','2021-04-17 17:37:12'),(4834,36,124,'2021-04-17 17:37:12','2021-04-17 17:38:12'),(4835,36,104,'2021-04-17 17:38:12','2021-04-17 17:43:12'),(4836,36,135,'2021-04-17 17:43:12','2021-04-17 19:43:12'),(4837,36,104,'2021-04-17 19:43:12','2021-04-17 19:46:12'),(4838,36,124,'2021-04-17 19:46:12','2021-04-17 19:47:12'),(4839,36,112,'2021-04-17 19:47:12','2021-04-17 19:52:12'),(4840,36,50,'2021-04-17 19:52:12',NULL),(4841,37,113,'2021-04-17 17:42:42','2021-04-17 17:45:42'),(4842,37,121,'2021-04-17 17:45:42','2021-04-17 17:46:42'),(4843,37,101,'2021-04-17 17:46:42','2021-04-17 17:51:42'),(4844,37,132,'2021-04-17 17:51:42','2021-04-17 19:51:42'),(4845,37,101,'2021-04-17 19:51:42','2021-04-17 19:54:42'),(4846,37,121,'2021-04-17 19:54:42','2021-04-17 19:55:42'),(4847,37,113,'2021-04-17 19:55:42','2021-04-17 20:00:42'),(4848,37,52,'2021-04-17 20:00:42','2021-04-18 22:19:01'),(4849,38,113,'2021-04-17 17:47:32','2021-04-17 17:50:32'),(4850,38,121,'2021-04-17 17:50:32','2021-04-17 17:51:32'),(4851,38,101,'2021-04-17 17:51:32','2021-04-17 17:56:32'),(4852,38,132,'2021-04-17 17:56:32','2021-04-17 19:56:32'),(4853,38,101,'2021-04-17 19:56:32','2021-04-17 19:59:32'),(4854,38,121,'2021-04-17 19:59:32','2021-04-17 20:00:32'),(4855,38,113,'2021-04-17 20:00:32','2021-04-17 20:05:32'),(4856,38,54,'2021-04-17 20:05:32',NULL),(4857,39,113,'2021-04-17 18:46:57','2021-04-17 18:49:57'),(4858,39,121,'2021-04-17 18:49:57','2021-04-17 18:50:57'),(4859,39,101,'2021-04-17 18:50:57','2021-04-17 18:55:57'),(4860,39,132,'2021-04-17 18:55:57','2021-04-17 20:55:57'),(4861,39,101,'2021-04-17 20:55:57','2021-04-17 20:58:57'),(4862,39,121,'2021-04-17 20:58:57','2021-04-17 20:59:57'),(4863,39,113,'2021-04-17 20:59:57','2021-04-17 21:04:57'),(4864,39,56,'2021-04-17 21:04:57','2021-04-18 23:42:44'),(4865,40,113,'2021-04-17 18:51:05','2021-04-17 18:54:05'),(4866,40,121,'2021-04-17 18:54:05','2021-04-17 18:55:05'),(4867,40,101,'2021-04-17 18:55:05','2021-04-17 19:00:05'),(4868,40,132,'2021-04-17 19:00:05','2021-04-17 21:00:05'),(4869,40,101,'2021-04-17 21:00:05','2021-04-17 21:03:05'),(4870,40,121,'2021-04-17 21:03:05','2021-04-17 21:04:05'),(4871,40,113,'2021-04-17 21:04:05','2021-04-17 21:09:05'),(4872,40,58,'2021-04-17 21:09:05','2021-04-19 00:40:07'),(4873,31,110,'2021-04-18 18:56:06','2021-04-18 18:59:06'),(4874,31,122,'2021-04-18 18:59:06','2021-04-18 19:00:06'),(4875,31,102,'2021-04-18 19:00:06','2021-04-18 19:05:06'),(4876,31,130,'2021-04-18 19:05:06','2021-04-18 21:05:06'),(4877,31,102,'2021-04-18 21:05:06','2021-04-18 21:08:06'),(4878,31,122,'2021-04-18 21:08:06','2021-04-18 21:09:06'),(4879,31,110,'2021-04-18 21:09:06','2021-04-18 21:14:06'),(4880,31,40,'2021-04-18 21:14:06',NULL),(4881,32,111,'2021-04-18 19:37:11','2021-04-18 19:40:11'),(4882,32,123,'2021-04-18 19:40:11','2021-04-18 19:41:11'),(4883,32,103,'2021-04-18 19:41:11','2021-04-18 19:46:11'),(4884,32,131,'2021-04-18 19:46:11','2021-04-18 21:46:11'),(4885,32,103,'2021-04-18 21:46:11','2021-04-18 21:49:11'),(4886,32,123,'2021-04-18 21:49:11','2021-04-18 21:50:11'),(4887,32,111,'2021-04-18 21:50:11','2021-04-18 21:55:11'),(4888,32,42,'2021-04-18 21:55:11',NULL),(4889,33,111,'2021-04-18 20:00:50','2021-04-18 20:03:50'),(4890,33,123,'2021-04-18 20:03:50','2021-04-18 20:04:50'),(4891,33,103,'2021-04-18 20:04:50','2021-04-18 20:09:50'),(4892,33,131,'2021-04-18 20:09:50','2021-04-18 22:09:50'),(4893,33,103,'2021-04-18 22:09:50','2021-04-18 22:12:50'),(4894,33,123,'2021-04-18 22:12:50','2021-04-18 22:13:50'),(4895,33,111,'2021-04-18 22:13:50','2021-04-18 22:18:50'),(4896,33,44,'2021-04-18 22:18:50',NULL),(4897,37,113,'2021-04-18 22:19:01','2021-04-18 22:22:01'),(4898,37,121,'2021-04-18 22:22:01','2021-04-18 22:23:01'),(4899,37,101,'2021-04-18 22:23:01','2021-04-18 22:28:01'),(4900,37,129,'2021-04-18 22:28:01','2021-04-19 00:28:01'),(4901,37,101,'2021-04-19 00:28:01','2021-04-19 00:31:01'),(4902,37,121,'2021-04-19 00:31:01','2021-04-19 00:32:01'),(4903,37,113,'2021-04-19 00:32:01','2021-04-19 00:37:01'),(4904,37,52,'2021-04-19 00:37:01',NULL),(4905,38,113,'2021-04-18 23:15:16','2021-04-18 23:18:16'),(4906,38,121,'2021-04-18 23:18:16','2021-04-18 23:19:16'),(4907,38,101,'2021-04-18 23:19:16','2021-04-18 23:24:16'),(4908,38,129,'2021-04-18 23:24:16','2021-04-19 01:24:16'),(4909,38,101,'2021-04-19 01:24:16','2021-04-19 01:27:16'),(4910,38,121,'2021-04-19 01:27:16','2021-04-19 01:28:16'),(4911,38,113,'2021-04-19 01:28:16','2021-04-19 01:33:16'),(4912,38,54,'2021-04-19 01:33:16',NULL),(4913,39,113,'2021-04-18 23:42:44','2021-04-18 23:45:44'),(4914,39,121,'2021-04-18 23:45:44','2021-04-18 23:46:44'),(4915,39,101,'2021-04-18 23:46:44','2021-04-18 23:51:44'),(4916,39,129,'2021-04-18 23:51:44','2021-04-19 01:51:44'),(4917,39,101,'2021-04-19 01:51:44','2021-04-19 01:54:44'),(4918,39,121,'2021-04-19 01:54:44','2021-04-19 01:55:44'),(4919,39,113,'2021-04-19 01:55:44','2021-04-19 02:00:44'),(4920,39,56,'2021-04-19 02:00:44',NULL),(4921,40,113,'2021-04-19 00:40:07','2021-04-19 00:43:07'),(4922,40,121,'2021-04-19 00:43:07','2021-04-19 00:44:07'),(4923,40,101,'2021-04-19 00:44:07','2021-04-19 00:49:07'),(4924,40,129,'2021-04-19 00:49:07','2021-04-19 02:49:07'),(4925,40,101,'2021-04-19 02:49:07','2021-04-19 02:52:07'),(4926,40,121,'2021-04-19 02:52:07','2021-04-19 02:53:07'),(4927,40,113,'2021-04-19 02:53:07','2021-04-19 02:58:07'),(4928,40,58,'2021-04-19 02:58:07',NULL),(4929,42,110,'2021-03-20 14:40:52','2021-03-20 14:43:52'),(4930,42,122,'2021-03-20 14:43:52','2021-03-20 14:44:52'),(4931,42,102,'2021-03-20 14:44:52','2021-03-20 14:49:52'),(4932,42,126,'2021-03-20 14:49:52','2021-03-20 16:49:52'),(4933,42,102,'2021-03-20 16:49:52','2021-03-20 16:52:52'),(4934,42,122,'2021-03-20 16:52:52','2021-03-20 16:53:52'),(4935,42,110,'2021-03-20 16:53:52','2021-03-20 16:58:52'),(4936,42,40,'2021-03-20 16:58:52',NULL),(4937,43,111,'2021-03-20 14:59:44','2021-03-20 15:02:44'),(4938,43,123,'2021-03-20 15:02:44','2021-03-20 15:03:44'),(4939,43,103,'2021-03-20 15:03:44','2021-03-20 15:08:44'),(4940,43,127,'2021-03-20 15:08:44','2021-03-20 17:08:44'),(4941,43,103,'2021-03-20 17:08:44','2021-03-20 17:11:44'),(4942,43,123,'2021-03-20 17:11:44','2021-03-20 17:12:44'),(4943,43,111,'2021-03-20 17:12:44','2021-03-20 17:17:44'),(4944,43,42,'2021-03-20 17:17:44',NULL),(4945,44,111,'2021-03-20 15:28:28','2021-03-20 15:31:28'),(4946,44,123,'2021-03-20 15:31:28','2021-03-20 15:32:28'),(4947,44,103,'2021-03-20 15:32:28','2021-03-20 15:37:28'),(4948,44,127,'2021-03-20 15:37:28','2021-03-20 17:37:28'),(4949,44,103,'2021-03-20 17:37:28','2021-03-20 17:40:28'),(4950,44,123,'2021-03-20 17:40:28','2021-03-20 17:41:28'),(4951,44,111,'2021-03-20 17:41:28','2021-03-20 17:46:28'),(4952,44,44,'2021-03-20 17:46:28',NULL),(4953,45,112,'2021-03-20 15:43:25','2021-03-20 15:46:25'),(4954,45,124,'2021-03-20 15:46:25','2021-03-20 15:47:25'),(4955,45,104,'2021-03-20 15:47:25','2021-03-20 15:52:25'),(4956,45,128,'2021-03-20 15:52:25','2021-03-20 17:52:25'),(4957,45,104,'2021-03-20 17:52:25','2021-03-20 17:55:25'),(4958,45,124,'2021-03-20 17:55:25','2021-03-20 17:56:25'),(4959,45,112,'2021-03-20 17:56:25','2021-03-20 18:01:25'),(4960,45,46,'2021-03-20 18:01:25',NULL),(4961,46,112,'2021-03-20 15:46:50','2021-03-20 15:49:50'),(4962,46,124,'2021-03-20 15:49:50','2021-03-20 15:50:50'),(4963,46,104,'2021-03-20 15:50:50','2021-03-20 15:55:50'),(4964,46,128,'2021-03-20 15:55:50','2021-03-20 17:55:50'),(4965,46,104,'2021-03-20 17:55:50','2021-03-20 17:58:50'),(4966,46,124,'2021-03-20 17:58:50','2021-03-20 17:59:50'),(4967,46,112,'2021-03-20 17:59:50','2021-03-20 18:04:50'),(4968,46,48,'2021-03-20 18:04:50',NULL),(4969,47,112,'2021-03-20 16:41:06','2021-03-20 16:44:06'),(4970,47,124,'2021-03-20 16:44:06','2021-03-20 16:45:06'),(4971,47,104,'2021-03-20 16:45:06','2021-03-20 16:50:06'),(4972,47,128,'2021-03-20 16:50:06','2021-03-20 18:50:06'),(4973,47,104,'2021-03-20 18:50:06','2021-03-20 18:53:06'),(4974,47,124,'2021-03-20 18:53:06','2021-03-20 18:54:06'),(4975,47,112,'2021-03-20 18:54:06','2021-03-20 18:59:06'),(4976,47,50,'2021-03-20 18:59:06',NULL),(4977,48,113,'2021-03-20 17:20:30','2021-03-20 17:23:30'),(4978,48,121,'2021-03-20 17:23:30','2021-03-20 17:24:30'),(4979,48,101,'2021-03-20 17:24:30','2021-03-20 17:29:30'),(4980,48,125,'2021-03-20 17:29:30','2021-03-20 19:29:30'),(4981,48,101,'2021-03-20 19:29:30','2021-03-20 19:32:30'),(4982,48,121,'2021-03-20 19:32:30','2021-03-20 19:33:30'),(4983,48,113,'2021-03-20 19:33:30','2021-03-20 19:38:30'),(4984,48,52,'2021-03-20 19:38:30',NULL),(4985,49,113,'2021-03-20 17:23:32','2021-03-20 17:26:32'),(4986,49,121,'2021-03-20 17:26:32','2021-03-20 17:27:32'),(4987,49,101,'2021-03-20 17:27:32','2021-03-20 17:32:32'),(4988,49,125,'2021-03-20 17:32:32','2021-03-20 19:32:32'),(4989,49,101,'2021-03-20 19:32:32','2021-03-20 19:35:32'),(4990,49,121,'2021-03-20 19:35:32','2021-03-20 19:36:32'),(4991,49,113,'2021-03-20 19:36:32','2021-03-20 19:41:32'),(4992,49,54,'2021-03-20 19:41:32',NULL),(4993,50,113,'2021-03-20 18:24:28','2021-03-20 18:27:28'),(4994,50,121,'2021-03-20 18:27:28','2021-03-20 18:28:28'),(4995,50,101,'2021-03-20 18:28:28','2021-03-20 18:33:28'),(4996,50,125,'2021-03-20 18:33:28','2021-03-20 20:33:28'),(4997,50,101,'2021-03-20 20:33:28','2021-03-20 20:36:28'),(4998,50,121,'2021-03-20 20:36:28','2021-03-20 20:37:28'),(4999,50,113,'2021-03-20 20:37:28','2021-03-20 20:42:28'),(5000,50,56,'2021-03-20 20:42:28',NULL),(5001,51,113,'2021-03-20 19:01:46','2021-03-20 19:04:46'),(5002,51,121,'2021-03-20 19:04:46','2021-03-20 19:05:46'),(5003,51,101,'2021-03-20 19:05:46','2021-03-20 19:10:46'),(5004,51,125,'2021-03-20 19:10:46','2021-03-20 21:10:46'),(5005,51,101,'2021-03-20 21:10:46','2021-03-20 21:13:46'),(5006,51,121,'2021-03-20 21:13:46','2021-03-20 21:14:46'),(5007,51,113,'2021-03-20 21:14:46','2021-03-20 21:19:46'),(5008,51,58,'2021-03-20 21:19:46',NULL),(5009,52,113,'2021-03-20 19:41:07','2021-03-20 19:44:07'),(5010,52,121,'2021-03-20 19:44:07','2021-03-20 19:45:07'),(5011,52,101,'2021-03-20 19:45:07','2021-03-20 19:50:07'),(5012,52,125,'2021-03-20 19:50:07','2021-03-20 21:50:07'),(5013,52,101,'2021-03-20 21:50:07','2021-03-20 21:53:07'),(5014,52,121,'2021-03-20 21:53:07','2021-03-20 21:54:07'),(5015,52,113,'2021-03-20 21:54:07','2021-03-20 21:59:07'),(5016,52,60,'2021-03-20 21:59:07',NULL),(5017,53,114,'2021-03-20 20:26:50','2021-03-20 20:29:50'),(5018,53,122,'2021-03-20 20:29:50','2021-03-20 20:30:50'),(5019,53,102,'2021-03-20 20:30:50','2021-03-20 20:35:50'),(5020,53,126,'2021-03-20 20:35:50','2021-03-20 22:35:50'),(5021,53,102,'2021-03-20 22:35:50','2021-03-20 22:38:50'),(5022,53,122,'2021-03-20 22:38:50','2021-03-20 22:39:50'),(5023,53,114,'2021-03-20 22:39:50','2021-03-20 22:44:50'),(5024,53,62,'2021-03-20 22:44:50',NULL),(5025,54,114,'2021-03-20 20:45:13','2021-03-20 20:48:13'),(5026,54,122,'2021-03-20 20:48:13','2021-03-20 20:49:13'),(5027,54,102,'2021-03-20 20:49:13','2021-03-20 20:54:13'),(5028,54,126,'2021-03-20 20:54:13','2021-03-20 22:54:13'),(5029,54,102,'2021-03-20 22:54:13','2021-03-20 22:57:13'),(5030,54,122,'2021-03-20 22:57:13','2021-03-20 22:58:13'),(5031,54,114,'2021-03-20 22:58:13','2021-03-20 23:03:13'),(5032,54,64,'2021-03-20 23:03:13',NULL),(5033,55,115,'2021-03-20 20:47:08','2021-03-20 20:50:08'),(5034,55,123,'2021-03-20 20:50:08','2021-03-20 20:51:08'),(5035,55,103,'2021-03-20 20:51:08','2021-03-20 20:56:08'),(5036,55,127,'2021-03-20 20:56:08','2021-03-20 22:56:08'),(5037,55,103,'2021-03-20 22:56:08','2021-03-20 22:59:08'),(5038,55,123,'2021-03-20 22:59:08','2021-03-20 23:00:08'),(5039,55,115,'2021-03-20 23:00:08','2021-03-20 23:05:08'),(5040,55,66,'2021-03-20 23:05:08',NULL),(5041,56,115,'2021-03-20 21:17:51','2021-03-20 21:20:51'),(5042,56,123,'2021-03-20 21:20:51','2021-03-20 21:21:51'),(5043,56,103,'2021-03-20 21:21:51','2021-03-20 21:26:51'),(5044,56,127,'2021-03-20 21:26:51','2021-03-20 23:26:51'),(5045,56,103,'2021-03-20 23:26:51','2021-03-20 23:29:51'),(5046,56,123,'2021-03-20 23:29:51','2021-03-20 23:30:51'),(5047,56,115,'2021-03-20 23:30:51','2021-03-20 23:35:51'),(5048,56,68,'2021-03-20 23:35:51',NULL),(5049,57,115,'2021-03-20 21:25:17','2021-03-20 21:28:17'),(5050,57,123,'2021-03-20 21:28:17','2021-03-20 21:29:17'),(5051,57,103,'2021-03-20 21:29:17','2021-03-20 21:34:17'),(5052,57,127,'2021-03-20 21:34:17','2021-03-20 23:34:17'),(5053,57,103,'2021-03-20 23:34:17','2021-03-20 23:37:17'),(5054,57,123,'2021-03-20 23:37:17','2021-03-20 23:38:17'),(5055,57,115,'2021-03-20 23:38:17','2021-03-20 23:43:17'),(5056,57,70,'2021-03-20 23:43:17',NULL),(5057,58,116,'2021-03-20 22:12:54','2021-03-20 22:15:54'),(5058,58,124,'2021-03-20 22:15:54','2021-03-20 22:16:54'),(5059,58,104,'2021-03-20 22:16:54','2021-03-20 22:21:54'),(5060,58,128,'2021-03-20 22:21:54','2021-03-21 00:21:54'),(5061,58,104,'2021-03-21 00:21:54','2021-03-21 00:24:54'),(5062,58,124,'2021-03-21 00:24:54','2021-03-21 00:25:54'),(5063,58,116,'2021-03-21 00:25:54','2021-03-21 00:30:54'),(5064,58,72,'2021-03-21 00:30:54',NULL),(5065,59,116,'2021-03-20 22:58:48','2021-03-20 23:01:48'),(5066,59,124,'2021-03-20 23:01:48','2021-03-20 23:02:48'),(5067,59,104,'2021-03-20 23:02:48','2021-03-20 23:07:48'),(5068,59,128,'2021-03-20 23:07:48','2021-03-21 01:07:48'),(5069,59,104,'2021-03-21 01:07:48','2021-03-21 01:10:48'),(5070,59,124,'2021-03-21 01:10:48','2021-03-21 01:11:48'),(5071,59,116,'2021-03-21 01:11:48','2021-03-21 01:16:48'),(5072,59,74,'2021-03-21 01:16:48',NULL),(5073,60,117,'2021-03-20 23:12:09','2021-03-20 23:15:09'),(5074,60,121,'2021-03-20 23:15:09','2021-03-20 23:16:09'),(5075,60,101,'2021-03-20 23:16:09','2021-03-20 23:21:09'),(5076,60,125,'2021-03-20 23:21:09','2021-03-21 01:21:09'),(5077,60,101,'2021-03-21 01:21:09','2021-03-21 01:24:09'),(5078,60,121,'2021-03-21 01:24:09','2021-03-21 01:25:09'),(5079,60,117,'2021-03-21 01:25:09','2021-03-21 01:30:09'),(5080,60,76,'2021-03-21 01:30:09',NULL),(5081,61,117,'2021-03-20 23:19:38','2021-03-20 23:22:38'),(5082,61,121,'2021-03-20 23:22:38','2021-03-20 23:23:38'),(5083,61,101,'2021-03-20 23:23:38','2021-03-20 23:28:38'),(5084,61,125,'2021-03-20 23:28:38','2021-03-21 01:28:38'),(5085,61,101,'2021-03-21 01:28:38','2021-03-21 01:31:38'),(5086,61,121,'2021-03-21 01:31:38','2021-03-21 01:32:38'),(5087,61,117,'2021-03-21 01:32:38','2021-03-21 01:37:38'),(5088,61,78,'2021-03-21 01:37:38',NULL),(5089,42,110,'2021-03-16 09:49:58','2021-03-16 09:52:58'),(5090,42,122,'2021-03-16 09:52:58','2021-03-16 09:53:58'),(5091,42,102,'2021-03-16 09:53:58','2021-03-16 09:58:58'),(5092,42,138,'2021-03-16 09:58:58','2021-03-16 11:58:58'),(5093,42,102,'2021-03-16 11:58:58','2021-03-16 12:01:58'),(5094,42,122,'2021-03-16 12:01:58','2021-03-16 12:02:58'),(5095,42,110,'2021-03-16 12:02:58','2021-03-16 12:07:58'),(5096,42,40,'2021-03-16 12:07:58','2021-03-19 19:33:56'),(5097,43,111,'2021-03-16 10:16:12','2021-03-16 10:19:12'),(5098,43,123,'2021-03-16 10:19:12','2021-03-16 10:20:12'),(5099,43,103,'2021-03-16 10:20:12','2021-03-16 10:25:12'),(5100,43,139,'2021-03-16 10:25:12','2021-03-16 12:25:12'),(5101,43,103,'2021-03-16 12:25:12','2021-03-16 12:28:12'),(5102,43,123,'2021-03-16 12:28:12','2021-03-16 12:29:12'),(5103,43,111,'2021-03-16 12:29:12','2021-03-16 12:34:12'),(5104,43,42,'2021-03-16 12:34:12','2021-03-19 20:34:10'),(5105,44,111,'2021-03-16 11:08:51','2021-03-16 11:11:51'),(5106,44,123,'2021-03-16 11:11:51','2021-03-16 11:12:51'),(5107,44,103,'2021-03-16 11:12:51','2021-03-16 11:17:51'),(5108,44,139,'2021-03-16 11:17:51','2021-03-16 13:17:51'),(5109,44,103,'2021-03-16 13:17:51','2021-03-16 13:20:51'),(5110,44,123,'2021-03-16 13:20:51','2021-03-16 13:21:51'),(5111,44,111,'2021-03-16 13:21:51','2021-03-16 13:26:51'),(5112,44,44,'2021-03-16 13:26:51','2021-03-19 20:43:11'),(5113,45,112,'2021-03-16 11:43:52','2021-03-16 11:46:52'),(5114,45,124,'2021-03-16 11:46:52','2021-03-16 11:47:52'),(5115,45,104,'2021-03-16 11:47:52','2021-03-16 11:52:52'),(5116,45,140,'2021-03-16 11:52:52','2021-03-16 13:52:52'),(5117,45,104,'2021-03-16 13:52:52','2021-03-16 13:55:52'),(5118,45,124,'2021-03-16 13:55:52','2021-03-16 13:56:52'),(5119,45,112,'2021-03-16 13:56:52','2021-03-16 14:01:52'),(5120,45,46,'2021-03-16 14:01:52','2021-03-17 16:55:47'),(5121,46,112,'2021-03-16 12:01:16','2021-03-16 12:04:16'),(5122,46,124,'2021-03-16 12:04:16','2021-03-16 12:05:16'),(5123,46,104,'2021-03-16 12:05:16','2021-03-16 12:10:16'),(5124,46,140,'2021-03-16 12:10:16','2021-03-16 14:10:16'),(5125,46,104,'2021-03-16 14:10:16','2021-03-16 14:13:16'),(5126,46,124,'2021-03-16 14:13:16','2021-03-16 14:14:16'),(5127,46,112,'2021-03-16 14:14:16','2021-03-16 14:19:16'),(5128,46,48,'2021-03-16 14:19:16','2021-03-17 17:24:40'),(5129,47,112,'2021-03-16 12:08:41','2021-03-16 12:11:41'),(5130,47,124,'2021-03-16 12:11:41','2021-03-16 12:12:41'),(5131,47,104,'2021-03-16 12:12:41','2021-03-16 12:17:41'),(5132,47,140,'2021-03-16 12:17:41','2021-03-16 14:17:41'),(5133,47,104,'2021-03-16 14:17:41','2021-03-16 14:20:41'),(5134,47,124,'2021-03-16 14:20:41','2021-03-16 14:21:41'),(5135,47,112,'2021-03-16 14:21:41','2021-03-16 14:26:41'),(5136,47,50,'2021-03-16 14:26:41','2021-03-17 17:27:11'),(5137,48,113,'2021-03-16 12:48:48','2021-03-16 12:51:48'),(5138,48,121,'2021-03-16 12:51:48','2021-03-16 12:52:48'),(5139,48,101,'2021-03-16 12:52:48','2021-03-16 12:57:48'),(5140,48,137,'2021-03-16 12:57:48','2021-03-16 14:57:48'),(5141,48,101,'2021-03-16 14:57:48','2021-03-16 15:00:48'),(5142,48,121,'2021-03-16 15:00:48','2021-03-16 15:01:48'),(5143,48,113,'2021-03-16 15:01:48','2021-03-16 15:06:48'),(5144,48,52,'2021-03-16 15:06:48','2021-03-19 22:17:39'),(5145,49,113,'2021-03-16 13:24:21','2021-03-16 13:27:21'),(5146,49,121,'2021-03-16 13:27:21','2021-03-16 13:28:21'),(5147,49,101,'2021-03-16 13:28:21','2021-03-16 13:33:21'),(5148,49,137,'2021-03-16 13:33:21','2021-03-16 15:33:21'),(5149,49,101,'2021-03-16 15:33:21','2021-03-16 15:36:21'),(5150,49,121,'2021-03-16 15:36:21','2021-03-16 15:37:21'),(5151,49,113,'2021-03-16 15:37:21','2021-03-16 15:42:21'),(5152,49,54,'2021-03-16 15:42:21','2021-03-19 22:59:55'),(5153,50,113,'2021-03-16 14:24:42','2021-03-16 14:27:42'),(5154,50,121,'2021-03-16 14:27:42','2021-03-16 14:28:42'),(5155,50,101,'2021-03-16 14:28:42','2021-03-16 14:33:42'),(5156,50,137,'2021-03-16 14:33:42','2021-03-16 16:33:42'),(5157,50,101,'2021-03-16 16:33:42','2021-03-16 16:36:42'),(5158,50,121,'2021-03-16 16:36:42','2021-03-16 16:37:42'),(5159,50,113,'2021-03-16 16:37:42','2021-03-16 16:42:42'),(5160,50,56,'2021-03-16 16:42:42','2021-03-19 23:13:14'),(5161,51,113,'2021-03-16 15:07:10','2021-03-16 15:10:10'),(5162,51,121,'2021-03-16 15:10:10','2021-03-16 15:11:10'),(5163,51,101,'2021-03-16 15:11:10','2021-03-16 15:16:10'),(5164,51,137,'2021-03-16 15:16:10','2021-03-16 17:16:10'),(5165,51,101,'2021-03-16 17:16:10','2021-03-16 17:19:10'),(5166,51,121,'2021-03-16 17:19:10','2021-03-16 17:20:10'),(5167,51,113,'2021-03-16 17:20:10','2021-03-16 17:25:10'),(5168,51,58,'2021-03-16 17:25:10','2021-03-20 00:06:41'),(5169,52,113,'2021-03-16 15:23:00','2021-03-16 15:26:00'),(5170,52,121,'2021-03-16 15:26:00','2021-03-16 15:27:00'),(5171,52,101,'2021-03-16 15:27:00','2021-03-16 15:32:00'),(5172,52,137,'2021-03-16 15:32:00','2021-03-16 17:32:00'),(5173,52,101,'2021-03-16 17:32:00','2021-03-16 17:35:00'),(5174,52,121,'2021-03-16 17:35:00','2021-03-16 17:36:00'),(5175,52,113,'2021-03-16 17:36:00','2021-03-16 17:41:00'),(5176,52,60,'2021-03-16 17:41:00','2021-03-20 00:44:23'),(5177,53,114,'2021-03-16 15:49:37','2021-03-16 15:52:37'),(5178,53,122,'2021-03-16 15:52:37','2021-03-16 15:53:37'),(5179,53,102,'2021-03-16 15:53:37','2021-03-16 15:58:37'),(5180,53,138,'2021-03-16 15:58:37','2021-03-16 17:58:37'),(5181,53,102,'2021-03-16 17:58:37','2021-03-16 18:01:37'),(5182,53,122,'2021-03-16 18:01:37','2021-03-16 18:02:37'),(5183,53,114,'2021-03-16 18:02:37','2021-03-16 18:07:37'),(5184,53,62,'2021-03-16 18:07:37','2021-03-20 01:25:38'),(5185,54,114,'2021-03-16 16:38:51','2021-03-16 16:41:51'),(5186,54,122,'2021-03-16 16:41:51','2021-03-16 16:42:51'),(5187,54,102,'2021-03-16 16:42:51','2021-03-16 16:47:51'),(5188,54,138,'2021-03-16 16:47:51','2021-03-16 18:47:51'),(5189,54,102,'2021-03-16 18:47:51','2021-03-16 18:50:51'),(5190,54,122,'2021-03-16 18:50:51','2021-03-16 18:51:51'),(5191,54,114,'2021-03-16 18:51:51','2021-03-16 18:56:51'),(5192,54,64,'2021-03-16 18:56:51','2021-03-20 01:40:03'),(5193,55,115,'2021-03-16 17:18:26','2021-03-16 17:21:26'),(5194,55,123,'2021-03-16 17:21:26','2021-03-16 17:22:26'),(5195,55,103,'2021-03-16 17:22:26','2021-03-16 17:27:26'),(5196,55,139,'2021-03-16 17:27:26','2021-03-16 19:27:26'),(5197,55,103,'2021-03-16 19:27:26','2021-03-16 19:30:26'),(5198,55,123,'2021-03-16 19:30:26','2021-03-16 19:31:26'),(5199,55,115,'2021-03-16 19:31:26','2021-03-16 19:36:26'),(5200,55,66,'2021-03-16 19:36:26','2021-03-20 02:00:28'),(5201,56,115,'2021-03-16 18:15:23','2021-03-16 18:18:23'),(5202,56,123,'2021-03-16 18:18:23','2021-03-16 18:19:23'),(5203,56,103,'2021-03-16 18:19:23','2021-03-16 18:24:23'),(5204,56,139,'2021-03-16 18:24:23','2021-03-16 20:24:23'),(5205,56,103,'2021-03-16 20:24:23','2021-03-16 20:27:23'),(5206,56,123,'2021-03-16 20:27:23','2021-03-16 20:28:23'),(5207,56,115,'2021-03-16 20:28:23','2021-03-16 20:33:23'),(5208,56,68,'2021-03-16 20:33:23','2021-03-20 02:07:45'),(5209,57,115,'2021-03-16 19:11:07','2021-03-16 19:14:07'),(5210,57,123,'2021-03-16 19:14:07','2021-03-16 19:15:07'),(5211,57,103,'2021-03-16 19:15:07','2021-03-16 19:20:07'),(5212,57,139,'2021-03-16 19:20:07','2021-03-16 21:20:07'),(5213,57,103,'2021-03-16 21:20:07','2021-03-16 21:23:07'),(5214,57,123,'2021-03-16 21:23:07','2021-03-16 21:24:07'),(5215,57,115,'2021-03-16 21:24:07','2021-03-16 21:29:07'),(5216,57,70,'2021-03-16 21:29:07','2021-03-20 02:14:21'),(5217,58,116,'2021-03-16 20:06:27','2021-03-16 20:09:27'),(5218,58,124,'2021-03-16 20:09:27','2021-03-16 20:10:27'),(5219,58,104,'2021-03-16 20:10:27','2021-03-16 20:15:27'),(5220,58,140,'2021-03-16 20:15:27','2021-03-16 22:15:27'),(5221,58,104,'2021-03-16 22:15:27','2021-03-16 22:18:27'),(5222,58,124,'2021-03-16 22:18:27','2021-03-16 22:19:27'),(5223,58,116,'2021-03-16 22:19:27','2021-03-16 22:24:27'),(5224,58,72,'2021-03-16 22:24:27','2021-03-17 21:47:54'),(5225,59,116,'2021-03-16 21:04:11','2021-03-16 21:07:11'),(5226,59,124,'2021-03-16 21:07:11','2021-03-16 21:08:11'),(5227,59,104,'2021-03-16 21:08:11','2021-03-16 21:13:11'),(5228,59,140,'2021-03-16 21:13:11','2021-03-16 23:13:11'),(5229,59,104,'2021-03-16 23:13:11','2021-03-16 23:16:11'),(5230,59,124,'2021-03-16 23:16:11','2021-03-16 23:17:11'),(5231,59,116,'2021-03-16 23:17:11','2021-03-16 23:22:11'),(5232,59,74,'2021-03-16 23:22:11','2021-03-17 21:53:55'),(5233,60,117,'2021-03-16 21:54:01','2021-03-16 21:57:01'),(5234,60,121,'2021-03-16 21:57:01','2021-03-16 21:58:01'),(5235,60,101,'2021-03-16 21:58:01','2021-03-16 22:03:01'),(5236,60,137,'2021-03-16 22:03:01','2021-03-17 00:03:01'),(5237,60,101,'2021-03-17 00:03:01','2021-03-17 00:06:01'),(5238,60,121,'2021-03-17 00:06:01','2021-03-17 00:07:01'),(5239,60,117,'2021-03-17 00:07:01','2021-03-17 00:12:01'),(5240,60,76,'2021-03-17 00:12:01','2021-03-20 03:30:15'),(5241,61,117,'2021-03-16 22:38:12','2021-03-16 22:41:12'),(5242,61,121,'2021-03-16 22:41:12','2021-03-16 22:42:12'),(5243,61,101,'2021-03-16 22:42:12','2021-03-16 22:47:12'),(5244,61,137,'2021-03-16 22:47:12','2021-03-17 00:47:12'),(5245,61,101,'2021-03-17 00:47:12','2021-03-17 00:50:12'),(5246,61,121,'2021-03-17 00:50:12','2021-03-17 00:51:12'),(5247,61,117,'2021-03-17 00:51:12','2021-03-17 00:56:12'),(5248,61,78,'2021-03-17 00:56:12','2021-03-20 03:38:47'),(5249,42,110,'2021-03-19 19:33:56','2021-03-19 19:36:56'),(5250,42,122,'2021-03-19 19:36:56','2021-03-19 19:37:56'),(5251,42,102,'2021-03-19 19:37:56','2021-03-19 19:42:56'),(5252,42,148,'2021-03-19 19:42:56','2021-03-19 21:42:56'),(5253,42,102,'2021-03-19 21:42:56','2021-03-19 21:45:56'),(5254,42,122,'2021-03-19 21:45:56','2021-03-19 21:46:56'),(5255,42,110,'2021-03-19 21:46:56','2021-03-19 21:51:56'),(5256,42,40,'2021-03-19 21:51:56',NULL),(5257,43,111,'2021-03-19 20:34:10','2021-03-19 20:37:10'),(5258,43,123,'2021-03-19 20:37:10','2021-03-19 20:38:10'),(5259,43,103,'2021-03-19 20:38:10','2021-03-19 20:43:10'),(5260,43,149,'2021-03-19 20:43:10','2021-03-19 22:43:10'),(5261,43,103,'2021-03-19 22:43:10','2021-03-19 22:46:10'),(5262,43,123,'2021-03-19 22:46:10','2021-03-19 22:47:10'),(5263,43,111,'2021-03-19 22:47:10','2021-03-19 22:52:10'),(5264,43,42,'2021-03-19 22:52:10',NULL),(5265,44,111,'2021-03-19 20:43:11','2021-03-19 20:46:11'),(5266,44,123,'2021-03-19 20:46:11','2021-03-19 20:47:11'),(5267,44,103,'2021-03-19 20:47:11','2021-03-19 20:52:11'),(5268,44,149,'2021-03-19 20:52:11','2021-03-19 22:52:11'),(5269,44,103,'2021-03-19 22:52:11','2021-03-19 22:55:11'),(5270,44,123,'2021-03-19 22:55:11','2021-03-19 22:56:11'),(5271,44,111,'2021-03-19 22:56:11','2021-03-19 23:01:11'),(5272,44,44,'2021-03-19 23:01:11',NULL),(5273,48,113,'2021-03-19 22:17:39','2021-03-19 22:20:39'),(5274,48,121,'2021-03-19 22:20:39','2021-03-19 22:21:39'),(5275,48,101,'2021-03-19 22:21:39','2021-03-19 22:26:39'),(5276,48,147,'2021-03-19 22:26:39','2021-03-20 00:26:39'),(5277,48,101,'2021-03-20 00:26:39','2021-03-20 00:29:39'),(5278,48,121,'2021-03-20 00:29:39','2021-03-20 00:30:39'),(5279,48,113,'2021-03-20 00:30:39','2021-03-20 00:35:39'),(5280,48,52,'2021-03-20 00:35:39','2021-03-20 00:40:08'),(5281,49,113,'2021-03-19 22:59:55','2021-03-19 23:02:55'),(5282,49,121,'2021-03-19 23:02:55','2021-03-19 23:03:55'),(5283,49,101,'2021-03-19 23:03:55','2021-03-19 23:08:55'),(5284,49,147,'2021-03-19 23:08:55','2021-03-20 01:08:55'),(5285,49,101,'2021-03-20 01:08:55','2021-03-20 01:11:55'),(5286,49,121,'2021-03-20 01:11:55','2021-03-20 01:12:55'),(5287,49,113,'2021-03-20 01:12:55','2021-03-20 01:17:55'),(5288,49,54,'2021-03-20 01:17:55',NULL),(5289,50,113,'2021-03-19 23:13:14','2021-03-19 23:16:14'),(5290,50,121,'2021-03-19 23:16:14','2021-03-19 23:17:14'),(5291,50,101,'2021-03-19 23:17:14','2021-03-19 23:22:14'),(5292,50,147,'2021-03-19 23:22:14','2021-03-20 01:22:14'),(5293,50,101,'2021-03-20 01:22:14','2021-03-20 01:25:14'),(5294,50,121,'2021-03-20 01:25:14','2021-03-20 01:26:14'),(5295,50,113,'2021-03-20 01:26:14','2021-03-20 01:31:14'),(5296,50,56,'2021-03-20 01:31:14',NULL),(5297,51,113,'2021-03-20 00:06:41','2021-03-20 00:09:41'),(5298,51,121,'2021-03-20 00:09:41','2021-03-20 00:10:41'),(5299,51,101,'2021-03-20 00:10:41','2021-03-20 00:15:41'),(5300,51,147,'2021-03-20 00:15:41','2021-03-20 02:15:41'),(5301,51,101,'2021-03-20 02:15:41','2021-03-20 02:18:41'),(5302,51,121,'2021-03-20 02:18:41','2021-03-20 02:19:41'),(5303,51,113,'2021-03-20 02:19:41','2021-03-20 02:24:41'),(5304,51,58,'2021-03-20 02:24:41',NULL),(5305,52,113,'2021-03-20 00:44:23','2021-03-20 00:47:23'),(5306,52,121,'2021-03-20 00:47:23','2021-03-20 00:48:23'),(5307,52,101,'2021-03-20 00:48:23','2021-03-20 00:53:23'),(5308,52,147,'2021-03-20 00:53:23','2021-03-20 02:53:23'),(5309,52,101,'2021-03-20 02:53:23','2021-03-20 02:56:23'),(5310,52,121,'2021-03-20 02:56:23','2021-03-20 02:57:23'),(5311,52,113,'2021-03-20 02:57:23','2021-03-20 03:02:23'),(5312,52,60,'2021-03-20 03:02:23',NULL),(5313,53,114,'2021-03-20 01:25:38','2021-03-20 01:28:38'),(5314,53,122,'2021-03-20 01:28:38','2021-03-20 01:29:38'),(5315,53,102,'2021-03-20 01:29:38','2021-03-20 01:34:38'),(5316,53,148,'2021-03-20 01:34:38','2021-03-20 03:34:38'),(5317,53,102,'2021-03-20 03:34:38','2021-03-20 03:37:38'),(5318,53,122,'2021-03-20 03:37:38','2021-03-20 03:38:38'),(5319,53,114,'2021-03-20 03:38:38','2021-03-20 03:43:38'),(5320,53,62,'2021-03-20 03:43:38',NULL),(5321,54,114,'2021-03-20 01:40:03','2021-03-20 01:43:03'),(5322,54,122,'2021-03-20 01:43:03','2021-03-20 01:44:03'),(5323,54,102,'2021-03-20 01:44:03','2021-03-20 01:49:03'),(5324,54,148,'2021-03-20 01:49:03','2021-03-20 03:49:03'),(5325,54,102,'2021-03-20 03:49:03','2021-03-20 03:52:03'),(5326,54,122,'2021-03-20 03:52:03','2021-03-20 03:53:03'),(5327,54,114,'2021-03-20 03:53:03','2021-03-20 03:58:03'),(5328,54,64,'2021-03-20 03:58:03',NULL),(5329,55,115,'2021-03-20 02:00:28','2021-03-20 02:03:28'),(5330,55,123,'2021-03-20 02:03:28','2021-03-20 02:04:28'),(5331,55,103,'2021-03-20 02:04:28','2021-03-20 02:09:28'),(5332,55,149,'2021-03-20 02:09:28','2021-03-20 04:09:28'),(5333,55,103,'2021-03-20 04:09:28','2021-03-20 04:12:28'),(5334,55,123,'2021-03-20 04:12:28','2021-03-20 04:13:28'),(5335,55,115,'2021-03-20 04:13:28','2021-03-20 04:18:28'),(5336,55,66,'2021-03-20 04:18:28',NULL),(5337,56,115,'2021-03-20 02:07:45','2021-03-20 02:10:45'),(5338,56,123,'2021-03-20 02:10:45','2021-03-20 02:11:45'),(5339,56,103,'2021-03-20 02:11:45','2021-03-20 02:16:45'),(5340,56,149,'2021-03-20 02:16:45','2021-03-20 04:16:45'),(5341,56,103,'2021-03-20 04:16:45','2021-03-20 04:19:45'),(5342,56,123,'2021-03-20 04:19:45','2021-03-20 04:20:45'),(5343,56,115,'2021-03-20 04:20:45','2021-03-20 04:25:45'),(5344,56,68,'2021-03-20 04:25:45',NULL),(5345,57,115,'2021-03-20 02:14:21','2021-03-20 02:17:21'),(5346,57,123,'2021-03-20 02:17:21','2021-03-20 02:18:21'),(5347,57,103,'2021-03-20 02:18:21','2021-03-20 02:23:21'),(5348,57,149,'2021-03-20 02:23:21','2021-03-20 04:23:21'),(5349,57,103,'2021-03-20 04:23:21','2021-03-20 04:26:21'),(5350,57,123,'2021-03-20 04:26:21','2021-03-20 04:27:21'),(5351,57,115,'2021-03-20 04:27:21','2021-03-20 04:32:21'),(5352,57,70,'2021-03-20 04:32:21',NULL),(5353,60,117,'2021-03-20 03:30:15','2021-03-20 03:33:15'),(5354,60,121,'2021-03-20 03:33:15','2021-03-20 03:34:15'),(5355,60,101,'2021-03-20 03:34:15','2021-03-20 03:39:15'),(5356,60,147,'2021-03-20 03:39:15','2021-03-20 05:39:15'),(5357,60,101,'2021-03-20 05:39:15','2021-03-20 05:42:15'),(5358,60,121,'2021-03-20 05:42:15','2021-03-20 05:43:15'),(5359,60,117,'2021-03-20 05:43:15','2021-03-20 05:48:15'),(5360,60,76,'2021-03-20 05:48:15','2021-03-20 06:43:34'),(5361,61,117,'2021-03-20 03:38:47','2021-03-20 03:41:47'),(5362,61,121,'2021-03-20 03:41:47','2021-03-20 03:42:47'),(5363,61,101,'2021-03-20 03:42:47','2021-03-20 03:47:47'),(5364,61,147,'2021-03-20 03:47:47','2021-03-20 05:47:47'),(5365,61,101,'2021-03-20 05:47:47','2021-03-20 05:50:47'),(5366,61,121,'2021-03-20 05:50:47','2021-03-20 05:51:47'),(5367,61,117,'2021-03-20 05:51:47','2021-03-20 05:56:47'),(5368,61,78,'2021-03-20 05:56:47','2021-03-20 07:00:30'),(5369,42,110,'2021-03-17 15:05:45','2021-03-17 15:08:45'),(5370,42,122,'2021-03-17 15:08:45','2021-03-17 15:09:45'),(5371,42,102,'2021-03-17 15:09:45','2021-03-17 15:14:45'),(5372,42,133,'2021-03-17 15:14:45','2021-03-17 17:14:45'),(5373,42,102,'2021-03-17 17:14:45','2021-03-17 17:17:45'),(5374,42,122,'2021-03-17 17:17:45','2021-03-17 17:18:45'),(5375,42,110,'2021-03-17 17:18:45','2021-03-17 17:23:45'),(5376,42,40,'2021-03-17 17:23:45','2021-03-19 19:49:17'),(5377,43,111,'2021-03-17 15:37:02','2021-03-17 15:40:02'),(5378,43,123,'2021-03-17 15:40:02','2021-03-17 15:41:02'),(5379,43,103,'2021-03-17 15:41:02','2021-03-17 15:46:02'),(5380,43,134,'2021-03-17 15:46:02','2021-03-17 17:46:02'),(5381,43,103,'2021-03-17 17:46:02','2021-03-17 17:49:02'),(5382,43,123,'2021-03-17 17:49:02','2021-03-17 17:50:02'),(5383,43,111,'2021-03-17 17:50:02','2021-03-17 17:55:02'),(5384,43,42,'2021-03-17 17:55:02','2021-03-19 20:48:15'),(5385,44,111,'2021-03-17 16:31:39','2021-03-17 16:34:39'),(5386,44,123,'2021-03-17 16:34:39','2021-03-17 16:35:39'),(5387,44,103,'2021-03-17 16:35:39','2021-03-17 16:40:39'),(5388,44,134,'2021-03-17 16:40:39','2021-03-17 18:40:39'),(5389,44,103,'2021-03-17 18:40:39','2021-03-17 18:43:39'),(5390,44,123,'2021-03-17 18:43:39','2021-03-17 18:44:39'),(5391,44,111,'2021-03-17 18:44:39','2021-03-17 18:49:39'),(5392,44,44,'2021-03-17 18:49:39','2021-03-19 21:43:57'),(5393,45,112,'2021-03-17 16:55:47','2021-03-17 16:58:47'),(5394,45,124,'2021-03-17 16:58:47','2021-03-17 16:59:47'),(5395,45,104,'2021-03-17 16:59:47','2021-03-17 17:04:47'),(5396,45,135,'2021-03-17 17:04:47','2021-03-17 19:04:47'),(5397,45,104,'2021-03-17 19:04:47','2021-03-17 19:07:47'),(5398,45,124,'2021-03-17 19:07:47','2021-03-17 19:08:47'),(5399,45,112,'2021-03-17 19:08:47','2021-03-17 19:13:47'),(5400,45,46,'2021-03-17 19:13:47',NULL),(5401,46,112,'2021-03-17 17:24:40','2021-03-17 17:27:40'),(5402,46,124,'2021-03-17 17:27:40','2021-03-17 17:28:40'),(5403,46,104,'2021-03-17 17:28:40','2021-03-17 17:33:40'),(5404,46,135,'2021-03-17 17:33:40','2021-03-17 19:33:40'),(5405,46,104,'2021-03-17 19:33:40','2021-03-17 19:36:40'),(5406,46,124,'2021-03-17 19:36:40','2021-03-17 19:37:40'),(5407,46,112,'2021-03-17 19:37:40','2021-03-17 19:42:40'),(5408,46,48,'2021-03-17 19:42:40',NULL),(5409,47,112,'2021-03-17 17:27:11','2021-03-17 17:30:11'),(5410,47,124,'2021-03-17 17:30:11','2021-03-17 17:31:11'),(5411,47,104,'2021-03-17 17:31:11','2021-03-17 17:36:11'),(5412,47,135,'2021-03-17 17:36:11','2021-03-17 19:36:11'),(5413,47,104,'2021-03-17 19:36:11','2021-03-17 19:39:11'),(5414,47,124,'2021-03-17 19:39:11','2021-03-17 19:40:11'),(5415,47,112,'2021-03-17 19:40:11','2021-03-17 19:45:11'),(5416,47,50,'2021-03-17 19:45:11',NULL),(5417,48,113,'2021-03-17 17:57:02','2021-03-17 18:00:02'),(5418,48,121,'2021-03-17 18:00:02','2021-03-17 18:01:02'),(5419,48,101,'2021-03-17 18:01:02','2021-03-17 18:06:02'),(5420,48,132,'2021-03-17 18:06:02','2021-03-17 20:06:02'),(5421,48,101,'2021-03-17 20:06:02','2021-03-17 20:09:02'),(5422,48,121,'2021-03-17 20:09:02','2021-03-17 20:10:02'),(5423,48,113,'2021-03-17 20:10:02','2021-03-17 20:15:02'),(5424,48,52,'2021-03-17 20:15:02',NULL),(5425,49,113,'2021-03-17 18:45:27','2021-03-17 18:48:27'),(5426,49,121,'2021-03-17 18:48:27','2021-03-17 18:49:27'),(5427,49,101,'2021-03-17 18:49:27','2021-03-17 18:54:27'),(5428,49,132,'2021-03-17 18:54:27','2021-03-17 20:54:27'),(5429,49,101,'2021-03-17 20:54:27','2021-03-17 20:57:27'),(5430,49,121,'2021-03-17 20:57:27','2021-03-17 20:58:27'),(5431,49,113,'2021-03-17 20:58:27','2021-03-17 21:03:27'),(5432,49,54,'2021-03-17 21:03:27','2021-03-20 00:45:04'),(5433,50,113,'2021-03-17 19:28:45','2021-03-17 19:31:45'),(5434,50,121,'2021-03-17 19:31:45','2021-03-17 19:32:45'),(5435,50,101,'2021-03-17 19:32:45','2021-03-17 19:37:45'),(5436,50,132,'2021-03-17 19:37:45','2021-03-17 21:37:45'),(5437,50,101,'2021-03-17 21:37:45','2021-03-17 21:40:45'),(5438,50,121,'2021-03-17 21:40:45','2021-03-17 21:41:45'),(5439,50,113,'2021-03-17 21:41:45','2021-03-17 21:46:45'),(5440,50,56,'2021-03-17 21:46:45','2021-03-20 01:10:22'),(5441,51,113,'2021-03-17 19:50:34','2021-03-17 19:53:34'),(5442,51,121,'2021-03-17 19:53:34','2021-03-17 19:54:34'),(5443,51,101,'2021-03-17 19:54:34','2021-03-17 19:59:34'),(5444,51,132,'2021-03-17 19:59:34','2021-03-17 21:59:34'),(5445,51,101,'2021-03-17 21:59:34','2021-03-17 22:02:34'),(5446,51,121,'2021-03-17 22:02:34','2021-03-17 22:03:34'),(5447,51,113,'2021-03-17 22:03:34','2021-03-17 22:08:34'),(5448,51,58,'2021-03-17 22:08:34','2021-03-20 01:23:33'),(5449,52,113,'2021-03-17 19:52:14','2021-03-17 19:55:14'),(5450,52,121,'2021-03-17 19:55:14','2021-03-17 19:56:14'),(5451,52,101,'2021-03-17 19:56:14','2021-03-17 20:01:14'),(5452,52,132,'2021-03-17 20:01:14','2021-03-17 22:01:14'),(5453,52,101,'2021-03-17 22:01:14','2021-03-17 22:04:14'),(5454,52,121,'2021-03-17 22:04:14','2021-03-17 22:05:14'),(5455,52,113,'2021-03-17 22:05:14','2021-03-17 22:10:14'),(5456,52,60,'2021-03-17 22:10:14','2021-03-20 01:38:10'),(5457,53,114,'2021-03-17 20:06:23','2021-03-17 20:09:23'),(5458,53,122,'2021-03-17 20:09:23','2021-03-17 20:10:23'),(5459,53,102,'2021-03-17 20:10:23','2021-03-17 20:15:23'),(5460,53,133,'2021-03-17 20:15:23','2021-03-17 22:15:23'),(5461,53,102,'2021-03-17 22:15:23','2021-03-17 22:18:23'),(5462,53,122,'2021-03-17 22:18:23','2021-03-17 22:19:23'),(5463,53,114,'2021-03-17 22:19:23','2021-03-17 22:24:23'),(5464,53,62,'2021-03-17 22:24:23','2021-03-20 02:02:19'),(5465,54,114,'2021-03-17 20:12:18','2021-03-17 20:15:18'),(5466,54,122,'2021-03-17 20:15:18','2021-03-17 20:16:18'),(5467,54,102,'2021-03-17 20:16:18','2021-03-17 20:21:18'),(5468,54,133,'2021-03-17 20:21:18','2021-03-17 22:21:18'),(5469,54,102,'2021-03-17 22:21:18','2021-03-17 22:24:18'),(5470,54,122,'2021-03-17 22:24:18','2021-03-17 22:25:18'),(5471,54,114,'2021-03-17 22:25:18','2021-03-17 22:30:18'),(5472,54,64,'2021-03-17 22:30:18','2021-03-20 02:34:32'),(5473,55,115,'2021-03-17 20:33:13','2021-03-17 20:36:13'),(5474,55,123,'2021-03-17 20:36:13','2021-03-17 20:37:13'),(5475,55,103,'2021-03-17 20:37:13','2021-03-17 20:42:13'),(5476,55,134,'2021-03-17 20:42:13','2021-03-17 22:42:13'),(5477,55,103,'2021-03-17 22:42:13','2021-03-17 22:45:13'),(5478,55,123,'2021-03-17 22:45:13','2021-03-17 22:46:13'),(5479,55,115,'2021-03-17 22:46:13','2021-03-17 22:51:13'),(5480,55,66,'2021-03-17 22:51:13','2021-03-20 03:05:20'),(5481,56,115,'2021-03-17 21:07:11','2021-03-17 21:10:11'),(5482,56,123,'2021-03-17 21:10:11','2021-03-17 21:11:11'),(5483,56,103,'2021-03-17 21:11:11','2021-03-17 21:16:11'),(5484,56,134,'2021-03-17 21:16:11','2021-03-17 23:16:11'),(5485,56,103,'2021-03-17 23:16:11','2021-03-17 23:19:11'),(5486,56,123,'2021-03-17 23:19:11','2021-03-17 23:20:11'),(5487,56,115,'2021-03-17 23:20:11','2021-03-17 23:25:11'),(5488,56,68,'2021-03-17 23:25:11','2021-03-20 03:37:35'),(5489,57,115,'2021-03-17 21:21:25','2021-03-17 21:24:25'),(5490,57,123,'2021-03-17 21:24:25','2021-03-17 21:25:25'),(5491,57,103,'2021-03-17 21:25:25','2021-03-17 21:30:25'),(5492,57,134,'2021-03-17 21:30:25','2021-03-17 23:30:25'),(5493,57,103,'2021-03-17 23:30:25','2021-03-17 23:33:25'),(5494,57,123,'2021-03-17 23:33:25','2021-03-17 23:34:25'),(5495,57,115,'2021-03-17 23:34:25','2021-03-17 23:39:25'),(5496,57,70,'2021-03-17 23:39:25','2021-03-20 04:14:56'),(5497,58,116,'2021-03-17 21:47:54','2021-03-17 21:50:54'),(5498,58,124,'2021-03-17 21:50:54','2021-03-17 21:51:54'),(5499,58,104,'2021-03-17 21:51:54','2021-03-17 21:56:54'),(5500,58,135,'2021-03-17 21:56:54','2021-03-17 23:56:54'),(5501,58,104,'2021-03-17 23:56:54','2021-03-17 23:59:54'),(5502,58,124,'2021-03-17 23:59:54','2021-03-18 00:00:54'),(5503,58,116,'2021-03-18 00:00:54','2021-03-18 00:05:54'),(5504,58,72,'2021-03-18 00:05:54',NULL),(5505,59,116,'2021-03-17 21:53:55','2021-03-17 21:56:55'),(5506,59,124,'2021-03-17 21:56:55','2021-03-17 21:57:55'),(5507,59,104,'2021-03-17 21:57:55','2021-03-17 22:02:55'),(5508,59,135,'2021-03-17 22:02:55','2021-03-18 00:02:55'),(5509,59,104,'2021-03-18 00:02:55','2021-03-18 00:05:55'),(5510,59,124,'2021-03-18 00:05:55','2021-03-18 00:06:55'),(5511,59,116,'2021-03-18 00:06:55','2021-03-18 00:11:55'),(5512,59,74,'2021-03-18 00:11:55',NULL),(5513,60,117,'2021-03-17 22:40:44','2021-03-17 22:43:44'),(5514,60,121,'2021-03-17 22:43:44','2021-03-17 22:44:44'),(5515,60,101,'2021-03-17 22:44:44','2021-03-17 22:49:44'),(5516,60,132,'2021-03-17 22:49:44','2021-03-18 00:49:44'),(5517,60,101,'2021-03-18 00:49:44','2021-03-18 00:52:44'),(5518,60,121,'2021-03-18 00:52:44','2021-03-18 00:53:44'),(5519,60,117,'2021-03-18 00:53:44','2021-03-18 00:58:44'),(5520,60,76,'2021-03-18 00:58:44',NULL),(5521,61,117,'2021-03-17 23:27:07','2021-03-17 23:30:07'),(5522,61,121,'2021-03-17 23:30:07','2021-03-17 23:31:07'),(5523,61,101,'2021-03-17 23:31:07','2021-03-17 23:36:07'),(5524,61,132,'2021-03-17 23:36:07','2021-03-18 01:36:07'),(5525,61,101,'2021-03-18 01:36:07','2021-03-18 01:39:07'),(5526,61,121,'2021-03-18 01:39:07','2021-03-18 01:40:07'),(5527,61,117,'2021-03-18 01:40:07','2021-03-18 01:45:07'),(5528,61,78,'2021-03-18 01:45:07',NULL),(5529,42,110,'2021-03-19 19:49:17','2021-03-19 19:52:17'),(5530,42,122,'2021-03-19 19:52:17','2021-03-19 19:53:17'),(5531,42,102,'2021-03-19 19:53:17','2021-03-19 19:58:17'),(5532,42,130,'2021-03-19 19:58:17','2021-03-19 21:58:17'),(5533,42,102,'2021-03-19 21:58:17','2021-03-19 22:01:17'),(5534,42,122,'2021-03-19 22:01:17','2021-03-19 22:02:17'),(5535,42,110,'2021-03-19 22:02:17','2021-03-19 22:07:17'),(5536,42,40,'2021-03-19 22:07:17',NULL),(5537,43,111,'2021-03-19 20:48:15','2021-03-19 20:51:15'),(5538,43,123,'2021-03-19 20:51:15','2021-03-19 20:52:15'),(5539,43,103,'2021-03-19 20:52:15','2021-03-19 20:57:15'),(5540,43,131,'2021-03-19 20:57:15','2021-03-19 22:57:15'),(5541,43,103,'2021-03-19 22:57:15','2021-03-19 23:00:15'),(5542,43,123,'2021-03-19 23:00:15','2021-03-19 23:01:15'),(5543,43,111,'2021-03-19 23:01:15','2021-03-19 23:06:15'),(5544,43,42,'2021-03-19 23:06:15',NULL),(5545,44,111,'2021-03-19 21:43:57','2021-03-19 21:46:57'),(5546,44,123,'2021-03-19 21:46:57','2021-03-19 21:47:57'),(5547,44,103,'2021-03-19 21:47:57','2021-03-19 21:52:57'),(5548,44,131,'2021-03-19 21:52:57','2021-03-19 23:52:57'),(5549,44,103,'2021-03-19 23:52:57','2021-03-19 23:55:57'),(5550,44,123,'2021-03-19 23:55:57','2021-03-19 23:56:57'),(5551,44,111,'2021-03-19 23:56:57','2021-03-20 00:01:57'),(5552,44,44,'2021-03-20 00:01:57',NULL),(5553,48,113,'2021-03-20 00:40:08','2021-03-20 00:43:08'),(5554,48,121,'2021-03-20 00:43:08','2021-03-20 00:44:08'),(5555,48,101,'2021-03-20 00:44:08','2021-03-20 00:49:08'),(5556,48,129,'2021-03-20 00:49:08','2021-03-20 02:49:08'),(5557,48,101,'2021-03-20 02:49:08','2021-03-20 02:52:08'),(5558,48,121,'2021-03-20 02:52:08','2021-03-20 02:53:08'),(5559,48,113,'2021-03-20 02:53:08','2021-03-20 02:58:08'),(5560,48,52,'2021-03-20 02:58:08',NULL),(5561,49,113,'2021-03-20 00:45:04','2021-03-20 00:48:04'),(5562,49,121,'2021-03-20 00:48:04','2021-03-20 00:49:04'),(5563,49,101,'2021-03-20 00:49:04','2021-03-20 00:54:04'),(5564,49,129,'2021-03-20 00:54:04','2021-03-20 02:54:04'),(5565,49,101,'2021-03-20 02:54:04','2021-03-20 02:57:04'),(5566,49,121,'2021-03-20 02:57:04','2021-03-20 02:58:04'),(5567,49,113,'2021-03-20 02:58:04','2021-03-20 03:03:04'),(5568,49,54,'2021-03-20 03:03:04',NULL),(5569,50,113,'2021-03-20 01:10:22','2021-03-20 01:13:22'),(5570,50,121,'2021-03-20 01:13:22','2021-03-20 01:14:22'),(5571,50,101,'2021-03-20 01:14:22','2021-03-20 01:19:22'),(5572,50,129,'2021-03-20 01:19:22','2021-03-20 03:19:22'),(5573,50,101,'2021-03-20 03:19:22','2021-03-20 03:22:22'),(5574,50,121,'2021-03-20 03:22:22','2021-03-20 03:23:22'),(5575,50,113,'2021-03-20 03:23:22','2021-03-20 03:28:22'),(5576,50,56,'2021-03-20 03:28:22',NULL),(5577,51,113,'2021-03-20 01:23:33','2021-03-20 01:26:33'),(5578,51,121,'2021-03-20 01:26:33','2021-03-20 01:27:33'),(5579,51,101,'2021-03-20 01:27:33','2021-03-20 01:32:33'),(5580,51,129,'2021-03-20 01:32:33','2021-03-20 03:32:33'),(5581,51,101,'2021-03-20 03:32:33','2021-03-20 03:35:33'),(5582,51,121,'2021-03-20 03:35:33','2021-03-20 03:36:33'),(5583,51,113,'2021-03-20 03:36:33','2021-03-20 03:41:33'),(5584,51,58,'2021-03-20 03:41:33',NULL),(5585,52,113,'2021-03-20 01:38:10','2021-03-20 01:41:10'),(5586,52,121,'2021-03-20 01:41:10','2021-03-20 01:42:10'),(5587,52,101,'2021-03-20 01:42:10','2021-03-20 01:47:10'),(5588,52,129,'2021-03-20 01:47:10','2021-03-20 03:47:10'),(5589,52,101,'2021-03-20 03:47:10','2021-03-20 03:50:10'),(5590,52,121,'2021-03-20 03:50:10','2021-03-20 03:51:10'),(5591,52,113,'2021-03-20 03:51:10','2021-03-20 03:56:10'),(5592,52,60,'2021-03-20 03:56:10',NULL),(5593,53,114,'2021-03-20 02:02:19','2021-03-20 02:05:19'),(5594,53,122,'2021-03-20 02:05:19','2021-03-20 02:06:19'),(5595,53,102,'2021-03-20 02:06:19','2021-03-20 02:11:19'),(5596,53,130,'2021-03-20 02:11:19','2021-03-20 04:11:19'),(5597,53,102,'2021-03-20 04:11:19','2021-03-20 04:14:19'),(5598,53,122,'2021-03-20 04:14:19','2021-03-20 04:15:19'),(5599,53,114,'2021-03-20 04:15:19','2021-03-20 04:20:19'),(5600,53,62,'2021-03-20 04:20:19',NULL),(5601,54,114,'2021-03-20 02:34:32','2021-03-20 02:37:32'),(5602,54,122,'2021-03-20 02:37:32','2021-03-20 02:38:32'),(5603,54,102,'2021-03-20 02:38:32','2021-03-20 02:43:32'),(5604,54,130,'2021-03-20 02:43:32','2021-03-20 04:43:32'),(5605,54,102,'2021-03-20 04:43:32','2021-03-20 04:46:32'),(5606,54,122,'2021-03-20 04:46:32','2021-03-20 04:47:32'),(5607,54,114,'2021-03-20 04:47:32','2021-03-20 04:52:32'),(5608,54,64,'2021-03-20 04:52:32',NULL),(5609,55,115,'2021-03-20 03:05:20','2021-03-20 03:08:20'),(5610,55,123,'2021-03-20 03:08:20','2021-03-20 03:09:20'),(5611,55,103,'2021-03-20 03:09:20','2021-03-20 03:14:20'),(5612,55,131,'2021-03-20 03:14:20','2021-03-20 05:14:20'),(5613,55,103,'2021-03-20 05:14:20','2021-03-20 05:17:20'),(5614,55,123,'2021-03-20 05:17:20','2021-03-20 05:18:20'),(5615,55,115,'2021-03-20 05:18:20','2021-03-20 05:23:20'),(5616,55,66,'2021-03-20 05:23:20',NULL),(5617,56,115,'2021-03-20 03:37:35','2021-03-20 03:40:35'),(5618,56,123,'2021-03-20 03:40:35','2021-03-20 03:41:35'),(5619,56,103,'2021-03-20 03:41:35','2021-03-20 03:46:35'),(5620,56,131,'2021-03-20 03:46:35','2021-03-20 05:46:35'),(5621,56,103,'2021-03-20 05:46:35','2021-03-20 05:49:35'),(5622,56,123,'2021-03-20 05:49:35','2021-03-20 05:50:35'),(5623,56,115,'2021-03-20 05:50:35','2021-03-20 05:55:35'),(5624,56,68,'2021-03-20 05:55:35',NULL),(5625,57,115,'2021-03-20 04:14:56','2021-03-20 04:17:56'),(5626,57,123,'2021-03-20 04:17:56','2021-03-20 04:18:56'),(5627,57,103,'2021-03-20 04:18:56','2021-03-20 04:23:56'),(5628,57,131,'2021-03-20 04:23:56','2021-03-20 06:23:56'),(5629,57,103,'2021-03-20 06:23:56','2021-03-20 06:26:56'),(5630,57,123,'2021-03-20 06:26:56','2021-03-20 06:27:56'),(5631,57,115,'2021-03-20 06:27:56','2021-03-20 06:32:56'),(5632,57,70,'2021-03-20 06:32:56',NULL),(5633,60,117,'2021-03-20 06:43:34','2021-03-20 06:46:34'),(5634,60,121,'2021-03-20 06:46:34','2021-03-20 06:47:34'),(5635,60,101,'2021-03-20 06:47:34','2021-03-20 06:52:34'),(5636,60,129,'2021-03-20 06:52:34','2021-03-20 08:52:34'),(5637,60,101,'2021-03-20 08:52:34','2021-03-20 08:55:34'),(5638,60,121,'2021-03-20 08:55:34','2021-03-20 08:56:34'),(5639,60,117,'2021-03-20 08:56:34','2021-03-20 09:01:34'),(5640,60,76,'2021-03-20 09:01:34',NULL),(5641,61,117,'2021-03-20 07:00:30','2021-03-20 07:03:30'),(5642,61,121,'2021-03-20 07:03:30','2021-03-20 07:04:30'),(5643,61,101,'2021-03-20 07:04:30','2021-03-20 07:09:30'),(5644,61,129,'2021-03-20 07:09:30','2021-03-20 09:09:30'),(5645,61,101,'2021-03-20 09:09:30','2021-03-20 09:12:30'),(5646,61,121,'2021-03-20 09:12:30','2021-03-20 09:13:30'),(5647,61,117,'2021-03-20 09:13:30','2021-03-20 09:18:30'),(5648,61,78,'2021-03-20 09:18:30',NULL);
/*!40000 ALTER TABLE `CustomerVisitRegions` ENABLE KEYS */;
UNLOCK TABLES;

--
-- Table structure for table `Email`
--

DROP TABLE IF EXISTS `Email`;
/*!40101 SET @saved_cs_client     = @@character_set_client */;
/*!40101 SET character_set_client = utf8 */;
CREATE TABLE `Email` (
  `idEmail` int(11) NOT NULL AUTO_INCREMENT,
  `idCustomer` int(11) NOT NULL,
  `Email` varchar(45) DEFAULT NULL,
  PRIMARY KEY (`idEmail`),
  KEY `idCustomer_idx` (`idCustomer`),
  CONSTRAINT `fk_CustomerEmail` FOREIGN KEY (`idCustomer`) REFERENCES `Customer` (`idCustomer`) ON DELETE CASCADE ON UPDATE NO ACTION
) ENGINE=InnoDB AUTO_INCREMENT=22 DEFAULT CHARSET=utf8;
/*!40101 SET character_set_client = @saved_cs_client */;

--
-- Dumping data for table `Email`
--

LOCK TABLES `Email` WRITE;
/*!40000 ALTER TABLE `Email` DISABLE KEYS */;
INSERT INTO `Email` VALUES (2,2,'brudolf1@umich.edu'),(3,3,'egeering2@flickr.com'),(4,4,'omccahey3@guardian.co.uk'),(5,5,'crobken4@fda.gov'),(6,6,'heisak5@51.la'),(7,7,'eolone6@ehow.com'),(8,8,'ubondy7@apache.org'),(9,9,'dmcfadzean8@mac.com'),(10,10,'mdawkins9@weather.com'),(11,1,'tallison0@taobao.com'),(12,21,'bbontein0@umn.edu'),(13,22,'hstempe1@ebay.co.uk'),(14,23,'jrackam2@pen.io'),(15,24,'rethelston3@tmall.com'),(16,25,'agaratty4@chronoengine.com'),(17,26,'jburdon5@gnu.org'),(18,27,'bmungin6@wikia.com'),(19,28,'eklulik7@skype.com'),(20,29,'acurzon8@washingtonpost.com'),(21,30,'dtenant9@csmonitor.com');
/*!40000 ALTER TABLE `Email` ENABLE KEYS */;
UNLOCK TABLES;

--
-- Table structure for table `EntriesToRegions`
--

DROP TABLE IF EXISTS `EntriesToRegions`;
/*!40101 SET @saved_cs_client     = @@character_set_client */;
/*!40101 SET character_set_client = utf8 */;
CREATE TABLE `EntriesToRegions` (
  `idEntriesToRegions` int(11) NOT NULL AUTO_INCREMENT,
  `idRegionsFrom` int(11) NOT NULL,
  `idRegionsTo` int(11) NOT NULL,
  `Description_EntryPoint` varchar(255) NOT NULL,
  PRIMARY KEY (`idEntriesToRegions`),
  KEY `fk_RegionsFrom_idx` (`idRegionsFrom`),
  KEY `fk_RegionsTo_idx` (`idRegionsTo`),
  CONSTRAINT `fk_RegionsFrom` FOREIGN KEY (`idRegionsFrom`) REFERENCES `Regions` (`idRegions`) ON DELETE CASCADE ON UPDATE NO ACTION,
  CONSTRAINT `fk_RegionsTo` FOREIGN KEY (`idRegionsTo`) REFERENCES `Regions` (`idRegions`) ON DELETE CASCADE ON UPDATE NO ACTION
) ENGINE=InnoDB AUTO_INCREMENT=345 DEFAULT CHARSET=utf8;
/*!40101 SET character_set_client = @saved_cs_client */;

--
-- Dumping data for table `EntriesToRegions`
--

LOCK TABLES `EntriesToRegions` WRITE;
/*!40000 ALTER TABLE `EntriesToRegions` DISABLE KEYS */;
INSERT INTO `EntriesToRegions` VALUES (1,105,1,'To Room 101'),(2,1,105,'To Northern Corridor'),(3,105,2,'To Room 102'),(4,2,105,'To Northern Corridor'),(5,105,3,'To Room 103'),(6,3,105,'To Northern Corridor'),(7,105,4,'To Room 104'),(8,4,105,'To Northern Corridor'),(9,105,5,'To Room 105'),(10,5,105,'To Northern Corridor'),(11,105,6,'To Room 106'),(12,6,105,'To Northern Corridor'),(13,105,7,'To Room 107'),(14,7,105,'To Northern Corridor'),(15,105,8,'To Room 108'),(16,8,105,'To Northern Corridor'),(17,105,9,'To Room 109'),(18,9,105,'To Northern Corridor'),(19,105,10,'To Room 110'),(20,10,105,'To Northern Corridor'),(21,106,11,'To Room 111'),(22,11,106,'To Southern Corridor'),(23,106,12,'To Room 112'),(24,12,106,'To Southern Corridor'),(25,106,13,'To Room 113'),(26,13,106,'To Southern Corridor'),(27,106,14,'To Room 114'),(28,14,106,'To Southern Corridor'),(29,106,15,'To Room 115'),(30,15,106,'To Southern Corridor'),(31,107,16,'To Room 116'),(32,16,107,'To Western Corridor'),(33,107,17,'To Room 117'),(34,17,107,'To Western Corridor'),(35,107,18,'To Room 118'),(36,18,107,'To Western Corridor'),(37,107,19,'To Room 119'),(38,19,107,'To Western Corridor'),(39,107,20,'To Room 120'),(40,20,107,'To Western Corridor'),(41,108,21,'To Room 121'),(42,21,108,'To Eastern Corridor'),(43,108,22,'To Room 122'),(44,22,108,'To Eastern Corridor'),(45,108,23,'To Room 123'),(46,23,108,'To Eastern Corridor'),(47,108,24,'To Room 124'),(48,24,108,'To Eastern Corridor'),(49,108,25,'To Room 125'),(50,25,108,'To Eastern Corridor'),(51,109,26,'To Room 201'),(52,26,109,'To Northern Corridor'),(53,109,27,'To Room 202'),(54,27,109,'To Northern Corridor'),(55,109,28,'To Room 203'),(56,28,109,'To Northern Corridor'),(57,109,29,'To Room 204'),(58,29,109,'To Northern Corridor'),(59,109,30,'To Room 205'),(60,30,109,'To Northern Corridor'),(61,109,31,'To Room 206'),(62,31,109,'To Northern Corridor'),(63,109,32,'To Room 207'),(64,32,109,'To Northern Corridor'),(65,109,33,'To Room 208'),(66,33,109,'To Northern Corridor'),(67,109,34,'To Room 209'),(68,34,109,'To Northern Corridor'),(69,109,35,'To Room 210'),(70,35,109,'To Northern Corridor'),(71,110,36,'To Room 211'),(72,36,110,'To Southern Corridor'),(73,110,37,'To Room 212'),(74,37,110,'To Southern Corridor'),(75,110,38,'To Room 213'),(76,38,110,'To Southern Corridor'),(77,110,39,'To Room 214'),(78,39,110,'To Southern Corridor'),(79,110,40,'To Room 215'),(80,40,110,'To Southern Corridor'),(81,111,41,'To Room 216'),(82,41,111,'To Western Corridor'),(83,111,42,'To Room 217'),(84,42,111,'To Western Corridor'),(85,111,43,'To Room 218'),(86,43,111,'To Western Corridor'),(87,111,44,'To Room 219'),(88,44,111,'To Western Corridor'),(89,111,45,'To Room 220'),(90,45,111,'To Western Corridor'),(91,112,46,'To Room 221'),(92,46,112,'To Eastern Corridor'),(93,112,47,'To Room 222'),(94,47,112,'To Eastern Corridor'),(95,112,48,'To Room 223'),(96,48,112,'To Eastern Corridor'),(97,112,49,'To Room 224'),(98,49,112,'To Eastern Corridor'),(99,112,50,'To Room 225'),(100,50,112,'To Eastern Corridor'),(101,113,51,'To Room 301'),(102,51,113,'To Northern Corridor'),(103,113,52,'To Room 302'),(104,52,113,'To Northern Corridor'),(105,113,53,'To Room 303'),(106,53,113,'To Northern Corridor'),(107,113,54,'To Room 304'),(108,54,113,'To Northern Corridor'),(109,113,55,'To Room 305'),(110,55,113,'To Northern Corridor'),(111,113,56,'To Room 306'),(112,56,113,'To Northern Corridor'),(113,113,57,'To Room 307'),(114,57,113,'To Northern Corridor'),(115,113,58,'To Room 308'),(116,58,113,'To Northern Corridor'),(117,113,59,'To Room 309'),(118,59,113,'To Northern Corridor'),(119,113,60,'To Room 310'),(120,60,113,'To Northern Corridor'),(121,114,61,'To Room 311'),(122,61,114,'To Southern Corridor'),(123,114,62,'To Room 312'),(124,62,114,'To Southern Corridor'),(125,114,63,'To Room 313'),(126,63,114,'To Southern Corridor'),(127,114,64,'To Room 314'),(128,64,114,'To Southern Corridor'),(129,114,65,'To Room 315'),(130,65,114,'To Southern Corridor'),(131,115,66,'To Room 316'),(132,66,115,'To Western Corridor'),(133,115,67,'To Room 317'),(134,67,115,'To Western Corridor'),(135,115,68,'To Room 318'),(136,68,115,'To Western Corridor'),(137,115,69,'To Room 319'),(138,69,115,'To Western Corridor'),(139,115,70,'To Room 320'),(140,70,115,'To Western Corridor'),(141,116,71,'To Room 321'),(142,71,116,'To Eastern Corridor'),(143,116,72,'To Room 322'),(144,72,116,'To Eastern Corridor'),(145,116,73,'To Room 323'),(146,73,116,'To Eastern Corridor'),(147,116,74,'To Room 324'),(148,74,116,'To Eastern Corridor'),(149,116,75,'To Room 325'),(150,75,116,'To Eastern Corridor'),(151,117,76,'To Room 401'),(152,76,117,'To Northern Corridor'),(153,117,77,'To Room 402'),(154,77,117,'To Northern Corridor'),(155,117,78,'To Room 403'),(156,78,117,'To Northern Corridor'),(157,117,79,'To Room 404'),(158,79,117,'To Northern Corridor'),(159,117,80,'To Room 405'),(160,80,117,'To Northern Corridor'),(161,117,81,'To Room 406'),(162,81,117,'To Northern Corridor'),(163,117,82,'To Room 407'),(164,82,117,'To Northern Corridor'),(165,117,83,'To Room 408'),(166,83,117,'To Northern Corridor'),(167,117,84,'To Room 409'),(168,84,117,'To Northern Corridor'),(169,117,85,'To Room 410'),(170,85,117,'To Northern Corridor'),(171,118,86,'To Room 411'),(172,86,118,'To Southern Corridor'),(173,118,87,'To Room 412'),(174,87,118,'To Southern Corridor'),(175,118,88,'To Room 413'),(176,88,118,'To Southern Corridor'),(177,118,89,'To Room 414'),(178,89,118,'To Southern Corridor'),(179,118,90,'To Room 415'),(180,90,118,'To Southern Corridor'),(181,119,91,'To Room 416'),(182,91,119,'To Western Corridor'),(183,119,92,'To Room 417'),(184,92,119,'To Western Corridor'),(185,119,93,'To Room 418'),(186,93,119,'To Western Corridor'),(187,119,94,'To Room 419'),(188,94,119,'To Western Corridor'),(189,119,95,'To Room 420'),(190,95,119,'To Western Corridor'),(191,120,96,'To Room 421'),(192,96,120,'To Eastern Corridor'),(193,120,97,'To Room 422'),(194,97,120,'To Eastern Corridor'),(195,120,98,'To Room 423'),(196,98,120,'To Eastern Corridor'),(197,120,99,'To Room 424'),(198,99,120,'To Eastern Corridor'),(199,120,100,'To Room 425'),(200,100,120,'To Eastern Corridor'),(201,101,121,'To Northern Elavator'),(202,121,101,'To Northern Corridor'),(203,105,121,'To Northern Elavator'),(204,121,105,'To Northern Corridor'),(205,109,121,'To Northern Elavator'),(206,121,109,'To Northern Corridor'),(207,113,121,'To Northern Elavator'),(208,121,113,'To Northern Corridor'),(209,117,121,'To Northern Elavator'),(210,121,117,'To Northern Corridor'),(211,102,122,'To Southern Elavator'),(212,122,102,'To Southern Corridor'),(213,106,122,'To Southern Elavator'),(214,122,106,'To Southern Corridor'),(215,110,122,'To Southern Elavator'),(216,122,110,'To Southern Corridor'),(217,114,122,'To Southern Elavator'),(218,122,114,'To Southern Corridor'),(219,118,122,'To Southern Elavator'),(220,122,118,'To Southern Corridor'),(221,103,123,'To Western Elavator'),(222,123,103,'To Western Corridor'),(223,107,123,'To Western Elavator'),(224,123,107,'To Western Corridor'),(225,111,123,'To Western Elavator'),(226,123,111,'To Western Corridor'),(227,115,123,'To Western Elavator'),(228,123,115,'To Western Corridor'),(229,119,123,'To Western Elavator'),(230,123,119,'To Western Corridor'),(231,104,124,'To Eastern Elavator'),(232,124,104,'To Eastern Corridor'),(233,108,124,'To Eastern Elavator'),(234,124,108,'To Eastern Corridor'),(235,112,124,'To Eastern Elavator'),(236,124,112,'To Eastern Corridor'),(237,116,124,'To Eastern Elavator'),(238,124,116,'To Eastern Corridor'),(239,120,124,'To Eastern Elavator'),(240,124,120,'To Eastern Corridor'),(241,101,125,'To Custom 1 Bar'),(242,125,101,'To Northern Corridor'),(243,102,126,'To Custom 2 Bar'),(244,126,102,'To Southern Corridor'),(245,103,127,'To Luxurious Bar'),(246,127,103,'To Western Corridor'),(247,104,128,'To Grande Luxurious Bar'),(248,128,104,'To Eastern Corridor'),(249,101,129,'To Custom Restaurant'),(250,129,101,'To Northern Corridor'),(251,102,130,'To Luxurious Restaurant'),(252,130,102,'To Southern Corridor'),(253,103,131,'To Grande Luxurious Restaurant'),(254,131,103,'To Western Corridor'),(255,126,129,'To Custom Restaurant'),(256,129,126,'To Custom 2 Bar'),(257,127,130,'To Luxurious Restaurant'),(258,130,127,'To Luxurious Bar'),(259,128,131,'To Grande Luxurious Restaurant'),(260,131,128,'To Grande Luxurious Bar'),(261,101,132,'To Meeting Room 1'),(262,132,101,'To Northern Corridor'),(263,102,133,'To Meeting Room 2'),(264,133,102,'To Southern Corridor'),(265,103,134,'To Meeting Room 3'),(266,134,103,'To Western Corridor'),(267,104,135,'To Meeting Room 4'),(268,135,104,'To Eastern Corridor'),(269,101,136,'To Meeting Room 5'),(270,136,101,'To Northern Corridor'),(271,101,137,'To Custom 1 Gym'),(272,137,101,'To Northern Corridor'),(273,102,138,'To Custom 2 Gym'),(274,138,102,'To Southern Corridor'),(275,103,139,'To Luxurious Gym'),(276,139,103,'To Western Corridor'),(277,104,140,'To Grande Luxurious Gym'),(278,140,104,'To Eastern Corridor'),(279,101,141,'To Custom 1 Sauna'),(280,141,101,'To Northern Corridor'),(281,102,142,'To Custom 2 Sauna'),(282,142,102,'To Southern Corridor'),(283,103,143,'To Custom 3 Sauna'),(284,143,103,'To Western Corridor'),(285,104,144,'To Custom 4 Sauna'),(286,144,104,'To Eastern Corridor'),(287,101,145,'To Luxurious Sauna'),(288,145,101,'To Northern Corridor'),(289,102,146,'To Grande Luxurious Sauna'),(290,146,102,'To Southern Corridor'),(291,143,137,'To Custom 1 Gym'),(292,137,143,'To Custom 3 Sauna'),(293,144,138,'To Custom 2 Gym'),(294,138,144,'To Custom 4 Sauna'),(295,145,139,'To Luxurious Gym'),(296,139,145,'To Luxurious Sauna'),(297,146,140,'To Grande Luxurious Gym'),(298,140,146,'To Grande Luxurious Sauna'),(299,101,147,'To Custom Hair Salon'),(300,147,101,'To Northern Corridor'),(301,102,148,'To Luxurious Hair Salon'),(302,148,102,'To Southern Corridor'),(303,103,149,'To Grande Luxurious Hair Salon'),(304,149,103,'To Western Corridor'),(305,101,104,'To Eastern Corridor'),(306,101,103,'To Western Corridor'),(307,102,104,'To Eastern Corridor'),(308,102,103,'To Western Corridor'),(309,104,101,'To Northern Corridor'),(310,104,102,'To Southern Corridor'),(311,103,101,'To Northern Corridor'),(312,103,102,'To Southern Corridor'),(313,105,108,'To Eastern Corridor'),(314,105,107,'To Western Corridor'),(315,106,108,'To Eastern Corridor'),(316,106,107,'To Western Corridor'),(317,108,105,'To Northern Corridor'),(318,108,106,'To Southern Corridor'),(319,107,105,'To Northern Corridor'),(320,107,106,'To Southern Corridor'),(321,109,112,'To Eastern Corridor'),(322,109,111,'To Western Corridor'),(323,110,112,'To Eastern Corridor'),(324,110,111,'To Western Corridor'),(325,112,109,'To Northern Corridor'),(326,112,110,'To Southern Corridor'),(327,111,109,'To Northern Corridor'),(328,111,110,'To Southern Corridor'),(329,113,116,'To Eastern Corridor'),(330,113,115,'To Western Corridor'),(331,114,116,'To Eastern Corridor'),(332,114,115,'To Western Corridor'),(333,116,113,'To Northern Corridor'),(334,116,114,'To Southern Corridor'),(335,115,113,'To Northern Corridor'),(336,115,114,'To Southern Corridor'),(337,117,120,'To Eastern Corridor'),(338,117,119,'To Western Corridor'),(339,118,120,'To Eastern Corridor'),(340,118,119,'To Western Corridor'),(341,120,117,'To Northern Corridor'),(342,120,118,'To Southern Corridor'),(343,119,117,'To Northern Corridor'),(344,119,118,'To Southern Corridor');
/*!40000 ALTER TABLE `EntriesToRegions` ENABLE KEYS */;
UNLOCK TABLES;

--
-- Temporary table structure for view `MenuStatsLastSixMonths`
--

DROP TABLE IF EXISTS `MenuStatsLastSixMonths`;
/*!50001 DROP VIEW IF EXISTS `MenuStatsLastSixMonths`*/;
SET @saved_cs_client     = @@character_set_client;
SET character_set_client = utf8;
/*!50001 CREATE VIEW `MenuStatsLastSixMonths` AS SELECT 
 1 AS `idServiceMenu`,
 1 AS `Description`,
 1 AS `TotalConsumption`,
 1 AS `TotalProfit`,
 1 AS `CostPerUnit`,
 1 AS `Service`*/;
SET character_set_client = @saved_cs_client;

--
-- Table structure for table `NotSubscribedServices`
--

DROP TABLE IF EXISTS `NotSubscribedServices`;
/*!40101 SET @saved_cs_client     = @@character_set_client */;
/*!40101 SET character_set_client = utf8 */;
CREATE TABLE `NotSubscribedServices` (
  `idNotSubscribedServices` int(11) NOT NULL,
  PRIMARY KEY (`idNotSubscribedServices`),
  KEY `idServices_idx` (`idNotSubscribedServices`),
  CONSTRAINT `fk_NotSubscribedServicesISA` FOREIGN KEY (`idNotSubscribedServices`) REFERENCES `Services` (`idServices`) ON DELETE CASCADE ON UPDATE CASCADE
) ENGINE=InnoDB DEFAULT CHARSET=utf8;
/*!40101 SET character_set_client = @saved_cs_client */;

--
-- Dumping data for table `NotSubscribedServices`
--

LOCK TABLES `NotSubscribedServices` WRITE;
/*!40000 ALTER TABLE `NotSubscribedServices` DISABLE KEYS */;
INSERT INTO `NotSubscribedServices` VALUES (1),(2),(3);
/*!40000 ALTER TABLE `NotSubscribedServices` ENABLE KEYS */;
UNLOCK TABLES;

--
-- Table structure for table `OtherRegions`
--

DROP TABLE IF EXISTS `OtherRegions`;
/*!40101 SET @saved_cs_client     = @@character_set_client */;
/*!40101 SET character_set_client = utf8 */;
CREATE TABLE `OtherRegions` (
  `idOtherRegions` int(11) NOT NULL,
  PRIMARY KEY (`idOtherRegions`),
  KEY `idOtherRegions_idx` (`idOtherRegions`),
  CONSTRAINT `fk_OtherRegionsISA` FOREIGN KEY (`idOtherRegions`) REFERENCES `Regions` (`idRegions`) ON DELETE CASCADE ON UPDATE CASCADE
) ENGINE=InnoDB DEFAULT CHARSET=utf8;
/*!40101 SET character_set_client = @saved_cs_client */;

--
-- Dumping data for table `OtherRegions`
--

LOCK TABLES `OtherRegions` WRITE;
/*!40000 ALTER TABLE `OtherRegions` DISABLE KEYS */;
INSERT INTO `OtherRegions` VALUES (101),(102),(103),(104),(105),(106),(107),(108),(109),(110),(111),(112),(113),(114),(115),(116),(117),(118),(119),(120),(121),(122),(123),(124),(125),(126),(127),(128),(129),(130),(131),(132),(133),(134),(135),(136),(137),(138),(139),(140),(141),(142),(143),(144),(145),(146),(147),(148),(149);
/*!40000 ALTER TABLE `OtherRegions` ENABLE KEYS */;
UNLOCK TABLES;

--
-- Table structure for table `PassingEntry`
--

DROP TABLE IF EXISTS `PassingEntry`;
/*!40101 SET @saved_cs_client     = @@character_set_client */;
/*!40101 SET character_set_client = utf8 */;
CREATE TABLE `PassingEntry` (
  `idPassingEntry` int(11) NOT NULL AUTO_INCREMENT,
  `BraceletId` int(11) NOT NULL,
  `idEntriesToRegions` int(11) NOT NULL,
  `Datetime` datetime NOT NULL,
  `Approvement` tinyint(1) NOT NULL,
  PRIMARY KEY (`idPassingEntry`),
  KEY `fk_PassingEntryCustomer_idx` (`BraceletId`),
  KEY `fk_PassingEntryRegions_idx` (`idEntriesToRegions`),
  CONSTRAINT `fk_PassingEntryCustomer` FOREIGN KEY (`BraceletId`) REFERENCES `ActiveCustomerLiveToRooms` (`BraceletId`) ON DELETE CASCADE ON UPDATE NO ACTION,
  CONSTRAINT `fk_PassingEntryRegions` FOREIGN KEY (`idEntriesToRegions`) REFERENCES `EntriesToRegions` (`idEntriesToRegions`) ON DELETE CASCADE ON UPDATE NO ACTION
) ENGINE=InnoDB AUTO_INCREMENT=10149 DEFAULT CHARSET=utf8;
/*!40101 SET character_set_client = @saved_cs_client */;

--
-- Dumping data for table `PassingEntry`
--

LOCK TABLES `PassingEntry` WRITE;
/*!40000 ALTER TABLE `PassingEntry` DISABLE KEYS */;
INSERT INTO `PassingEntry` VALUES (7282,6,58,'2021-06-18 16:25:06',1),(7283,6,205,'2021-06-18 16:28:06',1),(7284,6,202,'2021-06-18 16:29:06',1),(7285,6,241,'2021-06-18 16:34:06',1),(7289,6,242,'2021-06-18 18:34:06',1),(7290,6,201,'2021-06-18 18:37:06',1),(7291,6,206,'2021-06-18 18:38:06',1),(7292,6,57,'2021-06-18 18:43:06',1),(7296,7,60,'2021-06-18 16:41:02',1),(7297,7,205,'2021-06-18 16:44:02',1),(7298,7,202,'2021-06-18 16:45:02',1),(7299,7,241,'2021-06-18 16:50:02',1),(7303,7,242,'2021-06-18 18:50:02',1),(7304,7,201,'2021-06-18 18:53:02',1),(7305,7,206,'2021-06-18 18:54:02',1),(7306,7,59,'2021-06-18 18:59:02',1),(7310,8,62,'2021-06-18 17:36:47',1),(7311,8,205,'2021-06-18 17:39:47',1),(7312,8,202,'2021-06-18 17:40:47',1),(7313,8,241,'2021-06-18 17:45:47',1),(7317,8,242,'2021-06-18 19:45:47',1),(7318,8,201,'2021-06-18 19:48:47',1),(7319,8,206,'2021-06-18 19:49:47',1),(7320,8,61,'2021-06-18 19:54:47',1),(7324,9,64,'2021-06-18 18:36:27',1),(7325,9,205,'2021-06-18 18:39:27',1),(7326,9,202,'2021-06-18 18:40:27',1),(7327,9,241,'2021-06-18 18:45:27',1),(7331,9,242,'2021-06-18 20:45:27',1),(7332,9,201,'2021-06-18 20:48:27',1),(7333,9,206,'2021-06-18 20:49:27',1),(7334,9,63,'2021-06-18 20:54:27',1),(7338,10,66,'2021-06-18 19:01:28',1),(7339,10,205,'2021-06-18 19:04:28',1),(7340,10,202,'2021-06-18 19:05:28',1),(7341,10,241,'2021-06-18 19:10:28',1),(7345,10,242,'2021-06-18 21:10:28',1),(7346,10,201,'2021-06-18 21:13:28',1),(7347,10,206,'2021-06-18 21:14:28',1),(7348,10,65,'2021-06-18 21:19:28',1),(7352,6,58,'2021-06-18 19:55:44',1),(7353,6,205,'2021-06-18 19:58:44',1),(7354,6,202,'2021-06-18 19:59:44',1),(7355,6,299,'2021-06-18 20:04:44',1),(7359,6,300,'2021-06-18 22:04:44',1),(7360,6,201,'2021-06-18 22:07:44',1),(7361,6,206,'2021-06-18 22:08:44',1),(7362,6,57,'2021-06-18 22:13:44',1),(7366,7,60,'2021-06-18 20:51:08',1),(7367,7,205,'2021-06-18 20:54:08',1),(7368,7,202,'2021-06-18 20:55:08',1),(7369,7,299,'2021-06-18 21:00:08',1),(7373,7,300,'2021-06-18 23:00:08',1),(7374,7,201,'2021-06-18 23:03:08',1),(7375,7,206,'2021-06-18 23:04:08',1),(7376,7,59,'2021-06-18 23:09:08',1),(7380,8,62,'2021-06-18 21:05:00',1),(7381,8,205,'2021-06-18 21:08:00',1),(7382,8,202,'2021-06-18 21:09:00',1),(7383,8,299,'2021-06-18 21:14:00',1),(7387,8,300,'2021-06-18 23:14:00',1),(7388,8,201,'2021-06-18 23:17:00',1),(7389,8,206,'2021-06-18 23:18:00',1),(7390,8,61,'2021-06-18 23:23:00',1),(7394,9,64,'2021-06-18 21:47:54',1),(7395,9,205,'2021-06-18 21:50:54',1),(7396,9,202,'2021-06-18 21:51:54',1),(7397,9,299,'2021-06-18 21:56:54',1),(7401,9,300,'2021-06-18 23:56:54',1),(7402,9,201,'2021-06-18 23:59:54',1),(7403,9,206,'2021-06-19 00:00:54',1),(7404,9,63,'2021-06-19 00:05:54',1),(7408,10,66,'2021-06-18 22:09:00',1),(7409,10,205,'2021-06-18 22:12:00',1),(7410,10,202,'2021-06-18 22:13:00',1),(7411,10,299,'2021-06-18 22:18:00',1),(7415,10,300,'2021-06-19 00:18:00',1),(7416,10,201,'2021-06-19 00:21:00',1),(7417,10,206,'2021-06-19 00:22:00',1),(7418,10,65,'2021-06-19 00:27:00',1),(7422,6,58,'2021-06-15 16:07:37',1),(7423,6,205,'2021-06-15 16:10:37',1),(7424,6,202,'2021-06-15 16:11:37',1),(7425,6,261,'2021-06-15 16:16:37',1),(7429,6,262,'2021-06-15 18:16:37',1),(7430,6,201,'2021-06-15 18:19:37',1),(7431,6,206,'2021-06-15 18:20:37',1),(7432,6,57,'2021-06-15 18:25:37',1),(7436,7,60,'2021-06-15 16:49:12',1),(7437,7,205,'2021-06-15 16:52:12',1),(7438,7,202,'2021-06-15 16:53:12',1),(7439,7,261,'2021-06-15 16:58:12',1),(7443,7,262,'2021-06-15 18:58:12',1),(7444,7,201,'2021-06-15 19:01:12',1),(7445,7,206,'2021-06-15 19:02:12',1),(7446,7,59,'2021-06-15 19:07:12',1),(7450,8,62,'2021-06-15 17:39:39',1),(7451,8,205,'2021-06-15 17:42:39',1),(7452,8,202,'2021-06-15 17:43:39',1),(7453,8,261,'2021-06-15 17:48:39',1),(7457,8,262,'2021-06-15 19:48:39',1),(7458,8,201,'2021-06-15 19:51:39',1),(7459,8,206,'2021-06-15 19:52:39',1),(7460,8,61,'2021-06-15 19:57:39',1),(7464,9,64,'2021-06-15 18:21:47',1),(7465,9,205,'2021-06-15 18:24:47',1),(7466,9,202,'2021-06-15 18:25:47',1),(7467,9,261,'2021-06-15 18:30:47',1),(7471,9,262,'2021-06-15 20:30:47',1),(7472,9,201,'2021-06-15 20:33:47',1),(7473,9,206,'2021-06-15 20:34:47',1),(7474,9,63,'2021-06-15 20:39:47',1),(7478,10,66,'2021-06-15 18:55:08',1),(7479,10,205,'2021-06-15 18:58:08',1),(7480,10,202,'2021-06-15 18:59:08',1),(7481,10,261,'2021-06-15 19:04:08',1),(7485,10,262,'2021-06-15 21:04:08',1),(7486,10,201,'2021-06-15 21:07:08',1),(7487,10,206,'2021-06-15 21:08:08',1),(7488,10,65,'2021-06-15 21:13:08',1),(7492,6,58,'2021-06-14 12:19:41',1),(7493,6,205,'2021-06-14 12:22:41',1),(7494,6,202,'2021-06-14 12:23:41',1),(7495,6,249,'2021-06-14 12:28:41',1),(7499,6,250,'2021-06-14 14:28:41',1),(7500,6,201,'2021-06-14 14:31:41',1),(7501,6,206,'2021-06-14 14:32:41',1),(7502,6,57,'2021-06-14 14:37:41',1),(7506,7,60,'2021-06-14 12:46:54',1),(7507,7,205,'2021-06-14 12:49:54',1),(7508,7,202,'2021-06-14 12:50:54',1),(7509,7,249,'2021-06-14 12:55:54',1),(7513,7,250,'2021-06-14 14:55:54',1),(7514,7,201,'2021-06-14 14:58:54',1),(7515,7,206,'2021-06-14 14:59:54',1),(7516,7,59,'2021-06-14 15:04:54',1),(7520,8,62,'2021-06-14 13:30:47',1),(7521,8,205,'2021-06-14 13:33:47',1),(7522,8,202,'2021-06-14 13:34:47',1),(7523,8,249,'2021-06-14 13:39:47',1),(7527,8,250,'2021-06-14 15:39:47',1),(7528,8,201,'2021-06-14 15:42:47',1),(7529,8,206,'2021-06-14 15:43:47',1),(7530,8,61,'2021-06-14 15:48:47',1),(7534,9,64,'2021-06-14 13:50:40',1),(7535,9,205,'2021-06-14 13:53:40',1),(7536,9,202,'2021-06-14 13:54:40',1),(7537,9,249,'2021-06-14 13:59:40',1),(7541,9,250,'2021-06-14 15:59:40',1),(7542,9,201,'2021-06-14 16:02:40',1),(7543,9,206,'2021-06-14 16:03:40',1),(7544,9,63,'2021-06-14 16:08:40',1),(7548,10,66,'2021-06-14 14:18:15',1),(7549,10,205,'2021-06-14 14:21:15',1),(7550,10,202,'2021-06-14 14:22:15',1),(7551,10,249,'2021-06-14 14:27:15',1),(7555,10,250,'2021-06-14 16:27:15',1),(7556,10,201,'2021-06-14 16:30:15',1),(7557,10,206,'2021-06-14 16:31:15',1),(7558,10,65,'2021-06-14 16:36:15',1),(7562,6,58,'2021-06-15 09:40:09',1),(7563,6,205,'2021-06-15 09:43:09',1),(7564,6,202,'2021-06-15 09:44:09',1),(7565,6,269,'2021-06-15 09:49:09',1),(7569,6,270,'2021-06-15 11:49:09',1),(7570,6,201,'2021-06-15 11:52:09',1),(7571,6,206,'2021-06-15 11:53:09',1),(7572,6,57,'2021-06-15 11:58:09',1),(7576,7,60,'2021-06-15 10:23:19',1),(7577,7,205,'2021-06-15 10:26:19',1),(7578,7,202,'2021-06-15 10:27:19',1),(7579,7,269,'2021-06-15 10:32:19',1),(7583,7,270,'2021-06-15 12:32:19',1),(7584,7,201,'2021-06-15 12:35:19',1),(7585,7,206,'2021-06-15 12:36:19',1),(7586,7,59,'2021-06-15 12:41:19',1),(7590,8,62,'2021-06-15 11:03:05',1),(7591,8,205,'2021-06-15 11:06:05',1),(7592,8,202,'2021-06-15 11:07:05',1),(7593,8,269,'2021-06-15 11:12:05',1),(7597,8,270,'2021-06-15 13:12:05',1),(7598,8,201,'2021-06-15 13:15:05',1),(7599,8,206,'2021-06-15 13:16:05',1),(7600,8,61,'2021-06-15 13:21:05',1),(7604,9,64,'2021-06-15 11:54:00',1),(7605,9,205,'2021-06-15 11:57:00',1),(7606,9,202,'2021-06-15 11:58:00',1),(7607,9,269,'2021-06-15 12:03:00',1),(7611,9,270,'2021-06-15 14:03:00',1),(7612,9,201,'2021-06-15 14:06:00',1),(7613,9,206,'2021-06-15 14:07:00',1),(7614,9,63,'2021-06-15 14:12:00',1),(7618,10,66,'2021-06-15 11:55:19',1),(7619,10,205,'2021-06-15 11:58:19',1),(7620,10,202,'2021-06-15 11:59:19',1),(7621,10,269,'2021-06-15 12:04:19',1),(7625,10,270,'2021-06-15 14:04:19',1),(7626,10,201,'2021-06-15 14:07:19',1),(7627,10,206,'2021-06-15 14:08:19',1),(7628,10,65,'2021-06-15 14:13:19',1),(7632,21,58,'2021-04-18 09:34:38',1),(7633,21,205,'2021-04-18 09:37:38',1),(7634,21,202,'2021-04-18 09:38:38',1),(7635,21,241,'2021-04-18 09:43:38',1),(7639,21,242,'2021-04-18 11:43:38',1),(7640,21,201,'2021-04-18 11:46:38',1),(7641,21,206,'2021-04-18 11:47:38',1),(7642,21,57,'2021-04-18 11:52:38',1),(7646,22,68,'2021-04-18 10:04:09',1),(7647,22,205,'2021-04-18 10:07:09',1),(7648,22,202,'2021-04-18 10:08:09',1),(7649,22,241,'2021-04-18 10:13:09',1),(7653,22,242,'2021-04-18 12:13:09',1),(7654,22,201,'2021-04-18 12:16:09',1),(7655,22,206,'2021-04-18 12:17:09',1),(7656,22,67,'2021-04-18 12:22:09',1),(7660,23,78,'2021-04-18 10:12:16',1),(7661,23,215,'2021-04-18 10:15:16',1),(7662,23,212,'2021-04-18 10:16:16',1),(7663,23,243,'2021-04-18 10:21:16',1),(7667,23,244,'2021-04-18 12:21:16',1),(7668,23,211,'2021-04-18 12:24:16',1),(7669,23,216,'2021-04-18 12:25:16',1),(7670,23,77,'2021-04-18 12:30:16',1),(7674,24,88,'2021-04-18 10:23:49',1),(7675,24,225,'2021-04-18 10:26:49',1),(7676,24,222,'2021-04-18 10:27:49',1),(7677,24,245,'2021-04-18 10:32:49',1),(7681,24,246,'2021-04-18 12:32:49',1),(7682,24,221,'2021-04-18 12:35:49',1),(7683,24,226,'2021-04-18 12:36:49',1),(7684,24,87,'2021-04-18 12:41:49',1),(7688,25,98,'2021-04-18 10:35:06',1),(7689,25,235,'2021-04-18 10:38:06',1),(7690,25,232,'2021-04-18 10:39:06',1),(7691,25,247,'2021-04-18 10:44:06',1),(7695,25,248,'2021-04-18 12:44:06',1),(7696,25,231,'2021-04-18 12:47:06',1),(7697,25,236,'2021-04-18 12:48:06',1),(7698,25,97,'2021-04-18 12:53:06',1),(7702,26,108,'2021-04-18 11:27:34',1),(7703,26,207,'2021-04-18 11:30:34',1),(7704,26,202,'2021-04-18 11:31:34',1),(7705,26,241,'2021-04-18 11:36:34',1),(7709,26,242,'2021-04-18 13:36:34',1),(7710,26,201,'2021-04-18 13:39:34',1),(7711,26,208,'2021-04-18 13:40:34',1),(7712,26,107,'2021-04-18 13:45:34',1),(7716,27,118,'2021-04-18 12:11:49',1),(7717,27,207,'2021-04-18 12:14:49',1),(7718,27,202,'2021-04-18 12:15:49',1),(7719,27,241,'2021-04-18 12:20:49',1),(7723,27,242,'2021-04-18 14:20:49',1),(7724,27,201,'2021-04-18 14:23:49',1),(7725,27,208,'2021-04-18 14:24:49',1),(7726,27,117,'2021-04-18 14:29:49',1),(7730,28,128,'2021-04-18 12:13:10',1),(7731,28,217,'2021-04-18 12:16:10',1),(7732,28,212,'2021-04-18 12:17:10',1),(7733,28,243,'2021-04-18 12:22:10',1),(7737,28,244,'2021-04-18 14:22:10',1),(7738,28,211,'2021-04-18 14:25:10',1),(7739,28,218,'2021-04-18 14:26:10',1),(7740,28,127,'2021-04-18 14:31:10',1),(7744,29,138,'2021-04-18 12:54:32',1),(7745,29,227,'2021-04-18 12:57:32',1),(7746,29,222,'2021-04-18 12:58:32',1),(7747,29,245,'2021-04-18 13:03:32',1),(7751,29,246,'2021-04-18 15:03:32',1),(7752,29,221,'2021-04-18 15:06:32',1),(7753,29,228,'2021-04-18 15:07:32',1),(7754,29,137,'2021-04-18 15:12:32',1),(7758,30,148,'2021-04-18 13:41:17',1),(7759,30,237,'2021-04-18 13:44:17',1),(7760,30,232,'2021-04-18 13:45:17',1),(7761,30,247,'2021-04-18 13:50:17',1),(7765,30,248,'2021-04-18 15:50:17',1),(7766,30,231,'2021-04-18 15:53:17',1),(7767,30,238,'2021-04-18 15:54:17',1),(7768,30,147,'2021-04-18 15:59:17',1),(7772,21,58,'2021-04-17 14:00:46',1),(7773,21,205,'2021-04-17 14:03:46',1),(7774,21,202,'2021-04-17 14:04:46',1),(7775,21,299,'2021-04-17 14:09:46',1),(7779,21,300,'2021-04-17 16:09:46',1),(7780,21,201,'2021-04-17 16:12:46',1),(7781,21,206,'2021-04-17 16:13:46',1),(7782,21,57,'2021-04-17 16:18:46',1),(7786,22,68,'2021-04-17 14:49:28',1),(7787,22,205,'2021-04-17 14:52:28',1),(7788,22,202,'2021-04-17 14:53:28',1),(7789,22,299,'2021-04-17 14:58:28',1),(7793,22,300,'2021-04-17 16:58:28',1),(7794,22,201,'2021-04-17 17:01:28',1),(7795,22,206,'2021-04-17 17:02:28',1),(7796,22,67,'2021-04-17 17:07:28',1),(7800,23,78,'2021-04-17 14:54:45',1),(7801,23,215,'2021-04-17 14:57:45',1),(7802,23,212,'2021-04-17 14:58:45',1),(7803,23,301,'2021-04-17 15:03:45',1),(7807,23,302,'2021-04-17 17:03:45',1),(7808,23,211,'2021-04-17 17:06:45',1),(7809,23,216,'2021-04-17 17:07:45',1),(7810,23,77,'2021-04-17 17:12:45',1),(7814,24,88,'2021-04-17 15:05:47',1),(7815,24,225,'2021-04-17 15:08:47',1),(7816,24,222,'2021-04-17 15:09:47',1),(7817,24,303,'2021-04-17 15:14:47',1),(7821,24,304,'2021-04-17 17:14:47',1),(7822,24,221,'2021-04-17 17:17:47',1),(7823,24,226,'2021-04-17 17:18:47',1),(7824,24,87,'2021-04-17 17:23:47',1),(7828,26,108,'2021-04-17 16:30:15',1),(7829,26,207,'2021-04-17 16:33:15',1),(7830,26,202,'2021-04-17 16:34:15',1),(7831,26,299,'2021-04-17 16:39:15',1),(7835,26,300,'2021-04-17 18:39:15',1),(7836,26,201,'2021-04-17 18:42:15',1),(7837,26,208,'2021-04-17 18:43:15',1),(7838,26,107,'2021-04-17 18:48:15',1),(7842,27,118,'2021-04-17 16:48:48',1),(7843,27,207,'2021-04-17 16:51:48',1),(7844,27,202,'2021-04-17 16:52:48',1),(7845,27,299,'2021-04-17 16:57:48',1),(7849,27,300,'2021-04-17 18:57:48',1),(7850,27,201,'2021-04-17 19:00:48',1),(7851,27,208,'2021-04-17 19:01:48',1),(7852,27,117,'2021-04-17 19:06:48',1),(7856,28,128,'2021-04-17 17:42:30',1),(7857,28,217,'2021-04-17 17:45:30',1),(7858,28,212,'2021-04-17 17:46:30',1),(7859,28,301,'2021-04-17 17:51:30',1),(7863,28,302,'2021-04-17 19:51:30',1),(7864,28,211,'2021-04-17 19:54:30',1),(7865,28,218,'2021-04-17 19:55:30',1),(7866,28,127,'2021-04-17 20:00:30',1),(7870,29,138,'2021-04-17 18:34:42',1),(7871,29,227,'2021-04-17 18:37:42',1),(7872,29,222,'2021-04-17 18:38:42',1),(7873,29,303,'2021-04-17 18:43:42',1),(7877,29,304,'2021-04-17 20:43:42',1),(7878,29,221,'2021-04-17 20:46:42',1),(7879,29,228,'2021-04-17 20:47:42',1),(7880,29,137,'2021-04-17 20:52:42',1),(7884,21,58,'2021-04-15 11:15:25',1),(7885,21,205,'2021-04-15 11:18:25',1),(7886,21,202,'2021-04-15 11:19:25',1),(7887,21,261,'2021-04-15 11:24:25',1),(7891,21,262,'2021-04-15 13:24:25',1),(7892,21,201,'2021-04-15 13:27:25',1),(7893,21,206,'2021-04-15 13:28:25',1),(7894,21,57,'2021-04-15 13:33:25',1),(7898,22,68,'2021-04-15 11:34:45',1),(7899,22,205,'2021-04-15 11:37:45',1),(7900,22,202,'2021-04-15 11:38:45',1),(7901,22,261,'2021-04-15 11:43:45',1),(7905,22,262,'2021-04-15 13:43:45',1),(7906,22,201,'2021-04-15 13:46:45',1),(7907,22,206,'2021-04-15 13:47:45',1),(7908,22,67,'2021-04-15 13:52:45',1),(7912,23,78,'2021-04-15 12:15:08',1),(7913,23,215,'2021-04-15 12:18:08',1),(7914,23,212,'2021-04-15 12:19:08',1),(7915,23,263,'2021-04-15 12:24:08',1),(7919,23,264,'2021-04-15 14:24:08',1),(7920,23,211,'2021-04-15 14:27:08',1),(7921,23,216,'2021-04-15 14:28:08',1),(7922,23,77,'2021-04-15 14:33:08',1),(7926,24,88,'2021-04-15 13:06:15',1),(7927,24,225,'2021-04-15 13:09:15',1),(7928,24,222,'2021-04-15 13:10:15',1),(7929,24,265,'2021-04-15 13:15:15',1),(7933,24,266,'2021-04-15 15:15:15',1),(7934,24,221,'2021-04-15 15:18:15',1),(7935,24,226,'2021-04-15 15:19:15',1),(7936,24,87,'2021-04-15 15:24:15',1),(7940,25,98,'2021-04-15 13:10:09',1),(7941,25,235,'2021-04-15 13:13:09',1),(7942,25,232,'2021-04-15 13:14:09',1),(7943,25,267,'2021-04-15 13:19:09',1),(7947,25,268,'2021-04-15 15:19:09',1),(7948,25,231,'2021-04-15 15:22:09',1),(7949,25,236,'2021-04-15 15:23:09',1),(7950,25,97,'2021-04-15 15:28:09',1),(7954,26,108,'2021-04-15 13:28:56',1),(7955,26,207,'2021-04-15 13:31:56',1),(7956,26,202,'2021-04-15 13:32:56',1),(7957,26,261,'2021-04-15 13:37:56',1),(7961,26,262,'2021-04-15 15:37:56',1),(7962,26,201,'2021-04-15 15:40:56',1),(7963,26,208,'2021-04-15 15:41:56',1),(7964,26,107,'2021-04-15 15:46:56',1),(7968,27,118,'2021-04-15 14:28:33',1),(7969,27,207,'2021-04-15 14:31:33',1),(7970,27,202,'2021-04-15 14:32:33',1),(7971,27,261,'2021-04-15 14:37:33',1),(7975,27,262,'2021-04-15 16:37:33',1),(7976,27,201,'2021-04-15 16:40:33',1),(7977,27,208,'2021-04-15 16:41:33',1),(7978,27,117,'2021-04-15 16:46:33',1),(7982,28,128,'2021-04-15 14:35:14',1),(7983,28,217,'2021-04-15 14:38:14',1),(7984,28,212,'2021-04-15 14:39:14',1),(7985,28,263,'2021-04-15 14:44:14',1),(7989,28,264,'2021-04-15 16:44:14',1),(7990,28,211,'2021-04-15 16:47:14',1),(7991,28,218,'2021-04-15 16:48:14',1),(7992,28,127,'2021-04-15 16:53:14',1),(7996,29,138,'2021-04-15 14:38:27',1),(7997,29,227,'2021-04-15 14:41:27',1),(7998,29,222,'2021-04-15 14:42:27',1),(7999,29,265,'2021-04-15 14:47:27',1),(8003,29,266,'2021-04-15 16:47:27',1),(8004,29,221,'2021-04-15 16:50:27',1),(8005,29,228,'2021-04-15 16:51:27',1),(8006,29,137,'2021-04-15 16:56:27',1),(8010,30,148,'2021-04-15 15:35:25',1),(8011,30,237,'2021-04-15 15:38:25',1),(8012,30,232,'2021-04-15 15:39:25',1),(8013,30,267,'2021-04-15 15:44:25',1),(8017,30,268,'2021-04-15 17:44:25',1),(8018,30,231,'2021-04-15 17:47:25',1),(8019,30,238,'2021-04-15 17:48:25',1),(8020,30,147,'2021-04-15 17:53:25',1),(8024,21,58,'2021-04-14 13:46:38',1),(8025,21,205,'2021-04-14 13:49:38',1),(8026,21,202,'2021-04-14 13:50:38',1),(8027,21,249,'2021-04-14 13:55:38',1),(8031,21,250,'2021-04-14 15:55:38',1),(8032,21,201,'2021-04-14 15:58:38',1),(8033,21,206,'2021-04-14 15:59:38',1),(8034,21,57,'2021-04-14 16:04:38',1),(8038,22,68,'2021-04-14 14:36:56',1),(8039,22,205,'2021-04-14 14:39:56',1),(8040,22,202,'2021-04-14 14:40:56',1),(8041,22,249,'2021-04-14 14:45:56',1),(8045,22,250,'2021-04-14 16:45:56',1),(8046,22,201,'2021-04-14 16:48:56',1),(8047,22,206,'2021-04-14 16:49:56',1),(8048,22,67,'2021-04-14 16:54:56',1),(8052,23,78,'2021-04-14 15:36:56',1),(8053,23,215,'2021-04-14 15:39:56',1),(8054,23,212,'2021-04-14 15:40:56',1),(8055,23,251,'2021-04-14 15:45:56',1),(8059,23,252,'2021-04-14 17:45:56',1),(8060,23,211,'2021-04-14 17:48:56',1),(8061,23,216,'2021-04-14 17:49:56',1),(8062,23,77,'2021-04-14 17:54:56',1),(8066,24,88,'2021-04-14 15:38:01',1),(8067,24,225,'2021-04-14 15:41:01',1),(8068,24,222,'2021-04-14 15:42:01',1),(8069,24,253,'2021-04-14 15:47:01',1),(8073,24,254,'2021-04-14 17:47:01',1),(8074,24,221,'2021-04-14 17:50:01',1),(8075,24,226,'2021-04-14 17:51:01',1),(8076,24,87,'2021-04-14 17:56:01',1),(8080,26,108,'2021-04-14 16:11:08',1),(8081,26,207,'2021-04-14 16:14:08',1),(8082,26,202,'2021-04-14 16:15:08',1),(8083,26,249,'2021-04-14 16:20:08',1),(8087,26,250,'2021-04-14 18:20:08',1),(8088,26,201,'2021-04-14 18:23:08',1),(8089,26,208,'2021-04-14 18:24:08',1),(8090,26,107,'2021-04-14 18:29:08',1),(8094,27,118,'2021-04-14 16:54:43',1),(8095,27,207,'2021-04-14 16:57:43',1),(8096,27,202,'2021-04-14 16:58:43',1),(8097,27,249,'2021-04-14 17:03:43',1),(8101,27,250,'2021-04-14 19:03:43',1),(8102,27,201,'2021-04-14 19:06:43',1),(8103,27,208,'2021-04-14 19:07:43',1),(8104,27,117,'2021-04-14 19:12:43',1),(8108,28,128,'2021-04-14 17:38:36',1),(8109,28,217,'2021-04-14 17:41:36',1),(8110,28,212,'2021-04-14 17:42:36',1),(8111,28,251,'2021-04-14 17:47:36',1),(8115,28,252,'2021-04-14 19:47:36',1),(8116,28,211,'2021-04-14 19:50:36',1),(8117,28,218,'2021-04-14 19:51:36',1),(8118,28,127,'2021-04-14 19:56:36',1),(8122,29,138,'2021-04-14 17:52:00',1),(8123,29,227,'2021-04-14 17:55:00',1),(8124,29,222,'2021-04-14 17:56:00',1),(8125,29,253,'2021-04-14 18:01:00',1),(8129,29,254,'2021-04-14 20:01:00',1),(8130,29,221,'2021-04-14 20:04:00',1),(8131,29,228,'2021-04-14 20:05:00',1),(8132,29,137,'2021-04-14 20:10:00',1),(8136,21,58,'2021-04-17 17:14:42',1),(8137,21,205,'2021-04-17 17:17:42',1),(8138,21,202,'2021-04-17 17:18:42',1),(8139,21,279,'2021-04-17 17:23:42',1),(8143,21,280,'2021-04-17 19:23:42',1),(8144,21,201,'2021-04-17 19:26:42',1),(8145,21,206,'2021-04-17 19:27:42',1),(8146,21,57,'2021-04-17 19:32:42',1),(8150,22,68,'2021-04-17 18:03:33',1),(8151,22,205,'2021-04-17 18:06:33',1),(8152,22,202,'2021-04-17 18:07:33',1),(8153,22,279,'2021-04-17 18:12:33',1),(8157,22,280,'2021-04-17 20:12:33',1),(8158,22,201,'2021-04-17 20:15:33',1),(8159,22,206,'2021-04-17 20:16:33',1),(8160,22,67,'2021-04-17 20:21:33',1),(8164,23,78,'2021-04-17 18:57:24',1),(8165,23,215,'2021-04-17 19:00:24',1),(8166,23,212,'2021-04-17 19:01:24',1),(8167,23,281,'2021-04-17 19:06:24',1),(8171,23,282,'2021-04-17 21:06:24',1),(8172,23,211,'2021-04-17 21:09:24',1),(8173,23,216,'2021-04-17 21:10:24',1),(8174,23,77,'2021-04-17 21:15:24',1),(8178,24,88,'2021-04-17 19:33:51',1),(8179,24,225,'2021-04-17 19:36:51',1),(8180,24,222,'2021-04-17 19:37:51',1),(8181,24,283,'2021-04-17 19:42:51',1),(8185,24,284,'2021-04-17 21:42:51',1),(8186,24,221,'2021-04-17 21:45:51',1),(8187,24,226,'2021-04-17 21:46:51',1),(8188,24,87,'2021-04-17 21:51:51',1),(8192,25,98,'2021-04-17 19:59:34',1),(8193,25,235,'2021-04-17 20:02:34',1),(8194,25,232,'2021-04-17 20:03:34',1),(8195,25,285,'2021-04-17 20:08:34',1),(8199,25,286,'2021-04-17 22:08:34',1),(8200,25,231,'2021-04-17 22:11:34',1),(8201,25,236,'2021-04-17 22:12:34',1),(8202,25,97,'2021-04-17 22:17:34',1),(8206,26,108,'2021-04-17 20:21:07',1),(8207,26,207,'2021-04-17 20:24:07',1),(8208,26,202,'2021-04-17 20:25:07',1),(8209,26,279,'2021-04-17 20:30:07',1),(8213,26,280,'2021-04-17 22:30:07',1),(8214,26,201,'2021-04-17 22:33:07',1),(8215,26,208,'2021-04-17 22:34:07',1),(8216,26,107,'2021-04-17 22:39:07',1),(8220,27,118,'2021-04-17 21:06:10',1),(8221,27,207,'2021-04-17 21:09:10',1),(8222,27,202,'2021-04-17 21:10:10',1),(8223,27,279,'2021-04-17 21:15:10',1),(8227,27,280,'2021-04-17 23:15:10',1),(8228,27,201,'2021-04-17 23:18:10',1),(8229,27,208,'2021-04-17 23:19:10',1),(8230,27,117,'2021-04-17 23:24:10',1),(8234,28,128,'2021-04-17 22:07:01',1),(8235,28,217,'2021-04-17 22:10:01',1),(8236,28,212,'2021-04-17 22:11:01',1),(8237,28,281,'2021-04-17 22:16:01',1),(8241,28,282,'2021-04-18 00:16:01',1),(8242,28,211,'2021-04-18 00:19:01',1),(8243,28,218,'2021-04-18 00:20:01',1),(8244,28,127,'2021-04-18 00:25:01',1),(8248,29,138,'2021-04-17 22:23:48',1),(8249,29,227,'2021-04-17 22:26:48',1),(8250,29,222,'2021-04-17 22:27:48',1),(8251,29,283,'2021-04-17 22:32:48',1),(8255,29,284,'2021-04-18 00:32:48',1),(8256,29,221,'2021-04-18 00:35:48',1),(8257,29,228,'2021-04-18 00:36:48',1),(8258,29,137,'2021-04-18 00:41:48',1),(8262,30,148,'2021-04-17 22:27:44',1),(8263,30,237,'2021-04-17 22:30:44',1),(8264,30,232,'2021-04-17 22:31:44',1),(8265,30,285,'2021-04-17 22:36:44',1),(8269,30,286,'2021-04-18 00:36:44',1),(8270,30,231,'2021-04-18 00:39:44',1),(8271,30,238,'2021-04-18 00:40:44',1),(8272,30,147,'2021-04-18 00:45:44',1),(8276,31,80,'2021-04-18 16:01:56',1),(8277,31,215,'2021-04-18 16:04:56',1),(8278,31,212,'2021-04-18 16:05:56',1),(8279,31,243,'2021-04-18 16:10:56',1),(8283,31,244,'2021-04-18 18:10:56',1),(8284,31,211,'2021-04-18 18:13:56',1),(8285,31,216,'2021-04-18 18:14:56',1),(8286,31,79,'2021-04-18 18:19:56',1),(8290,32,84,'2021-04-18 16:40:18',1),(8291,32,225,'2021-04-18 16:43:18',1),(8292,32,222,'2021-04-18 16:44:18',1),(8293,32,245,'2021-04-18 16:49:18',1),(8297,32,246,'2021-04-18 18:49:18',1),(8298,32,221,'2021-04-18 18:52:18',1),(8299,32,226,'2021-04-18 18:53:18',1),(8300,32,83,'2021-04-18 18:58:18',1),(8304,33,88,'2021-04-18 17:33:38',1),(8305,33,225,'2021-04-18 17:36:38',1),(8306,33,222,'2021-04-18 17:37:38',1),(8307,33,245,'2021-04-18 17:42:38',1),(8311,33,246,'2021-04-18 19:42:38',1),(8312,33,221,'2021-04-18 19:45:38',1),(8313,33,226,'2021-04-18 19:46:38',1),(8314,33,87,'2021-04-18 19:51:38',1),(8318,34,92,'2021-04-18 18:33:34',1),(8319,34,235,'2021-04-18 18:36:34',1),(8320,34,232,'2021-04-18 18:37:34',1),(8321,34,247,'2021-04-18 18:42:34',1),(8325,34,248,'2021-04-18 20:42:34',1),(8326,34,231,'2021-04-18 20:45:34',1),(8327,34,236,'2021-04-18 20:46:34',1),(8328,34,91,'2021-04-18 20:51:34',1),(8332,35,96,'2021-04-18 19:17:19',1),(8333,35,235,'2021-04-18 19:20:19',1),(8334,35,232,'2021-04-18 19:21:19',1),(8335,35,247,'2021-04-18 19:26:19',1),(8339,35,248,'2021-04-18 21:26:19',1),(8340,35,231,'2021-04-18 21:29:19',1),(8341,35,236,'2021-04-18 21:30:19',1),(8342,35,95,'2021-04-18 21:35:19',1),(8346,36,100,'2021-04-18 19:56:12',1),(8347,36,235,'2021-04-18 19:59:12',1),(8348,36,232,'2021-04-18 20:00:12',1),(8349,36,247,'2021-04-18 20:05:12',1),(8353,36,248,'2021-04-18 22:05:12',1),(8354,36,231,'2021-04-18 22:08:12',1),(8355,36,236,'2021-04-18 22:09:12',1),(8356,36,99,'2021-04-18 22:14:12',1),(8360,37,104,'2021-04-18 20:27:03',1),(8361,37,207,'2021-04-18 20:30:03',1),(8362,37,202,'2021-04-18 20:31:03',1),(8363,37,241,'2021-04-18 20:36:03',1),(8367,37,242,'2021-04-18 22:36:03',1),(8368,37,201,'2021-04-18 22:39:03',1),(8369,37,208,'2021-04-18 22:40:03',1),(8370,37,103,'2021-04-18 22:45:03',1),(8374,38,108,'2021-04-18 21:12:12',1),(8375,38,207,'2021-04-18 21:15:12',1),(8376,38,202,'2021-04-18 21:16:12',1),(8377,38,241,'2021-04-18 21:21:12',1),(8381,38,242,'2021-04-18 23:21:12',1),(8382,38,201,'2021-04-18 23:24:12',1),(8383,38,208,'2021-04-18 23:25:12',1),(8384,38,107,'2021-04-18 23:30:12',1),(8388,39,112,'2021-04-18 21:44:24',1),(8389,39,207,'2021-04-18 21:47:24',1),(8390,39,202,'2021-04-18 21:48:24',1),(8391,39,241,'2021-04-18 21:53:24',1),(8395,39,242,'2021-04-18 23:53:24',1),(8396,39,201,'2021-04-18 23:56:24',1),(8397,39,208,'2021-04-18 23:57:24',1),(8398,39,111,'2021-04-19 00:02:24',1),(8402,40,116,'2021-04-18 22:09:53',1),(8403,40,207,'2021-04-18 22:12:53',1),(8404,40,202,'2021-04-18 22:13:53',1),(8405,40,241,'2021-04-18 22:18:53',1),(8409,40,242,'2021-04-19 00:18:53',1),(8410,40,201,'2021-04-19 00:21:53',1),(8411,40,208,'2021-04-19 00:22:53',1),(8412,40,115,'2021-04-19 00:27:53',1),(8416,31,80,'2021-04-16 11:35:18',1),(8417,31,215,'2021-04-16 11:38:18',1),(8418,31,212,'2021-04-16 11:39:18',1),(8419,31,273,'2021-04-16 11:44:18',1),(8423,31,274,'2021-04-16 13:44:18',1),(8424,31,211,'2021-04-16 13:47:18',1),(8425,31,216,'2021-04-16 13:48:18',1),(8426,31,79,'2021-04-16 13:53:18',1),(8430,32,84,'2021-04-16 12:21:11',1),(8431,32,225,'2021-04-16 12:24:11',1),(8432,32,222,'2021-04-16 12:25:11',1),(8433,32,275,'2021-04-16 12:30:11',1),(8437,32,276,'2021-04-16 14:30:11',1),(8438,32,221,'2021-04-16 14:33:11',1),(8439,32,226,'2021-04-16 14:34:11',1),(8440,32,83,'2021-04-16 14:39:11',1),(8444,33,88,'2021-04-16 12:28:02',1),(8445,33,225,'2021-04-16 12:31:02',1),(8446,33,222,'2021-04-16 12:32:02',1),(8447,33,275,'2021-04-16 12:37:02',1),(8451,33,276,'2021-04-16 14:37:02',1),(8452,33,221,'2021-04-16 14:40:02',1),(8453,33,226,'2021-04-16 14:41:02',1),(8454,33,87,'2021-04-16 14:46:02',1),(8458,34,92,'2021-04-16 13:26:16',1),(8459,34,235,'2021-04-16 13:29:16',1),(8460,34,232,'2021-04-16 13:30:16',1),(8461,34,277,'2021-04-16 13:35:16',1),(8465,34,278,'2021-04-16 15:35:16',1),(8466,34,231,'2021-04-16 15:38:16',1),(8467,34,236,'2021-04-16 15:39:16',1),(8468,34,91,'2021-04-16 15:44:16',1),(8472,35,96,'2021-04-16 13:45:05',1),(8473,35,235,'2021-04-16 13:48:05',1),(8474,35,232,'2021-04-16 13:49:05',1),(8475,35,277,'2021-04-16 13:54:05',1),(8479,35,278,'2021-04-16 15:54:05',1),(8480,35,231,'2021-04-16 15:57:05',1),(8481,35,236,'2021-04-16 15:58:05',1),(8482,35,95,'2021-04-16 16:03:05',1),(8486,36,100,'2021-04-16 13:52:15',1),(8487,36,235,'2021-04-16 13:55:15',1),(8488,36,232,'2021-04-16 13:56:15',1),(8489,36,277,'2021-04-16 14:01:15',1),(8493,36,278,'2021-04-16 16:01:15',1),(8494,36,231,'2021-04-16 16:04:15',1),(8495,36,236,'2021-04-16 16:05:15',1),(8496,36,99,'2021-04-16 16:10:15',1),(8500,37,104,'2021-04-16 14:21:03',1),(8501,37,207,'2021-04-16 14:24:03',1),(8502,37,202,'2021-04-16 14:25:03',1),(8503,37,271,'2021-04-16 14:30:03',1),(8507,37,272,'2021-04-16 16:30:03',1),(8508,37,201,'2021-04-16 16:33:03',1),(8509,37,208,'2021-04-16 16:34:03',1),(8510,37,103,'2021-04-16 16:39:03',1),(8514,38,108,'2021-04-16 14:56:33',1),(8515,38,207,'2021-04-16 14:59:33',1),(8516,38,202,'2021-04-16 15:00:33',1),(8517,38,271,'2021-04-16 15:05:33',1),(8521,38,272,'2021-04-16 17:05:33',1),(8522,38,201,'2021-04-16 17:08:33',1),(8523,38,208,'2021-04-16 17:09:33',1),(8524,38,107,'2021-04-16 17:14:33',1),(8528,39,112,'2021-04-16 15:41:47',1),(8529,39,207,'2021-04-16 15:44:47',1),(8530,39,202,'2021-04-16 15:45:47',1),(8531,39,271,'2021-04-16 15:50:47',1),(8535,39,272,'2021-04-16 17:50:47',1),(8536,39,201,'2021-04-16 17:53:47',1),(8537,39,208,'2021-04-16 17:54:47',1),(8538,39,111,'2021-04-16 17:59:47',1),(8542,40,116,'2021-04-16 16:35:31',1),(8543,40,207,'2021-04-16 16:38:31',1),(8544,40,202,'2021-04-16 16:39:31',1),(8545,40,271,'2021-04-16 16:44:31',1),(8549,40,272,'2021-04-16 18:44:31',1),(8550,40,201,'2021-04-16 18:47:31',1),(8551,40,208,'2021-04-16 18:48:31',1),(8552,40,115,'2021-04-16 18:53:31',1),(8556,31,80,'2021-04-20 18:06:02',1),(8557,31,215,'2021-04-20 18:09:02',1),(8558,31,212,'2021-04-20 18:10:02',1),(8559,31,301,'2021-04-20 18:15:02',1),(8563,31,302,'2021-04-20 20:15:02',1),(8564,31,211,'2021-04-20 20:18:02',1),(8565,31,216,'2021-04-20 20:19:02',1),(8566,31,79,'2021-04-20 20:24:02',1),(8570,32,84,'2021-04-20 18:59:18',1),(8571,32,225,'2021-04-20 19:02:18',1),(8572,32,222,'2021-04-20 19:03:18',1),(8573,32,303,'2021-04-20 19:08:18',1),(8577,32,304,'2021-04-20 21:08:18',1),(8578,32,221,'2021-04-20 21:11:18',1),(8579,32,226,'2021-04-20 21:12:18',1),(8580,32,83,'2021-04-20 21:17:18',1),(8584,33,88,'2021-04-20 19:41:59',1),(8585,33,225,'2021-04-20 19:44:59',1),(8586,33,222,'2021-04-20 19:45:59',1),(8587,33,303,'2021-04-20 19:50:59',1),(8591,33,304,'2021-04-20 21:50:59',1),(8592,33,221,'2021-04-20 21:53:59',1),(8593,33,226,'2021-04-20 21:54:59',1),(8594,33,87,'2021-04-20 21:59:59',1),(8598,37,104,'2021-04-20 21:18:39',1),(8599,37,207,'2021-04-20 21:21:39',1),(8600,37,202,'2021-04-20 21:22:39',1),(8601,37,299,'2021-04-20 21:27:39',1),(8605,37,300,'2021-04-20 23:27:39',1),(8606,37,201,'2021-04-20 23:30:39',1),(8607,37,208,'2021-04-20 23:31:39',1),(8608,37,103,'2021-04-20 23:36:39',1),(8612,38,108,'2021-04-20 21:43:46',1),(8613,38,207,'2021-04-20 21:46:46',1),(8614,38,202,'2021-04-20 21:47:46',1),(8615,38,299,'2021-04-20 21:52:46',1),(8619,38,300,'2021-04-20 23:52:46',1),(8620,38,201,'2021-04-20 23:55:46',1),(8621,38,208,'2021-04-20 23:56:46',1),(8622,38,107,'2021-04-21 00:01:46',1),(8626,39,112,'2021-04-20 22:00:51',1),(8627,39,207,'2021-04-20 22:03:51',1),(8628,39,202,'2021-04-20 22:04:51',1),(8629,39,299,'2021-04-20 22:09:51',1),(8633,39,300,'2021-04-21 00:09:51',1),(8634,39,201,'2021-04-21 00:12:51',1),(8635,39,208,'2021-04-21 00:13:51',1),(8636,39,111,'2021-04-21 00:18:51',1),(8640,40,116,'2021-04-20 22:36:27',1),(8641,40,207,'2021-04-20 22:39:27',1),(8642,40,202,'2021-04-20 22:40:27',1),(8643,40,299,'2021-04-20 22:45:27',1),(8647,40,300,'2021-04-21 00:45:27',1),(8648,40,201,'2021-04-21 00:48:27',1),(8649,40,208,'2021-04-21 00:49:27',1),(8650,40,115,'2021-04-21 00:54:27',1),(8654,31,80,'2021-04-17 15:06:44',1),(8655,31,215,'2021-04-17 15:09:44',1),(8656,31,212,'2021-04-17 15:10:44',1),(8657,31,263,'2021-04-17 15:15:44',1),(8661,31,264,'2021-04-17 17:15:44',1),(8662,31,211,'2021-04-17 17:18:44',1),(8663,31,216,'2021-04-17 17:19:44',1),(8664,31,79,'2021-04-17 17:24:44',1),(8668,32,84,'2021-04-17 15:29:19',1),(8669,32,225,'2021-04-17 15:32:19',1),(8670,32,222,'2021-04-17 15:33:19',1),(8671,32,265,'2021-04-17 15:38:19',1),(8675,32,266,'2021-04-17 17:38:19',1),(8676,32,221,'2021-04-17 17:41:19',1),(8677,32,226,'2021-04-17 17:42:19',1),(8678,32,83,'2021-04-17 17:47:19',1),(8682,33,88,'2021-04-17 16:20:46',1),(8683,33,225,'2021-04-17 16:23:46',1),(8684,33,222,'2021-04-17 16:24:46',1),(8685,33,265,'2021-04-17 16:29:46',1),(8689,33,266,'2021-04-17 18:29:46',1),(8690,33,221,'2021-04-17 18:32:46',1),(8691,33,226,'2021-04-17 18:33:46',1),(8692,33,87,'2021-04-17 18:38:46',1),(8696,34,92,'2021-04-17 17:06:06',1),(8697,34,235,'2021-04-17 17:09:06',1),(8698,34,232,'2021-04-17 17:10:06',1),(8699,34,267,'2021-04-17 17:15:06',1),(8703,34,268,'2021-04-17 19:15:06',1),(8704,34,231,'2021-04-17 19:18:06',1),(8705,34,236,'2021-04-17 19:19:06',1),(8706,34,91,'2021-04-17 19:24:06',1),(8710,35,96,'2021-04-17 17:31:09',1),(8711,35,235,'2021-04-17 17:34:09',1),(8712,35,232,'2021-04-17 17:35:09',1),(8713,35,267,'2021-04-17 17:40:09',1),(8717,35,268,'2021-04-17 19:40:09',1),(8718,35,231,'2021-04-17 19:43:09',1),(8719,35,236,'2021-04-17 19:44:09',1),(8720,35,95,'2021-04-17 19:49:09',1),(8724,36,100,'2021-04-17 17:34:12',1),(8725,36,235,'2021-04-17 17:37:12',1),(8726,36,232,'2021-04-17 17:38:12',1),(8727,36,267,'2021-04-17 17:43:12',1),(8731,36,268,'2021-04-17 19:43:12',1),(8732,36,231,'2021-04-17 19:46:12',1),(8733,36,236,'2021-04-17 19:47:12',1),(8734,36,99,'2021-04-17 19:52:12',1),(8738,37,104,'2021-04-17 17:42:42',1),(8739,37,207,'2021-04-17 17:45:42',1),(8740,37,202,'2021-04-17 17:46:42',1),(8741,37,261,'2021-04-17 17:51:42',1),(8745,37,262,'2021-04-17 19:51:42',1),(8746,37,201,'2021-04-17 19:54:42',1),(8747,37,208,'2021-04-17 19:55:42',1),(8748,37,103,'2021-04-17 20:00:42',1),(8752,38,108,'2021-04-17 17:47:32',1),(8753,38,207,'2021-04-17 17:50:32',1),(8754,38,202,'2021-04-17 17:51:32',1),(8755,38,261,'2021-04-17 17:56:32',1),(8759,38,262,'2021-04-17 19:56:32',1),(8760,38,201,'2021-04-17 19:59:32',1),(8761,38,208,'2021-04-17 20:00:32',1),(8762,38,107,'2021-04-17 20:05:32',1),(8766,39,112,'2021-04-17 18:46:57',1),(8767,39,207,'2021-04-17 18:49:57',1),(8768,39,202,'2021-04-17 18:50:57',1),(8769,39,261,'2021-04-17 18:55:57',1),(8773,39,262,'2021-04-17 20:55:57',1),(8774,39,201,'2021-04-17 20:58:57',1),(8775,39,208,'2021-04-17 20:59:57',1),(8776,39,111,'2021-04-17 21:04:57',1),(8780,40,116,'2021-04-17 18:51:05',1),(8781,40,207,'2021-04-17 18:54:05',1),(8782,40,202,'2021-04-17 18:55:05',1),(8783,40,261,'2021-04-17 19:00:05',1),(8787,40,262,'2021-04-17 21:00:05',1),(8788,40,201,'2021-04-17 21:03:05',1),(8789,40,208,'2021-04-17 21:04:05',1),(8790,40,115,'2021-04-17 21:09:05',1),(8794,31,80,'2021-04-18 18:56:06',1),(8795,31,215,'2021-04-18 18:59:06',1),(8796,31,212,'2021-04-18 19:00:06',1),(8797,31,251,'2021-04-18 19:05:06',1),(8801,31,252,'2021-04-18 21:05:06',1),(8802,31,211,'2021-04-18 21:08:06',1),(8803,31,216,'2021-04-18 21:09:06',1),(8804,31,79,'2021-04-18 21:14:06',1),(8808,32,84,'2021-04-18 19:37:11',1),(8809,32,225,'2021-04-18 19:40:11',1),(8810,32,222,'2021-04-18 19:41:11',1),(8811,32,253,'2021-04-18 19:46:11',1),(8815,32,254,'2021-04-18 21:46:11',1),(8816,32,221,'2021-04-18 21:49:11',1),(8817,32,226,'2021-04-18 21:50:11',1),(8818,32,83,'2021-04-18 21:55:11',1),(8822,33,88,'2021-04-18 20:00:50',1),(8823,33,225,'2021-04-18 20:03:50',1),(8824,33,222,'2021-04-18 20:04:50',1),(8825,33,253,'2021-04-18 20:09:50',1),(8829,33,254,'2021-04-18 22:09:50',1),(8830,33,221,'2021-04-18 22:12:50',1),(8831,33,226,'2021-04-18 22:13:50',1),(8832,33,87,'2021-04-18 22:18:50',1),(8836,37,104,'2021-04-18 22:19:01',1),(8837,37,207,'2021-04-18 22:22:01',1),(8838,37,202,'2021-04-18 22:23:01',1),(8839,37,249,'2021-04-18 22:28:01',1),(8843,37,250,'2021-04-19 00:28:01',1),(8844,37,201,'2021-04-19 00:31:01',1),(8845,37,208,'2021-04-19 00:32:01',1),(8846,37,103,'2021-04-19 00:37:01',1),(8850,38,108,'2021-04-18 23:15:16',1),(8851,38,207,'2021-04-18 23:18:16',1),(8852,38,202,'2021-04-18 23:19:16',1),(8853,38,249,'2021-04-18 23:24:16',1),(8857,38,250,'2021-04-19 01:24:16',1),(8858,38,201,'2021-04-19 01:27:16',1),(8859,38,208,'2021-04-19 01:28:16',1),(8860,38,107,'2021-04-19 01:33:16',1),(8864,39,112,'2021-04-18 23:42:44',1),(8865,39,207,'2021-04-18 23:45:44',1),(8866,39,202,'2021-04-18 23:46:44',1),(8867,39,249,'2021-04-18 23:51:44',1),(8871,39,250,'2021-04-19 01:51:44',1),(8872,39,201,'2021-04-19 01:54:44',1),(8873,39,208,'2021-04-19 01:55:44',1),(8874,39,111,'2021-04-19 02:00:44',1),(8878,40,116,'2021-04-19 00:40:07',1),(8879,40,207,'2021-04-19 00:43:07',1),(8880,40,202,'2021-04-19 00:44:07',1),(8881,40,249,'2021-04-19 00:49:07',1),(8885,40,250,'2021-04-19 02:49:07',1),(8886,40,201,'2021-04-19 02:52:07',1),(8887,40,208,'2021-04-19 02:53:07',1),(8888,40,115,'2021-04-19 02:58:07',1),(8892,42,80,'2021-03-20 14:40:52',1),(8893,42,215,'2021-03-20 14:43:52',1),(8894,42,212,'2021-03-20 14:44:52',1),(8895,42,243,'2021-03-20 14:49:52',1),(8899,42,244,'2021-03-20 16:49:52',1),(8900,42,211,'2021-03-20 16:52:52',1),(8901,42,216,'2021-03-20 16:53:52',1),(8902,42,79,'2021-03-20 16:58:52',1),(8906,43,84,'2021-03-20 14:59:44',1),(8907,43,225,'2021-03-20 15:02:44',1),(8908,43,222,'2021-03-20 15:03:44',1),(8909,43,245,'2021-03-20 15:08:44',1),(8913,43,246,'2021-03-20 17:08:44',1),(8914,43,221,'2021-03-20 17:11:44',1),(8915,43,226,'2021-03-20 17:12:44',1),(8916,43,83,'2021-03-20 17:17:44',1),(8920,44,88,'2021-03-20 15:28:28',1),(8921,44,225,'2021-03-20 15:31:28',1),(8922,44,222,'2021-03-20 15:32:28',1),(8923,44,245,'2021-03-20 15:37:28',1),(8927,44,246,'2021-03-20 17:37:28',1),(8928,44,221,'2021-03-20 17:40:28',1),(8929,44,226,'2021-03-20 17:41:28',1),(8930,44,87,'2021-03-20 17:46:28',1),(8934,45,92,'2021-03-20 15:43:25',1),(8935,45,235,'2021-03-20 15:46:25',1),(8936,45,232,'2021-03-20 15:47:25',1),(8937,45,247,'2021-03-20 15:52:25',1),(8941,45,248,'2021-03-20 17:52:25',1),(8942,45,231,'2021-03-20 17:55:25',1),(8943,45,236,'2021-03-20 17:56:25',1),(8944,45,91,'2021-03-20 18:01:25',1),(8948,46,96,'2021-03-20 15:46:50',1),(8949,46,235,'2021-03-20 15:49:50',1),(8950,46,232,'2021-03-20 15:50:50',1),(8951,46,247,'2021-03-20 15:55:50',1),(8955,46,248,'2021-03-20 17:55:50',1),(8956,46,231,'2021-03-20 17:58:50',1),(8957,46,236,'2021-03-20 17:59:50',1),(8958,46,95,'2021-03-20 18:04:50',1),(8962,47,100,'2021-03-20 16:41:06',1),(8963,47,235,'2021-03-20 16:44:06',1),(8964,47,232,'2021-03-20 16:45:06',1),(8965,47,247,'2021-03-20 16:50:06',1),(8969,47,248,'2021-03-20 18:50:06',1),(8970,47,231,'2021-03-20 18:53:06',1),(8971,47,236,'2021-03-20 18:54:06',1),(8972,47,99,'2021-03-20 18:59:06',1),(8976,48,104,'2021-03-20 17:20:30',1),(8977,48,207,'2021-03-20 17:23:30',1),(8978,48,202,'2021-03-20 17:24:30',1),(8979,48,241,'2021-03-20 17:29:30',1),(8983,48,242,'2021-03-20 19:29:30',1),(8984,48,201,'2021-03-20 19:32:30',1),(8985,48,208,'2021-03-20 19:33:30',1),(8986,48,103,'2021-03-20 19:38:30',1),(8990,49,108,'2021-03-20 17:23:32',1),(8991,49,207,'2021-03-20 17:26:32',1),(8992,49,202,'2021-03-20 17:27:32',1),(8993,49,241,'2021-03-20 17:32:32',1),(8997,49,242,'2021-03-20 19:32:32',1),(8998,49,201,'2021-03-20 19:35:32',1),(8999,49,208,'2021-03-20 19:36:32',1),(9000,49,107,'2021-03-20 19:41:32',1),(9004,50,112,'2021-03-20 18:24:28',1),(9005,50,207,'2021-03-20 18:27:28',1),(9006,50,202,'2021-03-20 18:28:28',1),(9007,50,241,'2021-03-20 18:33:28',1),(9011,50,242,'2021-03-20 20:33:28',1),(9012,50,201,'2021-03-20 20:36:28',1),(9013,50,208,'2021-03-20 20:37:28',1),(9014,50,111,'2021-03-20 20:42:28',1),(9018,51,116,'2021-03-20 19:01:46',1),(9019,51,207,'2021-03-20 19:04:46',1),(9020,51,202,'2021-03-20 19:05:46',1),(9021,51,241,'2021-03-20 19:10:46',1),(9025,51,242,'2021-03-20 21:10:46',1),(9026,51,201,'2021-03-20 21:13:46',1),(9027,51,208,'2021-03-20 21:14:46',1),(9028,51,115,'2021-03-20 21:19:46',1),(9032,52,120,'2021-03-20 19:41:07',1),(9033,52,207,'2021-03-20 19:44:07',1),(9034,52,202,'2021-03-20 19:45:07',1),(9035,52,241,'2021-03-20 19:50:07',1),(9039,52,242,'2021-03-20 21:50:07',1),(9040,52,201,'2021-03-20 21:53:07',1),(9041,52,208,'2021-03-20 21:54:07',1),(9042,52,119,'2021-03-20 21:59:07',1),(9046,53,124,'2021-03-20 20:26:50',1),(9047,53,217,'2021-03-20 20:29:50',1),(9048,53,212,'2021-03-20 20:30:50',1),(9049,53,243,'2021-03-20 20:35:50',1),(9053,53,244,'2021-03-20 22:35:50',1),(9054,53,211,'2021-03-20 22:38:50',1),(9055,53,218,'2021-03-20 22:39:50',1),(9056,53,123,'2021-03-20 22:44:50',1),(9060,54,128,'2021-03-20 20:45:13',1),(9061,54,217,'2021-03-20 20:48:13',1),(9062,54,212,'2021-03-20 20:49:13',1),(9063,54,243,'2021-03-20 20:54:13',1),(9067,54,244,'2021-03-20 22:54:13',1),(9068,54,211,'2021-03-20 22:57:13',1),(9069,54,218,'2021-03-20 22:58:13',1),(9070,54,127,'2021-03-20 23:03:13',1),(9074,55,132,'2021-03-20 20:47:08',1),(9075,55,227,'2021-03-20 20:50:08',1),(9076,55,222,'2021-03-20 20:51:08',1),(9077,55,245,'2021-03-20 20:56:08',1),(9081,55,246,'2021-03-20 22:56:08',1),(9082,55,221,'2021-03-20 22:59:08',1),(9083,55,228,'2021-03-20 23:00:08',1),(9084,55,131,'2021-03-20 23:05:08',1),(9088,56,136,'2021-03-20 21:17:51',1),(9089,56,227,'2021-03-20 21:20:51',1),(9090,56,222,'2021-03-20 21:21:51',1),(9091,56,245,'2021-03-20 21:26:51',1),(9095,56,246,'2021-03-20 23:26:51',1),(9096,56,221,'2021-03-20 23:29:51',1),(9097,56,228,'2021-03-20 23:30:51',1),(9098,56,135,'2021-03-20 23:35:51',1),(9102,57,140,'2021-03-20 21:25:17',1),(9103,57,227,'2021-03-20 21:28:17',1),(9104,57,222,'2021-03-20 21:29:17',1),(9105,57,245,'2021-03-20 21:34:17',1),(9109,57,246,'2021-03-20 23:34:17',1),(9110,57,221,'2021-03-20 23:37:17',1),(9111,57,228,'2021-03-20 23:38:17',1),(9112,57,139,'2021-03-20 23:43:17',1),(9116,58,144,'2021-03-20 22:12:54',1),(9117,58,237,'2021-03-20 22:15:54',1),(9118,58,232,'2021-03-20 22:16:54',1),(9119,58,247,'2021-03-20 22:21:54',1),(9123,58,248,'2021-03-21 00:21:54',1),(9124,58,231,'2021-03-21 00:24:54',1),(9125,58,238,'2021-03-21 00:25:54',1),(9126,58,143,'2021-03-21 00:30:54',1),(9130,59,148,'2021-03-20 22:58:48',1),(9131,59,237,'2021-03-20 23:01:48',1),(9132,59,232,'2021-03-20 23:02:48',1),(9133,59,247,'2021-03-20 23:07:48',1),(9137,59,248,'2021-03-21 01:07:48',1),(9138,59,231,'2021-03-21 01:10:48',1),(9139,59,238,'2021-03-21 01:11:48',1),(9140,59,147,'2021-03-21 01:16:48',1),(9144,60,152,'2021-03-20 23:12:09',1),(9145,60,209,'2021-03-20 23:15:09',1),(9146,60,202,'2021-03-20 23:16:09',1),(9147,60,241,'2021-03-20 23:21:09',1),(9151,60,242,'2021-03-21 01:21:09',1),(9152,60,201,'2021-03-21 01:24:09',1),(9153,60,210,'2021-03-21 01:25:09',1),(9154,60,151,'2021-03-21 01:30:09',1),(9158,61,156,'2021-03-20 23:19:38',1),(9159,61,209,'2021-03-20 23:22:38',1),(9160,61,202,'2021-03-20 23:23:38',1),(9161,61,241,'2021-03-20 23:28:38',1),(9165,61,242,'2021-03-21 01:28:38',1),(9166,61,201,'2021-03-21 01:31:38',1),(9167,61,210,'2021-03-21 01:32:38',1),(9168,61,155,'2021-03-21 01:37:38',1),(9172,42,80,'2021-03-16 09:49:58',1),(9173,42,215,'2021-03-16 09:52:58',1),(9174,42,212,'2021-03-16 09:53:58',1),(9175,42,273,'2021-03-16 09:58:58',1),(9179,42,274,'2021-03-16 11:58:58',1),(9180,42,211,'2021-03-16 12:01:58',1),(9181,42,216,'2021-03-16 12:02:58',1),(9182,42,79,'2021-03-16 12:07:58',1),(9186,43,84,'2021-03-16 10:16:12',1),(9187,43,225,'2021-03-16 10:19:12',1),(9188,43,222,'2021-03-16 10:20:12',1),(9189,43,275,'2021-03-16 10:25:12',1),(9193,43,276,'2021-03-16 12:25:12',1),(9194,43,221,'2021-03-16 12:28:12',1),(9195,43,226,'2021-03-16 12:29:12',1),(9196,43,83,'2021-03-16 12:34:12',1),(9200,44,88,'2021-03-16 11:08:51',1),(9201,44,225,'2021-03-16 11:11:51',1),(9202,44,222,'2021-03-16 11:12:51',1),(9203,44,275,'2021-03-16 11:17:51',1),(9207,44,276,'2021-03-16 13:17:51',1),(9208,44,221,'2021-03-16 13:20:51',1),(9209,44,226,'2021-03-16 13:21:51',1),(9210,44,87,'2021-03-16 13:26:51',1),(9214,45,92,'2021-03-16 11:43:52',1),(9215,45,235,'2021-03-16 11:46:52',1),(9216,45,232,'2021-03-16 11:47:52',1),(9217,45,277,'2021-03-16 11:52:52',1),(9221,45,278,'2021-03-16 13:52:52',1),(9222,45,231,'2021-03-16 13:55:52',1),(9223,45,236,'2021-03-16 13:56:52',1),(9224,45,91,'2021-03-16 14:01:52',1),(9228,46,96,'2021-03-16 12:01:16',1),(9229,46,235,'2021-03-16 12:04:16',1),(9230,46,232,'2021-03-16 12:05:16',1),(9231,46,277,'2021-03-16 12:10:16',1),(9235,46,278,'2021-03-16 14:10:16',1),(9236,46,231,'2021-03-16 14:13:16',1),(9237,46,236,'2021-03-16 14:14:16',1),(9238,46,95,'2021-03-16 14:19:16',1),(9242,47,100,'2021-03-16 12:08:41',1),(9243,47,235,'2021-03-16 12:11:41',1),(9244,47,232,'2021-03-16 12:12:41',1),(9245,47,277,'2021-03-16 12:17:41',1),(9249,47,278,'2021-03-16 14:17:41',1),(9250,47,231,'2021-03-16 14:20:41',1),(9251,47,236,'2021-03-16 14:21:41',1),(9252,47,99,'2021-03-16 14:26:41',1),(9256,48,104,'2021-03-16 12:48:48',1),(9257,48,207,'2021-03-16 12:51:48',1),(9258,48,202,'2021-03-16 12:52:48',1),(9259,48,271,'2021-03-16 12:57:48',1),(9263,48,272,'2021-03-16 14:57:48',1),(9264,48,201,'2021-03-16 15:00:48',1),(9265,48,208,'2021-03-16 15:01:48',1),(9266,48,103,'2021-03-16 15:06:48',1),(9270,49,108,'2021-03-16 13:24:21',1),(9271,49,207,'2021-03-16 13:27:21',1),(9272,49,202,'2021-03-16 13:28:21',1),(9273,49,271,'2021-03-16 13:33:21',1),(9277,49,272,'2021-03-16 15:33:21',1),(9278,49,201,'2021-03-16 15:36:21',1),(9279,49,208,'2021-03-16 15:37:21',1),(9280,49,107,'2021-03-16 15:42:21',1),(9284,50,112,'2021-03-16 14:24:42',1),(9285,50,207,'2021-03-16 14:27:42',1),(9286,50,202,'2021-03-16 14:28:42',1),(9287,50,271,'2021-03-16 14:33:42',1),(9291,50,272,'2021-03-16 16:33:42',1),(9292,50,201,'2021-03-16 16:36:42',1),(9293,50,208,'2021-03-16 16:37:42',1),(9294,50,111,'2021-03-16 16:42:42',1),(9298,51,116,'2021-03-16 15:07:10',1),(9299,51,207,'2021-03-16 15:10:10',1),(9300,51,202,'2021-03-16 15:11:10',1),(9301,51,271,'2021-03-16 15:16:10',1),(9305,51,272,'2021-03-16 17:16:10',1),(9306,51,201,'2021-03-16 17:19:10',1),(9307,51,208,'2021-03-16 17:20:10',1),(9308,51,115,'2021-03-16 17:25:10',1),(9312,52,120,'2021-03-16 15:23:00',1),(9313,52,207,'2021-03-16 15:26:00',1),(9314,52,202,'2021-03-16 15:27:00',1),(9315,52,271,'2021-03-16 15:32:00',1),(9319,52,272,'2021-03-16 17:32:00',1),(9320,52,201,'2021-03-16 17:35:00',1),(9321,52,208,'2021-03-16 17:36:00',1),(9322,52,119,'2021-03-16 17:41:00',1),(9326,53,124,'2021-03-16 15:49:37',1),(9327,53,217,'2021-03-16 15:52:37',1),(9328,53,212,'2021-03-16 15:53:37',1),(9329,53,273,'2021-03-16 15:58:37',1),(9333,53,274,'2021-03-16 17:58:37',1),(9334,53,211,'2021-03-16 18:01:37',1),(9335,53,218,'2021-03-16 18:02:37',1),(9336,53,123,'2021-03-16 18:07:37',1),(9340,54,128,'2021-03-16 16:38:51',1),(9341,54,217,'2021-03-16 16:41:51',1),(9342,54,212,'2021-03-16 16:42:51',1),(9343,54,273,'2021-03-16 16:47:51',1),(9347,54,274,'2021-03-16 18:47:51',1),(9348,54,211,'2021-03-16 18:50:51',1),(9349,54,218,'2021-03-16 18:51:51',1),(9350,54,127,'2021-03-16 18:56:51',1),(9354,55,132,'2021-03-16 17:18:26',1),(9355,55,227,'2021-03-16 17:21:26',1),(9356,55,222,'2021-03-16 17:22:26',1),(9357,55,275,'2021-03-16 17:27:26',1),(9361,55,276,'2021-03-16 19:27:26',1),(9362,55,221,'2021-03-16 19:30:26',1),(9363,55,228,'2021-03-16 19:31:26',1),(9364,55,131,'2021-03-16 19:36:26',1),(9368,56,136,'2021-03-16 18:15:23',1),(9369,56,227,'2021-03-16 18:18:23',1),(9370,56,222,'2021-03-16 18:19:23',1),(9371,56,275,'2021-03-16 18:24:23',1),(9375,56,276,'2021-03-16 20:24:23',1),(9376,56,221,'2021-03-16 20:27:23',1),(9377,56,228,'2021-03-16 20:28:23',1),(9378,56,135,'2021-03-16 20:33:23',1),(9382,57,140,'2021-03-16 19:11:07',1),(9383,57,227,'2021-03-16 19:14:07',1),(9384,57,222,'2021-03-16 19:15:07',1),(9385,57,275,'2021-03-16 19:20:07',1),(9389,57,276,'2021-03-16 21:20:07',1),(9390,57,221,'2021-03-16 21:23:07',1),(9391,57,228,'2021-03-16 21:24:07',1),(9392,57,139,'2021-03-16 21:29:07',1),(9396,58,144,'2021-03-16 20:06:27',1),(9397,58,237,'2021-03-16 20:09:27',1),(9398,58,232,'2021-03-16 20:10:27',1),(9399,58,277,'2021-03-16 20:15:27',1),(9403,58,278,'2021-03-16 22:15:27',1),(9404,58,231,'2021-03-16 22:18:27',1),(9405,58,238,'2021-03-16 22:19:27',1),(9406,58,143,'2021-03-16 22:24:27',1),(9410,59,148,'2021-03-16 21:04:11',1),(9411,59,237,'2021-03-16 21:07:11',1),(9412,59,232,'2021-03-16 21:08:11',1),(9413,59,277,'2021-03-16 21:13:11',1),(9417,59,278,'2021-03-16 23:13:11',1),(9418,59,231,'2021-03-16 23:16:11',1),(9419,59,238,'2021-03-16 23:17:11',1),(9420,59,147,'2021-03-16 23:22:11',1),(9424,60,152,'2021-03-16 21:54:01',1),(9425,60,209,'2021-03-16 21:57:01',1),(9426,60,202,'2021-03-16 21:58:01',1),(9427,60,271,'2021-03-16 22:03:01',1),(9431,60,272,'2021-03-17 00:03:01',1),(9432,60,201,'2021-03-17 00:06:01',1),(9433,60,210,'2021-03-17 00:07:01',1),(9434,60,151,'2021-03-17 00:12:01',1),(9438,61,156,'2021-03-16 22:38:12',1),(9439,61,209,'2021-03-16 22:41:12',1),(9440,61,202,'2021-03-16 22:42:12',1),(9441,61,271,'2021-03-16 22:47:12',1),(9445,61,272,'2021-03-17 00:47:12',1),(9446,61,201,'2021-03-17 00:50:12',1),(9447,61,210,'2021-03-17 00:51:12',1),(9448,61,155,'2021-03-17 00:56:12',1),(9452,42,80,'2021-03-19 19:33:56',1),(9453,42,215,'2021-03-19 19:36:56',1),(9454,42,212,'2021-03-19 19:37:56',1),(9455,42,301,'2021-03-19 19:42:56',1),(9459,42,302,'2021-03-19 21:42:56',1),(9460,42,211,'2021-03-19 21:45:56',1),(9461,42,216,'2021-03-19 21:46:56',1),(9462,42,79,'2021-03-19 21:51:56',1),(9466,43,84,'2021-03-19 20:34:10',1),(9467,43,225,'2021-03-19 20:37:10',1),(9468,43,222,'2021-03-19 20:38:10',1),(9469,43,303,'2021-03-19 20:43:10',1),(9473,43,304,'2021-03-19 22:43:10',1),(9474,43,221,'2021-03-19 22:46:10',1),(9475,43,226,'2021-03-19 22:47:10',1),(9476,43,83,'2021-03-19 22:52:10',1),(9480,44,88,'2021-03-19 20:43:11',1),(9481,44,225,'2021-03-19 20:46:11',1),(9482,44,222,'2021-03-19 20:47:11',1),(9483,44,303,'2021-03-19 20:52:11',1),(9487,44,304,'2021-03-19 22:52:11',1),(9488,44,221,'2021-03-19 22:55:11',1),(9489,44,226,'2021-03-19 22:56:11',1),(9490,44,87,'2021-03-19 23:01:11',1),(9494,48,104,'2021-03-19 22:17:39',1),(9495,48,207,'2021-03-19 22:20:39',1),(9496,48,202,'2021-03-19 22:21:39',1),(9497,48,299,'2021-03-19 22:26:39',1),(9501,48,300,'2021-03-20 00:26:39',1),(9502,48,201,'2021-03-20 00:29:39',1),(9503,48,208,'2021-03-20 00:30:39',1),(9504,48,103,'2021-03-20 00:35:39',1),(9508,49,108,'2021-03-19 22:59:55',1),(9509,49,207,'2021-03-19 23:02:55',1),(9510,49,202,'2021-03-19 23:03:55',1),(9511,49,299,'2021-03-19 23:08:55',1),(9515,49,300,'2021-03-20 01:08:55',1),(9516,49,201,'2021-03-20 01:11:55',1),(9517,49,208,'2021-03-20 01:12:55',1),(9518,49,107,'2021-03-20 01:17:55',1),(9522,50,112,'2021-03-19 23:13:14',1),(9523,50,207,'2021-03-19 23:16:14',1),(9524,50,202,'2021-03-19 23:17:14',1),(9525,50,299,'2021-03-19 23:22:14',1),(9529,50,300,'2021-03-20 01:22:14',1),(9530,50,201,'2021-03-20 01:25:14',1),(9531,50,208,'2021-03-20 01:26:14',1),(9532,50,111,'2021-03-20 01:31:14',1),(9536,51,116,'2021-03-20 00:06:41',1),(9537,51,207,'2021-03-20 00:09:41',1),(9538,51,202,'2021-03-20 00:10:41',1),(9539,51,299,'2021-03-20 00:15:41',1),(9543,51,300,'2021-03-20 02:15:41',1),(9544,51,201,'2021-03-20 02:18:41',1),(9545,51,208,'2021-03-20 02:19:41',1),(9546,51,115,'2021-03-20 02:24:41',1),(9550,52,120,'2021-03-20 00:44:23',1),(9551,52,207,'2021-03-20 00:47:23',1),(9552,52,202,'2021-03-20 00:48:23',1),(9553,52,299,'2021-03-20 00:53:23',1),(9557,52,300,'2021-03-20 02:53:23',1),(9558,52,201,'2021-03-20 02:56:23',1),(9559,52,208,'2021-03-20 02:57:23',1),(9560,52,119,'2021-03-20 03:02:23',1),(9564,53,124,'2021-03-20 01:25:38',1),(9565,53,217,'2021-03-20 01:28:38',1),(9566,53,212,'2021-03-20 01:29:38',1),(9567,53,301,'2021-03-20 01:34:38',1),(9571,53,302,'2021-03-20 03:34:38',1),(9572,53,211,'2021-03-20 03:37:38',1),(9573,53,218,'2021-03-20 03:38:38',1),(9574,53,123,'2021-03-20 03:43:38',1),(9578,54,128,'2021-03-20 01:40:03',1),(9579,54,217,'2021-03-20 01:43:03',1),(9580,54,212,'2021-03-20 01:44:03',1),(9581,54,301,'2021-03-20 01:49:03',1),(9585,54,302,'2021-03-20 03:49:03',1),(9586,54,211,'2021-03-20 03:52:03',1),(9587,54,218,'2021-03-20 03:53:03',1),(9588,54,127,'2021-03-20 03:58:03',1),(9592,55,132,'2021-03-20 02:00:28',1),(9593,55,227,'2021-03-20 02:03:28',1),(9594,55,222,'2021-03-20 02:04:28',1),(9595,55,303,'2021-03-20 02:09:28',1),(9599,55,304,'2021-03-20 04:09:28',1),(9600,55,221,'2021-03-20 04:12:28',1),(9601,55,228,'2021-03-20 04:13:28',1),(9602,55,131,'2021-03-20 04:18:28',1),(9606,56,136,'2021-03-20 02:07:45',1),(9607,56,227,'2021-03-20 02:10:45',1),(9608,56,222,'2021-03-20 02:11:45',1),(9609,56,303,'2021-03-20 02:16:45',1),(9613,56,304,'2021-03-20 04:16:45',1),(9614,56,221,'2021-03-20 04:19:45',1),(9615,56,228,'2021-03-20 04:20:45',1),(9616,56,135,'2021-03-20 04:25:45',1),(9620,57,140,'2021-03-20 02:14:21',1),(9621,57,227,'2021-03-20 02:17:21',1),(9622,57,222,'2021-03-20 02:18:21',1),(9623,57,303,'2021-03-20 02:23:21',1),(9627,57,304,'2021-03-20 04:23:21',1),(9628,57,221,'2021-03-20 04:26:21',1),(9629,57,228,'2021-03-20 04:27:21',1),(9630,57,139,'2021-03-20 04:32:21',1),(9634,60,152,'2021-03-20 03:30:15',1),(9635,60,209,'2021-03-20 03:33:15',1),(9636,60,202,'2021-03-20 03:34:15',1),(9637,60,299,'2021-03-20 03:39:15',1),(9641,60,300,'2021-03-20 05:39:15',1),(9642,60,201,'2021-03-20 05:42:15',1),(9643,60,210,'2021-03-20 05:43:15',1),(9644,60,151,'2021-03-20 05:48:15',1),(9648,61,156,'2021-03-20 03:38:47',1),(9649,61,209,'2021-03-20 03:41:47',1),(9650,61,202,'2021-03-20 03:42:47',1),(9651,61,299,'2021-03-20 03:47:47',1),(9655,61,300,'2021-03-20 05:47:47',1),(9656,61,201,'2021-03-20 05:50:47',1),(9657,61,210,'2021-03-20 05:51:47',1),(9658,61,155,'2021-03-20 05:56:47',1),(9662,42,80,'2021-03-17 15:05:45',1),(9663,42,215,'2021-03-17 15:08:45',1),(9664,42,212,'2021-03-17 15:09:45',1),(9665,42,263,'2021-03-17 15:14:45',1),(9669,42,264,'2021-03-17 17:14:45',1),(9670,42,211,'2021-03-17 17:17:45',1),(9671,42,216,'2021-03-17 17:18:45',1),(9672,42,79,'2021-03-17 17:23:45',1),(9676,43,84,'2021-03-17 15:37:02',1),(9677,43,225,'2021-03-17 15:40:02',1),(9678,43,222,'2021-03-17 15:41:02',1),(9679,43,265,'2021-03-17 15:46:02',1),(9683,43,266,'2021-03-17 17:46:02',1),(9684,43,221,'2021-03-17 17:49:02',1),(9685,43,226,'2021-03-17 17:50:02',1),(9686,43,83,'2021-03-17 17:55:02',1),(9690,44,88,'2021-03-17 16:31:39',1),(9691,44,225,'2021-03-17 16:34:39',1),(9692,44,222,'2021-03-17 16:35:39',1),(9693,44,265,'2021-03-17 16:40:39',1),(9697,44,266,'2021-03-17 18:40:39',1),(9698,44,221,'2021-03-17 18:43:39',1),(9699,44,226,'2021-03-17 18:44:39',1),(9700,44,87,'2021-03-17 18:49:39',1),(9704,45,92,'2021-03-17 16:55:47',1),(9705,45,235,'2021-03-17 16:58:47',1),(9706,45,232,'2021-03-17 16:59:47',1),(9707,45,267,'2021-03-17 17:04:47',1),(9711,45,268,'2021-03-17 19:04:47',1),(9712,45,231,'2021-03-17 19:07:47',1),(9713,45,236,'2021-03-17 19:08:47',1),(9714,45,91,'2021-03-17 19:13:47',1),(9718,46,96,'2021-03-17 17:24:40',1),(9719,46,235,'2021-03-17 17:27:40',1),(9720,46,232,'2021-03-17 17:28:40',1),(9721,46,267,'2021-03-17 17:33:40',1),(9725,46,268,'2021-03-17 19:33:40',1),(9726,46,231,'2021-03-17 19:36:40',1),(9727,46,236,'2021-03-17 19:37:40',1),(9728,46,95,'2021-03-17 19:42:40',1),(9732,47,100,'2021-03-17 17:27:11',1),(9733,47,235,'2021-03-17 17:30:11',1),(9734,47,232,'2021-03-17 17:31:11',1),(9735,47,267,'2021-03-17 17:36:11',1),(9739,47,268,'2021-03-17 19:36:11',1),(9740,47,231,'2021-03-17 19:39:11',1),(9741,47,236,'2021-03-17 19:40:11',1),(9742,47,99,'2021-03-17 19:45:11',1),(9746,48,104,'2021-03-17 17:57:02',1),(9747,48,207,'2021-03-17 18:00:02',1),(9748,48,202,'2021-03-17 18:01:02',1),(9749,48,261,'2021-03-17 18:06:02',1),(9753,48,262,'2021-03-17 20:06:02',1),(9754,48,201,'2021-03-17 20:09:02',1),(9755,48,208,'2021-03-17 20:10:02',1),(9756,48,103,'2021-03-17 20:15:02',1),(9760,49,108,'2021-03-17 18:45:27',1),(9761,49,207,'2021-03-17 18:48:27',1),(9762,49,202,'2021-03-17 18:49:27',1),(9763,49,261,'2021-03-17 18:54:27',1),(9767,49,262,'2021-03-17 20:54:27',1),(9768,49,201,'2021-03-17 20:57:27',1),(9769,49,208,'2021-03-17 20:58:27',1),(9770,49,107,'2021-03-17 21:03:27',1),(9774,50,112,'2021-03-17 19:28:45',1),(9775,50,207,'2021-03-17 19:31:45',1),(9776,50,202,'2021-03-17 19:32:45',1),(9777,50,261,'2021-03-17 19:37:45',1),(9781,50,262,'2021-03-17 21:37:45',1),(9782,50,201,'2021-03-17 21:40:45',1),(9783,50,208,'2021-03-17 21:41:45',1),(9784,50,111,'2021-03-17 21:46:45',1),(9788,51,116,'2021-03-17 19:50:34',1),(9789,51,207,'2021-03-17 19:53:34',1),(9790,51,202,'2021-03-17 19:54:34',1),(9791,51,261,'2021-03-17 19:59:34',1),(9795,51,262,'2021-03-17 21:59:34',1),(9796,51,201,'2021-03-17 22:02:34',1),(9797,51,208,'2021-03-17 22:03:34',1),(9798,51,115,'2021-03-17 22:08:34',1),(9802,52,120,'2021-03-17 19:52:14',1),(9803,52,207,'2021-03-17 19:55:14',1),(9804,52,202,'2021-03-17 19:56:14',1),(9805,52,261,'2021-03-17 20:01:14',1),(9809,52,262,'2021-03-17 22:01:14',1),(9810,52,201,'2021-03-17 22:04:14',1),(9811,52,208,'2021-03-17 22:05:14',1),(9812,52,119,'2021-03-17 22:10:14',1),(9816,53,124,'2021-03-17 20:06:23',1),(9817,53,217,'2021-03-17 20:09:23',1),(9818,53,212,'2021-03-17 20:10:23',1),(9819,53,263,'2021-03-17 20:15:23',1),(9823,53,264,'2021-03-17 22:15:23',1),(9824,53,211,'2021-03-17 22:18:23',1),(9825,53,218,'2021-03-17 22:19:23',1),(9826,53,123,'2021-03-17 22:24:23',1),(9830,54,128,'2021-03-17 20:12:18',1),(9831,54,217,'2021-03-17 20:15:18',1),(9832,54,212,'2021-03-17 20:16:18',1),(9833,54,263,'2021-03-17 20:21:18',1),(9837,54,264,'2021-03-17 22:21:18',1),(9838,54,211,'2021-03-17 22:24:18',1),(9839,54,218,'2021-03-17 22:25:18',1),(9840,54,127,'2021-03-17 22:30:18',1),(9844,55,132,'2021-03-17 20:33:13',1),(9845,55,227,'2021-03-17 20:36:13',1),(9846,55,222,'2021-03-17 20:37:13',1),(9847,55,265,'2021-03-17 20:42:13',1),(9851,55,266,'2021-03-17 22:42:13',1),(9852,55,221,'2021-03-17 22:45:13',1),(9853,55,228,'2021-03-17 22:46:13',1),(9854,55,131,'2021-03-17 22:51:13',1),(9858,56,136,'2021-03-17 21:07:11',1),(9859,56,227,'2021-03-17 21:10:11',1),(9860,56,222,'2021-03-17 21:11:11',1),(9861,56,265,'2021-03-17 21:16:11',1),(9865,56,266,'2021-03-17 23:16:11',1),(9866,56,221,'2021-03-17 23:19:11',1),(9867,56,228,'2021-03-17 23:20:11',1),(9868,56,135,'2021-03-17 23:25:11',1),(9872,57,140,'2021-03-17 21:21:25',1),(9873,57,227,'2021-03-17 21:24:25',1),(9874,57,222,'2021-03-17 21:25:25',1),(9875,57,265,'2021-03-17 21:30:25',1),(9879,57,266,'2021-03-17 23:30:25',1),(9880,57,221,'2021-03-17 23:33:25',1),(9881,57,228,'2021-03-17 23:34:25',1),(9882,57,139,'2021-03-17 23:39:25',1),(9886,58,144,'2021-03-17 21:47:54',1),(9887,58,237,'2021-03-17 21:50:54',1),(9888,58,232,'2021-03-17 21:51:54',1),(9889,58,267,'2021-03-17 21:56:54',1),(9893,58,268,'2021-03-17 23:56:54',1),(9894,58,231,'2021-03-17 23:59:54',1),(9895,58,238,'2021-03-18 00:00:54',1),(9896,58,143,'2021-03-18 00:05:54',1),(9900,59,148,'2021-03-17 21:53:55',1),(9901,59,237,'2021-03-17 21:56:55',1),(9902,59,232,'2021-03-17 21:57:55',1),(9903,59,267,'2021-03-17 22:02:55',1),(9907,59,268,'2021-03-18 00:02:55',1),(9908,59,231,'2021-03-18 00:05:55',1),(9909,59,238,'2021-03-18 00:06:55',1),(9910,59,147,'2021-03-18 00:11:55',1),(9914,60,152,'2021-03-17 22:40:44',1),(9915,60,209,'2021-03-17 22:43:44',1),(9916,60,202,'2021-03-17 22:44:44',1),(9917,60,261,'2021-03-17 22:49:44',1),(9921,60,262,'2021-03-18 00:49:44',1),(9922,60,201,'2021-03-18 00:52:44',1),(9923,60,210,'2021-03-18 00:53:44',1),(9924,60,151,'2021-03-18 00:58:44',1),(9928,61,156,'2021-03-17 23:27:07',1),(9929,61,209,'2021-03-17 23:30:07',1),(9930,61,202,'2021-03-17 23:31:07',1),(9931,61,261,'2021-03-17 23:36:07',1),(9935,61,262,'2021-03-18 01:36:07',1),(9936,61,201,'2021-03-18 01:39:07',1),(9937,61,210,'2021-03-18 01:40:07',1),(9938,61,155,'2021-03-18 01:45:07',1),(9942,42,80,'2021-03-19 19:49:17',1),(9943,42,215,'2021-03-19 19:52:17',1),(9944,42,212,'2021-03-19 19:53:17',1),(9945,42,251,'2021-03-19 19:58:17',1),(9949,42,252,'2021-03-19 21:58:17',1),(9950,42,211,'2021-03-19 22:01:17',1),(9951,42,216,'2021-03-19 22:02:17',1),(9952,42,79,'2021-03-19 22:07:17',1),(9956,43,84,'2021-03-19 20:48:15',1),(9957,43,225,'2021-03-19 20:51:15',1),(9958,43,222,'2021-03-19 20:52:15',1),(9959,43,253,'2021-03-19 20:57:15',1),(9963,43,254,'2021-03-19 22:57:15',1),(9964,43,221,'2021-03-19 23:00:15',1),(9965,43,226,'2021-03-19 23:01:15',1),(9966,43,83,'2021-03-19 23:06:15',1),(9970,44,88,'2021-03-19 21:43:57',1),(9971,44,225,'2021-03-19 21:46:57',1),(9972,44,222,'2021-03-19 21:47:57',1),(9973,44,253,'2021-03-19 21:52:57',1),(9977,44,254,'2021-03-19 23:52:57',1),(9978,44,221,'2021-03-19 23:55:57',1),(9979,44,226,'2021-03-19 23:56:57',1),(9980,44,87,'2021-03-20 00:01:57',1),(9984,48,104,'2021-03-20 00:40:08',1),(9985,48,207,'2021-03-20 00:43:08',1),(9986,48,202,'2021-03-20 00:44:08',1),(9987,48,249,'2021-03-20 00:49:08',1),(9991,48,250,'2021-03-20 02:49:08',1),(9992,48,201,'2021-03-20 02:52:08',1),(9993,48,208,'2021-03-20 02:53:08',1),(9994,48,103,'2021-03-20 02:58:08',1),(9998,49,108,'2021-03-20 00:45:04',1),(9999,49,207,'2021-03-20 00:48:04',1),(10000,49,202,'2021-03-20 00:49:04',1),(10001,49,249,'2021-03-20 00:54:04',1),(10005,49,250,'2021-03-20 02:54:04',1),(10006,49,201,'2021-03-20 02:57:04',1),(10007,49,208,'2021-03-20 02:58:04',1),(10008,49,107,'2021-03-20 03:03:04',1),(10012,50,112,'2021-03-20 01:10:22',1),(10013,50,207,'2021-03-20 01:13:22',1),(10014,50,202,'2021-03-20 01:14:22',1),(10015,50,249,'2021-03-20 01:19:22',1),(10019,50,250,'2021-03-20 03:19:22',1),(10020,50,201,'2021-03-20 03:22:22',1),(10021,50,208,'2021-03-20 03:23:22',1),(10022,50,111,'2021-03-20 03:28:22',1),(10026,51,116,'2021-03-20 01:23:33',1),(10027,51,207,'2021-03-20 01:26:33',1),(10028,51,202,'2021-03-20 01:27:33',1),(10029,51,249,'2021-03-20 01:32:33',1),(10033,51,250,'2021-03-20 03:32:33',1),(10034,51,201,'2021-03-20 03:35:33',1),(10035,51,208,'2021-03-20 03:36:33',1),(10036,51,115,'2021-03-20 03:41:33',1),(10040,52,120,'2021-03-20 01:38:10',1),(10041,52,207,'2021-03-20 01:41:10',1),(10042,52,202,'2021-03-20 01:42:10',1),(10043,52,249,'2021-03-20 01:47:10',1),(10047,52,250,'2021-03-20 03:47:10',1),(10048,52,201,'2021-03-20 03:50:10',1),(10049,52,208,'2021-03-20 03:51:10',1),(10050,52,119,'2021-03-20 03:56:10',1),(10054,53,124,'2021-03-20 02:02:19',1),(10055,53,217,'2021-03-20 02:05:19',1),(10056,53,212,'2021-03-20 02:06:19',1),(10057,53,251,'2021-03-20 02:11:19',1),(10061,53,252,'2021-03-20 04:11:19',1),(10062,53,211,'2021-03-20 04:14:19',1),(10063,53,218,'2021-03-20 04:15:19',1),(10064,53,123,'2021-03-20 04:20:19',1),(10068,54,128,'2021-03-20 02:34:32',1),(10069,54,217,'2021-03-20 02:37:32',1),(10070,54,212,'2021-03-20 02:38:32',1),(10071,54,251,'2021-03-20 02:43:32',1),(10075,54,252,'2021-03-20 04:43:32',1),(10076,54,211,'2021-03-20 04:46:32',1),(10077,54,218,'2021-03-20 04:47:32',1),(10078,54,127,'2021-03-20 04:52:32',1),(10082,55,132,'2021-03-20 03:05:20',1),(10083,55,227,'2021-03-20 03:08:20',1),(10084,55,222,'2021-03-20 03:09:20',1),(10085,55,253,'2021-03-20 03:14:20',1),(10089,55,254,'2021-03-20 05:14:20',1),(10090,55,221,'2021-03-20 05:17:20',1),(10091,55,228,'2021-03-20 05:18:20',1),(10092,55,131,'2021-03-20 05:23:20',1),(10096,56,136,'2021-03-20 03:37:35',1),(10097,56,227,'2021-03-20 03:40:35',1),(10098,56,222,'2021-03-20 03:41:35',1),(10099,56,253,'2021-03-20 03:46:35',1),(10103,56,254,'2021-03-20 05:46:35',1),(10104,56,221,'2021-03-20 05:49:35',1),(10105,56,228,'2021-03-20 05:50:35',1),(10106,56,135,'2021-03-20 05:55:35',1),(10110,57,140,'2021-03-20 04:14:56',1),(10111,57,227,'2021-03-20 04:17:56',1),(10112,57,222,'2021-03-20 04:18:56',1),(10113,57,253,'2021-03-20 04:23:56',1),(10117,57,254,'2021-03-20 06:23:56',1),(10118,57,221,'2021-03-20 06:26:56',1),(10119,57,228,'2021-03-20 06:27:56',1),(10120,57,139,'2021-03-20 06:32:56',1),(10124,60,152,'2021-03-20 06:43:34',1),(10125,60,209,'2021-03-20 06:46:34',1),(10126,60,202,'2021-03-20 06:47:34',1),(10127,60,249,'2021-03-20 06:52:34',1),(10131,60,250,'2021-03-20 08:52:34',1),(10132,60,201,'2021-03-20 08:55:34',1),(10133,60,210,'2021-03-20 08:56:34',1),(10134,60,151,'2021-03-20 09:01:34',1),(10138,61,156,'2021-03-20 07:00:30',1),(10139,61,209,'2021-03-20 07:03:30',1),(10140,61,202,'2021-03-20 07:04:30',1),(10141,61,249,'2021-03-20 07:09:30',1),(10145,61,250,'2021-03-20 09:09:30',1),(10146,61,201,'2021-03-20 09:12:30',1),(10147,61,210,'2021-03-20 09:13:30',1),(10148,61,155,'2021-03-20 09:18:30',1);
/*!40000 ALTER TABLE `PassingEntry` ENABLE KEYS */;
UNLOCK TABLES;
/*!50003 SET @saved_cs_client      = @@character_set_client */ ;
/*!50003 SET @saved_cs_results     = @@character_set_results */ ;
/*!50003 SET @saved_col_connection = @@collation_connection */ ;
/*!50003 SET character_set_client  = utf8 */ ;
/*!50003 SET character_set_results = utf8 */ ;
/*!50003 SET collation_connection  = utf8_general_ci */ ;
/*!50003 SET @saved_sql_mode       = @@sql_mode */ ;
/*!50003 SET sql_mode              = 'ONLY_FULL_GROUP_BY,STRICT_TRANS_TABLES,NO_ZERO_IN_DATE,NO_ZERO_DATE,ERROR_FOR_DIVISION_BY_ZERO,NO_ENGINE_SUBSTITUTION' */ ;
DELIMITER ;;
/*!50003 CREATE*/ /*!50017 DEFINER=`root`@`localhost`*/ /*!50003 TRIGGER after_insert_passing
AFTER INSERT
ON PassingEntry 
FOR EACH ROW
BEGIN

	DECLARE regto, regfrom, cid int;
    
	select idRegionsTo, idRegionsFrom from EntriesToRegions
		where idEntriesToRegions=new.idEntriesToRegions 
		into regto, regfrom;
		
        
	set cid = (select idCustomerVisitRegions
		from CustomerVisitRegions
		where idRegions = regfrom
        and idCustomerVisitRegions is not null
        and ExitDatetime is null
        and EntryDatetime <= new.Datetime
        limit 0,1);
        
        
		if ( cid is not null ) then
    
			update CustomerVisitRegions
				set ExitDatetime = new.Datetime
					where idCustomerVisitRegions=cid;
        
        end if;
        
        insert into CustomerVisitRegions (BraceletId, idRegions, EntryDatetime, ExitDatetime)
			values(new.BraceletId, regto, new.Datetime, null);
        
END */;;
DELIMITER ;
/*!50003 SET sql_mode              = @saved_sql_mode */ ;
/*!50003 SET character_set_client  = @saved_cs_client */ ;
/*!50003 SET character_set_results = @saved_cs_results */ ;
/*!50003 SET collation_connection  = @saved_col_connection */ ;

--
-- Table structure for table `Phone`
--

DROP TABLE IF EXISTS `Phone`;
/*!40101 SET @saved_cs_client     = @@character_set_client */;
/*!40101 SET character_set_client = utf8 */;
CREATE TABLE `Phone` (
  `idPhone` int(11) NOT NULL AUTO_INCREMENT,
  `idCustomer` int(11) NOT NULL,
  `Number` varchar(255) NOT NULL,
  PRIMARY KEY (`idPhone`),
  KEY `fk_CustomerPhone` (`idCustomer`),
  CONSTRAINT `fk_CustomerPhone` FOREIGN KEY (`idCustomer`) REFERENCES `Customer` (`idCustomer`) ON DELETE CASCADE ON UPDATE NO ACTION
) ENGINE=InnoDB AUTO_INCREMENT=22 DEFAULT CHARSET=utf8;
/*!40101 SET character_set_client = @saved_cs_client */;

--
-- Dumping data for table `Phone`
--

LOCK TABLES `Phone` WRITE;
/*!40000 ALTER TABLE `Phone` DISABLE KEYS */;
INSERT INTO `Phone` VALUES (2,2,'+86-898-655-2154'),(3,3,'+7-785-238-4601'),(4,4,'0055-123-124'),(5,5,'+86-425-924-7102'),(6,6,'+54-834-799-1663'),(7,7,'+373-451-118-8231'),(8,8,'+86-670-537-8652'),(9,9,'+972-154-300-7557'),(10,10,'+81-575-235-9849'),(11,1,'+86-898-655-2155'),(12,21,'633-216-7528'),(13,22,'708-239-5021'),(14,23,'394-658-5773'),(15,24,'360-787-2349'),(16,25,'397-892-4794'),(17,26,'630-555-9065'),(18,27,'738-969-2037'),(19,28,'521-348-9229'),(20,29,'197-909-7082'),(21,30,'864-419-0686');
/*!40000 ALTER TABLE `Phone` ENABLE KEYS */;
UNLOCK TABLES;

--
-- Table structure for table `Regions`
--

DROP TABLE IF EXISTS `Regions`;
/*!40101 SET @saved_cs_client     = @@character_set_client */;
/*!40101 SET character_set_client = utf8 */;
CREATE TABLE `Regions` (
  `idRegions` int(11) NOT NULL AUTO_INCREMENT,
  `RegionName` varchar(45) NOT NULL,
  `Description_Place` varchar(45) DEFAULT NULL,
  `Floor` int(11) NOT NULL DEFAULT '0',
  PRIMARY KEY (`idRegions`),
  KEY `RegionName_idx` (`RegionName`),
  KEY `index3` (`Floor`)
) ENGINE=InnoDB AUTO_INCREMENT=150 DEFAULT CHARSET=utf8;
/*!40101 SET character_set_client = @saved_cs_client */;

--
-- Dumping data for table `Regions`
--

LOCK TABLES `Regions` WRITE;
/*!40000 ALTER TABLE `Regions` DISABLE KEYS */;
INSERT INTO `Regions` VALUES (1,'Room 101','Room 101-Northern Corridor',1),(2,'Room 102','Room 102-Northern Corridor',1),(3,'Room 103','Room 103-Northern Corridor',1),(4,'Room 104','Room 104-Northern Corridor',1),(5,'Room 105','Room 105-Northern Corridor',1),(6,'Room 106','Room 106-Northern Corridor',1),(7,'Room 107','Room 107-Northern Corridor',1),(8,'Room 108','Room 108-Northern Corridor',1),(9,'Room 109','Room 109-Northern Corridor',1),(10,'Room 110','Room 110-Northern Corridor',1),(11,'Room 111','Room 111-Southern Corridor',1),(12,'Room 112','Room 112-Southern Corridor',1),(13,'Room 113','Room 113-Southern Corridor',1),(14,'Room 114','Room 114-Southern Corridor',1),(15,'Room 115','Room 115-Southern Corridor',1),(16,'Room 116','Room 116-Western Corridor',1),(17,'Room 117','Room 117-Western Corridor',1),(18,'Room 118','Room 118-Western Corridor',1),(19,'Room 119','Room 119-Western Corridor',1),(20,'Room 120','Room 120-Western Corridor',1),(21,'Room 121','Room 121-Eastern Corridor',1),(22,'Room 122','Room 122-Eastern Corridor',1),(23,'Room 123','Room 123-Eastern Corridor',1),(24,'Room 124','Room 124-Eastern Corridor',1),(25,'Room 125','Room 125-Eastern Corridor',1),(26,'Room 201','Room 201-Northern Corridor',2),(27,'Room 202','Room 202-Northern Corridor',2),(28,'Room 203','Room 203-Northern Corridor',2),(29,'Room 204','Room 204-Northern Corridor',2),(30,'Room 205','Room 205-Northern Corridor',2),(31,'Room 206','Room 206-Northern Corridor',2),(32,'Room 207','Room 207-Northern Corridor',2),(33,'Room 208','Room 208-Northern Corridor',2),(34,'Room 209','Room 209-Northern Corridor',2),(35,'Room 210','Room 210-Northern Corridor',2),(36,'Room 211','Room 211-Southern Corridor',2),(37,'Room 212','Room 212-Southern Corridor',2),(38,'Room 213','Room 213-Southern Corridor',2),(39,'Room 214','Room 214-Southern Corridor',2),(40,'Room 215','Room 215-Southern Corridor',2),(41,'Room 216','Room 216-Western Corridor',2),(42,'Room 217','Room 217-Western Corridor',2),(43,'Room 218','Room 218-Western Corridor',2),(44,'Room 219','Room 219-Western Corridor',2),(45,'Room 220','Room 220-Western Corridor',2),(46,'Room 221','Room 221-Eastern Corridor',2),(47,'Room 222','Room 222-Eastern Corridor',2),(48,'Room 223','Room 223-Eastern Corridor',2),(49,'Room 224','Room 224-Eastern Corridor',2),(50,'Room 225','Room 225-Eastern Corridor',2),(51,'Room 301','Room 301-Northern Corridor',3),(52,'Room 302','Room 302-Northern Corridor',3),(53,'Room 303','Room 303-Northern Corridor',3),(54,'Room 304','Room 304-Northern Corridor',3),(55,'Room 305','Room 305-Northern Corridor',3),(56,'Room 306','Room 306-Northern Corridor',3),(57,'Room 307','Room 307-Northern Corridor',3),(58,'Room 308','Room 308-Northern Corridor',3),(59,'Room 309','Room 309-Northern Corridor',3),(60,'Room 310','Room 310-Northern Corridor',3),(61,'Room 311','Room 311-Southern Corridor',3),(62,'Room 312','Room 312-Southern Corridor',3),(63,'Room 313','Room 313-Southern Corridor',3),(64,'Room 314','Room 314-Southern Corridor',3),(65,'Room 315','Room 315-Southern Corridor',3),(66,'Room 316','Room 316-Western Corridor',3),(67,'Room 317','Room 317-Western Corridor',3),(68,'Room 318','Room 318-Western Corridor',3),(69,'Room 319','Room 319-Western Corridor',3),(70,'Room 320','Room 320-Western Corridor',3),(71,'Room 321','Room 321-Eastern Corridor',3),(72,'Room 322','Room 322-Eastern Corridor',3),(73,'Room 323','Room 323-Eastern Corridor',3),(74,'Room 324','Room 324-Eastern Corridor',3),(75,'Room 325','Room 325-Eastern Corridor',3),(76,'Room 401','Room 401-Northern Corridor',4),(77,'Room 402','Room 402-Northern Corridor',4),(78,'Room 403','Room 403-Northern Corridor',4),(79,'Room 404','Room 404-Northern Corridor',4),(80,'Room 405','Room 405-Northern Corridor',4),(81,'Room 406','Room 406-Northern Corridor',4),(82,'Room 407','Room 407-Northern Corridor',4),(83,'Room 408','Room 408-Northern Corridor',4),(84,'Room 409','Room 409-Northern Corridor',4),(85,'Room 410','Room 410-Northern Corridor',4),(86,'Room 411','Room 411-Southern Corridor',4),(87,'Room 412','Room 412-Southern Corridor',4),(88,'Room 413','Room 413-Southern Corridor',4),(89,'Room 414','Room 414-Southern Corridor',4),(90,'Room 415','Room 415-Southern Corridor',4),(91,'Room 416','Room 416-Western Corridor',4),(92,'Room 417','Room 417-Western Corridor',4),(93,'Room 418','Room 418-Western Corridor',4),(94,'Room 419','Room 419-Western Corridor',4),(95,'Room 420','Room 420-Western Corridor',4),(96,'Room 421','Room 421-Eastern Corridor',4),(97,'Room 422','Room 422-Eastern Corridor',4),(98,'Room 423','Room 423-Eastern Corridor',4),(99,'Room 424','Room 424-Eastern Corridor',4),(100,'Room 425','Room 425-Eastern Corridor',4),(101,'Corridor','Northern',0),(102,'Corridor','Southern',0),(103,'Corridor','Western',0),(104,'Corridor','Eastern',0),(105,'Corridor','Northern',1),(106,'Corridor','Southern',1),(107,'Corridor','Western',1),(108,'Corridor','Eastern',1),(109,'Corridor','Northern',2),(110,'Corridor','Southern',2),(111,'Corridor','Western',2),(112,'Corridor','Eastern',2),(113,'Corridor','Northern',3),(114,'Corridor','Southern',3),(115,'Corridor','Western',3),(116,'Corridor','Eastern',3),(117,'Corridor','Northern',4),(118,'Corridor','Southern',4),(119,'Corridor','Western',4),(120,'Corridor','Eastern',4),(121,'Elavator','Northern',-1),(122,'Elavator','Southern',-1),(123,'Elavator','Western',-1),(124,'Elavator','Eastern',-1),(125,'Bar','Custom 1-Northern',0),(126,'Bar','Custom 2-Southern',0),(127,'Bar','Luxurious-Western',0),(128,'Bar','Grande Luxurious-Eastern',0),(129,'Restaurant','Custom-Northern',0),(130,'Restaurant','Luxurious-Southern',0),(131,'Restaurant','Grande Luxurious-Western',0),(132,'Meeting Room','Meeting Room 1-Northern',0),(133,'Meeting Room','Meeting Room 2-Southern',0),(134,'Meeting Room','Meeting Room 3-Western',0),(135,'Meeting Room','Meeting Room 4-Eastern',0),(136,'Meeting Room','Meeting Room 5-Northern',0),(137,'Gym','Custom 1-Northern',0),(138,'Gym','Custom 2-Southern',0),(139,'Gym','Luxurious-Western',0),(140,'Gym','Grande Luxurious-Eastern',0),(141,'Sauna','Custom 1-Northern',0),(142,'Sauna','Custom 2-Southern',0),(143,'Sauna','Custom 3-Western',0),(144,'Sauna','Custom 4-Eastern',0),(145,'Sauna','Luxurious-Northern',0),(146,'Sauna','Grande Luxurious-Southern',0),(147,'Hair Salon','Custom-Northern',0),(148,'Hair Salon','Luxurious-Southern',0),(149,'Hair Salon','Grande Luxurious-Western',0);
/*!40000 ALTER TABLE `Regions` ENABLE KEYS */;
UNLOCK TABLES;

--
-- Table structure for table `Room`
--

DROP TABLE IF EXISTS `Room`;
/*!40101 SET @saved_cs_client     = @@character_set_client */;
/*!40101 SET character_set_client = utf8 */;
CREATE TABLE `Room` (
  `idRoom` int(11) NOT NULL,
  `NumberOfBeds` int(11) NOT NULL,
  `ChargePerDay` decimal(5,2) NOT NULL,
  `View` varchar(45) NOT NULL,
  PRIMARY KEY (`idRoom`),
  CONSTRAINT `fk_RegionISA` FOREIGN KEY (`idRoom`) REFERENCES `Regions` (`idRegions`) ON DELETE CASCADE ON UPDATE NO ACTION
) ENGINE=InnoDB DEFAULT CHARSET=utf8;
/*!40101 SET character_set_client = @saved_cs_client */;

--
-- Dumping data for table `Room`
--

LOCK TABLES `Room` WRITE;
/*!40000 ALTER TABLE `Room` DISABLE KEYS */;
INSERT INTO `Room` VALUES (1,2,56.00,'Street'),(2,1,57.00,'Castle'),(3,2,56.00,'Street'),(4,3,69.00,'Castle'),(5,1,64.00,'Sea'),(6,3,76.00,'Sea'),(7,1,57.00,'Castle'),(8,1,50.00,'Street'),(9,1,64.00,'Sea'),(10,2,70.00,'Sea'),(11,3,62.00,'Street'),(12,2,56.00,'Street'),(13,2,70.00,'Sea'),(14,1,64.00,'Sea'),(15,1,50.00,'Street'),(16,3,69.00,'Castle'),(17,3,76.00,'Sea'),(18,1,50.00,'Street'),(19,2,63.00,'Castle'),(20,1,57.00,'Castle'),(21,2,70.00,'Sea'),(22,2,70.00,'Sea'),(23,3,76.00,'Sea'),(24,3,69.00,'Castle'),(25,1,50.00,'Street'),(26,1,64.00,'Sea'),(27,3,76.00,'Sea'),(28,2,56.00,'Street'),(29,3,69.00,'Castle'),(30,1,50.00,'Street'),(31,3,69.00,'Castle'),(32,3,69.00,'Castle'),(33,2,70.00,'Sea'),(34,2,56.00,'Street'),(35,3,62.00,'Street'),(36,3,69.00,'Castle'),(37,2,56.00,'Street'),(38,3,62.00,'Street'),(39,1,57.00,'Castle'),(40,1,50.00,'Street'),(41,1,64.00,'Sea'),(42,1,50.00,'Street'),(43,2,63.00,'Castle'),(44,1,50.00,'Street'),(45,1,64.00,'Sea'),(46,1,57.00,'Castle'),(47,3,76.00,'Sea'),(48,2,70.00,'Sea'),(49,2,63.00,'Castle'),(50,2,63.00,'Castle'),(51,2,56.00,'Street'),(52,1,50.00,'Street'),(53,2,70.00,'Sea'),(54,1,50.00,'Street'),(55,3,69.00,'Castle'),(56,2,70.00,'Sea'),(57,3,62.00,'Street'),(58,1,64.00,'Sea'),(59,2,56.00,'Street'),(60,2,70.00,'Sea'),(61,1,50.00,'Street'),(62,3,76.00,'Sea'),(63,1,50.00,'Street'),(64,2,63.00,'Castle'),(65,1,50.00,'Street'),(66,2,70.00,'Sea'),(67,1,50.00,'Street'),(68,3,69.00,'Castle'),(69,1,57.00,'Castle'),(70,3,62.00,'Street'),(71,2,56.00,'Street'),(72,2,63.00,'Castle'),(73,2,63.00,'Castle'),(74,3,69.00,'Castle'),(75,2,56.00,'Street'),(76,1,57.00,'Castle'),(77,1,57.00,'Castle'),(78,1,50.00,'Street'),(79,2,70.00,'Sea'),(80,1,50.00,'Street'),(81,2,56.00,'Street'),(82,3,69.00,'Castle'),(83,3,76.00,'Sea'),(84,2,63.00,'Castle'),(85,1,64.00,'Sea'),(86,1,64.00,'Sea'),(87,2,56.00,'Street'),(88,3,62.00,'Street'),(89,1,64.00,'Sea'),(90,3,62.00,'Street'),(91,2,70.00,'Sea'),(92,1,57.00,'Castle'),(93,1,57.00,'Castle'),(94,1,50.00,'Street'),(95,1,64.00,'Sea'),(96,1,50.00,'Street'),(97,1,50.00,'Street'),(98,3,62.00,'Street'),(99,1,64.00,'Sea'),(100,3,62.00,'Street');
/*!40000 ALTER TABLE `Room` ENABLE KEYS */;
UNLOCK TABLES;

--
-- Table structure for table `SIN`
--

DROP TABLE IF EXISTS `SIN`;
/*!40101 SET @saved_cs_client     = @@character_set_client */;
/*!40101 SET character_set_client = utf8 */;
CREATE TABLE `SIN` (
  `idSIN` int(11) NOT NULL AUTO_INCREMENT,
  `idCustomer` int(11) NOT NULL,
  `SINNumber` varchar(20) NOT NULL,
  `SINDocument` varchar(45) NOT NULL,
  `SINIssueAuthority` varchar(20) NOT NULL,
  PRIMARY KEY (`idSIN`),
  UNIQUE KEY `SINNumber_UNIQUE` (`SINNumber`),
  KEY `idCustomer_idx` (`idCustomer`),
  CONSTRAINT `fk_CustomerSIN` FOREIGN KEY (`idCustomer`) REFERENCES `Customer` (`idCustomer`) ON DELETE CASCADE ON UPDATE NO ACTION
) ENGINE=InnoDB AUTO_INCREMENT=22 DEFAULT CHARSET=utf8;
/*!40101 SET character_set_client = @saved_cs_client */;

--
-- Dumping data for table `SIN`
--

LOCK TABLES `SIN` WRITE;
/*!40000 ALTER TABLE `SIN` DISABLE KEYS */;
INSERT INTO `SIN` VALUES (2,2,'319-23-3782','Passport','Police Station'),(3,3,'137-15-8851','ID Card','Police Station'),(4,4,'142-21-9393','Passport','Police Station'),(5,5,'310-33-4054','Passport','Police Station'),(6,6,'303-90-0375','ID Card','Police Station'),(7,7,'188-48-7455','ID Card','Police Station'),(8,8,'533-65-7935','Passport','Police Station'),(9,9,'245-51-8714','Passport','Police Station'),(10,10,'600-89-6575','Passport','Police Station'),(11,1,'425-63-5288','Passport','Police Station'),(12,21,'788-49-8849','Passport','Police Station'),(13,22,'242-03-3680','Passport','Police Station'),(14,23,'722-25-5866','Passport','Police Station'),(15,24,'142-19-6944','Passport','Police Station'),(16,25,'540-72-0703','Passport','Police Station'),(17,26,'831-85-9494','Passport','Police Station'),(18,27,'612-95-2575','ID Card','Police Station'),(19,28,'595-58-1615','ID Card','Police Station'),(20,29,'163-13-0656','ID Card','Police Station'),(21,30,'156-35-1512','ID Card','Police Station');
/*!40000 ALTER TABLE `SIN` ENABLE KEYS */;
UNLOCK TABLES;

--
-- Table structure for table `ServiceCharge`
--

DROP TABLE IF EXISTS `ServiceCharge`;
/*!40101 SET @saved_cs_client     = @@character_set_client */;
/*!40101 SET character_set_client = utf8 */;
CREATE TABLE `ServiceCharge` (
  `idServiceCharge` int(11) NOT NULL AUTO_INCREMENT,
  `BraceletId` int(11) NOT NULL,
  `idServiceMenu` int(11) NOT NULL,
  `idRegions` int(11) NOT NULL,
  `Quantity` int(11) NOT NULL,
  `CostAmount` decimal(5,2) NOT NULL DEFAULT '0.00',
  `DateTime` datetime NOT NULL,
  `isPaid` tinyint(1) NOT NULL DEFAULT '0',
  PRIMARY KEY (`idServiceCharge`,`BraceletId`),
  KEY `fk_ServiceMenu_idx` (`idServiceMenu`),
  KEY `fk_ServiceChargeBracelet_idx` (`BraceletId`),
  KEY `fk_ServiceChargeRegions_idx` (`idRegions`),
  CONSTRAINT `fk_ServiceChargeBracelet` FOREIGN KEY (`BraceletId`) REFERENCES `ActiveCustomerLiveToRooms` (`BraceletId`) ON DELETE CASCADE ON UPDATE NO ACTION,
  CONSTRAINT `fk_ServiceChargeRegions` FOREIGN KEY (`idRegions`) REFERENCES `Regions` (`idRegions`) ON DELETE CASCADE ON UPDATE NO ACTION,
  CONSTRAINT `fk_ServiceMenu` FOREIGN KEY (`idServiceMenu`) REFERENCES `ServiceMenu` (`idServiceMenu`) ON DELETE CASCADE ON UPDATE NO ACTION
) ENGINE=InnoDB AUTO_INCREMENT=1025 DEFAULT CHARSET=utf8;
/*!40101 SET character_set_client = @saved_cs_client */;

--
-- Dumping data for table `ServiceCharge`
--

LOCK TABLES `ServiceCharge` WRITE;
/*!40000 ALTER TABLE `ServiceCharge` DISABLE KEYS */;
INSERT INTO `ServiceCharge` VALUES (1,22,8,129,2,14.00,'2021-04-15 22:30:04',0),(2,1,3,125,2,10.00,'2021-05-14 16:51:02',1),(3,2,2,125,4,40.00,'2021-05-15 01:33:28',0),(4,3,3,125,4,20.00,'2021-05-20 12:23:30',1),(5,4,4,125,4,28.00,'2021-05-19 23:09:25',1),(6,5,3,125,1,5.00,'2021-05-19 06:02:50',1),(7,6,2,125,3,30.00,'2021-06-15 09:29:44',1),(8,7,3,125,1,5.00,'2021-06-17 10:08:23',0),(9,8,3,125,2,10.00,'2021-06-16 23:46:17',0),(10,9,1,125,1,8.00,'2021-06-19 15:17:53',0),(11,10,3,125,2,10.00,'2021-06-17 12:45:02',1),(22,21,4,125,4,28.00,'2021-04-15 15:22:40',1),(23,22,2,125,3,30.00,'2021-04-14 19:15:47',1),(24,23,4,125,2,14.00,'2021-04-18 16:53:28',0),(25,24,4,125,4,28.00,'2021-04-17 16:33:32',1),(26,25,2,125,3,30.00,'2021-04-18 22:43:55',0),(27,26,2,125,3,30.00,'2021-04-14 06:57:44',1),(28,27,2,125,1,10.00,'2021-04-16 01:58:24',0),(29,28,3,125,1,5.00,'2021-04-14 00:09:43',0),(30,29,1,125,3,24.00,'2021-04-17 22:59:49',0),(31,30,3,125,1,5.00,'2021-04-15 10:01:49',1),(32,31,1,125,4,32.00,'2021-04-15 14:59:23',0),(33,32,4,125,2,14.00,'2021-04-20 23:44:49',0),(34,33,4,125,1,7.00,'2021-04-19 22:24:58',0),(35,34,3,125,2,10.00,'2021-04-21 08:42:11',1),(36,35,4,125,2,14.00,'2021-04-15 20:53:50',0),(37,36,1,125,3,24.00,'2021-04-18 10:20:13',1),(38,37,1,125,2,16.00,'2021-04-18 08:19:19',1),(39,38,3,125,2,10.00,'2021-04-20 04:37:22',0),(40,39,2,125,1,10.00,'2021-04-16 03:00:20',1),(41,40,3,125,2,10.00,'2021-04-18 11:57:55',0),(42,1,2,126,2,20.00,'2021-05-19 04:30:30',1),(43,2,3,126,2,10.00,'2021-05-14 06:31:17',1),(44,3,4,126,2,14.00,'2021-05-15 02:42:10',1),(45,4,2,126,2,20.00,'2021-05-15 17:47:49',0),(46,5,1,126,4,32.00,'2021-05-16 08:27:23',0),(47,6,1,126,4,32.00,'2021-06-13 21:58:30',0),(48,7,2,126,2,20.00,'2021-06-17 15:30:16',1),(49,8,3,126,3,15.00,'2021-06-17 12:59:34',1),(50,9,4,126,3,21.00,'2021-06-15 11:43:06',1),(51,10,1,126,1,8.00,'2021-06-19 17:59:47',0),(62,21,4,126,3,21.00,'2021-04-16 15:47:04',0),(63,22,3,126,4,20.00,'2021-04-18 21:43:36',1),(64,23,1,126,2,16.00,'2021-04-20 12:52:37',1),(65,24,2,126,1,10.00,'2021-04-20 00:07:18',1),(66,25,2,126,4,40.00,'2021-04-20 13:52:47',0),(67,26,4,126,4,28.00,'2021-04-15 06:06:04',0),(68,27,3,126,1,5.00,'2021-04-18 15:37:12',1),(69,28,4,126,3,21.00,'2021-04-18 22:39:25',0),(70,29,1,126,2,16.00,'2021-04-19 09:17:29',1),(71,30,2,126,4,40.00,'2021-04-14 14:56:37',0),(72,31,2,126,4,40.00,'2021-04-19 02:25:56',0),(73,32,3,126,4,20.00,'2021-04-17 22:28:15',1),(74,33,4,126,3,21.00,'2021-04-21 01:55:34',1),(75,34,3,126,3,15.00,'2021-04-17 19:58:35',1),(76,35,4,126,4,28.00,'2021-04-21 03:24:01',0),(77,36,4,126,3,21.00,'2021-04-19 07:38:24',1),(78,37,2,126,3,30.00,'2021-04-21 20:34:15',1),(79,38,2,126,4,40.00,'2021-04-18 08:25:17',1),(80,39,3,126,4,20.00,'2021-04-17 01:46:19',1),(81,40,3,126,4,20.00,'2021-04-17 01:10:16',0),(82,1,4,127,4,28.00,'2021-05-19 02:01:06',0),(83,2,1,127,4,32.00,'2021-05-19 02:46:14',0),(84,3,2,127,4,40.00,'2021-05-18 21:47:29',1),(85,4,2,127,1,10.00,'2021-05-15 04:59:25',1),(86,5,4,127,1,7.00,'2021-05-15 21:33:44',0),(87,6,2,127,1,10.00,'2021-06-20 10:36:32',0),(88,7,1,127,4,32.00,'2021-06-17 23:17:30',0),(89,8,2,127,2,20.00,'2021-06-20 04:42:10',0),(90,9,3,127,2,10.00,'2021-06-17 17:26:20',1),(91,10,2,127,2,20.00,'2021-06-19 11:35:22',0),(102,21,4,127,3,21.00,'2021-04-14 02:13:10',0),(103,22,2,127,2,20.00,'2021-04-17 08:53:57',1),(104,23,3,127,2,10.00,'2021-04-16 23:51:16',0),(105,24,3,127,1,5.00,'2021-04-14 04:27:05',1),(106,25,3,127,1,5.00,'2021-04-19 09:54:00',1),(107,26,1,127,2,16.00,'2021-04-16 18:18:48',0),(108,27,4,127,4,28.00,'2021-04-14 14:47:58',0),(109,28,4,127,3,21.00,'2021-04-18 00:06:47',1),(110,29,2,127,1,10.00,'2021-04-16 23:11:34',1),(111,30,3,127,4,20.00,'2021-04-16 09:11:30',0),(112,31,4,127,4,28.00,'2021-04-20 23:27:14',0),(113,32,3,127,2,10.00,'2021-04-21 18:47:43',0),(114,33,2,127,2,20.00,'2021-04-19 14:24:56',1),(115,34,2,127,3,30.00,'2021-04-17 17:33:53',0),(116,35,4,127,3,21.00,'2021-04-22 12:30:05',0),(117,36,3,127,4,20.00,'2021-04-17 12:41:44',0),(118,37,3,127,3,15.00,'2021-04-17 09:26:02',1),(119,38,4,127,1,7.00,'2021-04-18 02:59:38',1),(120,39,3,127,4,20.00,'2021-04-21 02:10:45',0),(121,40,2,127,2,20.00,'2021-04-20 04:26:11',0),(122,1,2,128,1,10.00,'2021-05-20 09:00:47',0),(123,2,2,128,3,30.00,'2021-05-19 01:26:41',0),(124,3,3,128,1,5.00,'2021-05-14 08:28:26',0),(125,4,1,128,4,32.00,'2021-05-18 08:35:28',0),(126,5,2,128,3,30.00,'2021-05-16 07:22:56',0),(127,6,3,128,4,20.00,'2021-06-17 15:14:54',0),(128,7,2,128,4,40.00,'2021-06-16 03:09:53',0),(129,8,1,128,2,16.00,'2021-06-15 21:24:13',1),(130,9,4,128,2,14.00,'2021-06-20 08:08:44',1),(131,10,1,128,1,8.00,'2021-06-18 07:10:59',1),(142,21,4,128,2,14.00,'2021-04-18 16:17:50',1),(143,22,3,128,4,20.00,'2021-04-19 03:16:49',0),(144,23,3,128,3,15.00,'2021-04-20 04:14:54',0),(145,24,4,128,3,21.00,'2021-04-17 22:41:24',1),(146,25,3,128,1,5.00,'2021-04-15 05:47:54',0),(147,26,3,128,4,20.00,'2021-04-17 14:07:53',1),(148,27,1,128,4,32.00,'2021-04-19 16:34:05',1),(149,28,2,128,2,20.00,'2021-04-18 09:25:50',0),(150,29,2,128,2,20.00,'2021-04-19 03:50:48',1),(151,30,3,128,3,15.00,'2021-04-16 10:41:08',1),(152,31,3,128,1,5.00,'2021-04-18 14:52:13',0),(153,32,2,128,2,20.00,'2021-04-20 01:43:40',0),(154,33,1,128,2,16.00,'2021-04-15 15:32:41',0),(155,34,3,128,1,5.00,'2021-04-18 11:26:59',1),(156,35,2,128,3,30.00,'2021-04-17 07:37:37',0),(157,36,3,128,3,15.00,'2021-04-20 12:05:24',0),(158,37,2,128,1,10.00,'2021-04-17 04:29:47',0),(159,38,4,128,4,28.00,'2021-04-21 14:26:28',1),(160,39,4,128,2,14.00,'2021-04-19 08:30:08',0),(161,40,1,128,4,32.00,'2021-04-17 22:02:29',0),(162,1,16,129,3,15.00,'2021-05-20 15:24:39',0),(163,2,8,129,3,21.00,'2021-05-14 01:52:50',1),(164,3,12,129,3,18.00,'2021-05-19 23:47:56',1),(165,4,7,129,3,33.00,'2021-05-17 21:39:10',0),(166,5,12,129,4,24.00,'2021-05-19 06:13:37',0),(167,6,8,129,1,7.00,'2021-06-17 00:55:21',0),(168,7,9,129,2,10.00,'2021-06-20 07:02:47',0),(169,8,10,129,4,48.00,'2021-06-14 17:10:05',0),(170,9,12,129,1,6.00,'2021-06-14 16:56:08',0),(171,10,14,129,4,28.00,'2021-06-15 05:19:45',0),(182,21,14,129,4,28.00,'2021-04-16 17:16:02',0),(183,22,9,129,2,10.00,'2021-04-20 02:35:55',0),(184,23,13,129,3,15.00,'2021-04-15 03:53:06',1),(185,24,6,129,4,56.00,'2021-04-18 01:17:04',1),(186,25,6,129,4,56.00,'2021-04-17 13:05:08',1),(187,26,10,129,3,36.00,'2021-04-14 23:29:42',0),(188,27,12,129,3,18.00,'2021-04-15 22:07:54',0),(189,28,9,129,3,15.00,'2021-04-15 07:19:06',1),(190,29,5,129,2,20.00,'2021-04-14 04:46:28',1),(191,30,8,129,4,28.00,'2021-04-20 20:03:23',1),(192,31,13,129,4,20.00,'2021-04-22 09:52:03',0),(193,32,6,129,2,28.00,'2021-04-19 22:40:54',1),(194,33,14,129,2,14.00,'2021-04-22 00:00:22',1),(195,34,7,129,3,33.00,'2021-04-16 16:15:47',0),(196,35,10,129,4,48.00,'2021-04-19 13:16:32',0),(197,36,12,129,4,24.00,'2021-04-15 23:41:06',1),(198,37,10,129,2,24.00,'2021-04-15 20:09:42',1),(199,38,14,129,2,14.00,'2021-04-16 08:27:40',0),(200,39,9,129,2,10.00,'2021-04-22 00:30:39',0),(201,40,8,129,2,14.00,'2021-04-20 21:18:39',1),(202,1,12,130,4,24.00,'2021-05-18 04:05:29',0),(203,2,7,130,3,33.00,'2021-05-17 18:31:37',0),(204,3,10,130,1,12.00,'2021-05-17 02:22:27',1),(205,4,5,130,3,30.00,'2021-05-14 12:36:49',1),(206,5,11,130,4,8.00,'2021-05-19 09:13:32',0),(207,6,13,130,2,10.00,'2021-06-18 09:38:37',0),(208,7,6,130,4,56.00,'2021-06-15 19:28:43',1),(209,8,12,130,4,24.00,'2021-06-18 23:03:51',0),(210,9,14,130,1,7.00,'2021-06-14 00:11:10',1),(211,10,8,130,4,28.00,'2021-06-19 22:42:32',1),(222,21,5,130,4,40.00,'2021-04-18 03:36:48',0),(223,22,5,130,4,40.00,'2021-04-20 00:18:35',1),(224,23,15,130,3,21.00,'2021-04-20 12:41:38',1),(225,24,16,130,1,5.00,'2021-04-18 16:05:43',0),(226,25,7,130,1,11.00,'2021-04-18 11:40:25',0),(227,26,6,130,2,28.00,'2021-04-14 19:33:58',0),(228,27,10,130,3,36.00,'2021-04-16 12:51:51',1),(229,28,5,130,1,10.00,'2021-04-15 02:46:40',0),(230,29,16,130,3,15.00,'2021-04-18 14:00:51',1),(231,30,5,130,3,30.00,'2021-04-14 05:03:27',0),(232,31,13,130,3,15.00,'2021-04-19 20:56:31',0),(233,32,7,130,3,33.00,'2021-04-21 20:06:20',0),(234,33,10,130,1,12.00,'2021-04-15 19:19:25',1),(235,34,10,130,2,24.00,'2021-04-20 10:56:10',0),(236,35,11,130,4,8.00,'2021-04-18 05:17:54',0),(237,36,7,130,4,44.00,'2021-04-15 22:56:32',0),(238,37,5,130,1,10.00,'2021-04-22 03:29:54',1),(239,38,13,130,3,15.00,'2021-04-18 16:59:30',1),(240,39,5,130,1,10.00,'2021-04-18 04:13:24',1),(241,40,16,130,1,5.00,'2021-04-16 03:47:16',0),(242,1,16,131,2,10.00,'2021-05-16 05:01:05',0),(243,2,7,131,3,33.00,'2021-05-15 03:43:57',0),(244,3,8,131,2,14.00,'2021-05-20 12:46:30',1),(245,4,14,131,3,21.00,'2021-05-18 02:26:06',0),(246,5,6,131,2,28.00,'2021-05-15 19:26:01',1),(247,6,14,131,2,14.00,'2021-06-14 15:32:22',1),(248,7,11,131,2,4.00,'2021-06-18 14:56:33',1),(249,8,12,131,4,24.00,'2021-06-20 05:33:30',1),(250,9,15,131,2,14.00,'2021-06-19 03:06:12',1),(251,10,12,131,4,24.00,'2021-06-14 17:14:33',1),(262,21,15,131,3,21.00,'2021-04-18 07:05:03',0),(263,22,12,131,3,18.00,'2021-04-18 12:45:14',0),(264,23,6,131,1,14.00,'2021-04-18 15:58:25',0),(265,24,12,131,1,6.00,'2021-04-17 13:04:12',0),(266,25,8,131,2,14.00,'2021-04-14 04:19:50',0),(267,26,16,131,4,20.00,'2021-04-15 02:00:14',0),(268,27,9,131,3,15.00,'2021-04-16 07:44:29',1),(269,28,7,131,2,22.00,'2021-04-18 04:11:50',0),(270,29,8,131,4,28.00,'2021-04-14 03:47:19',1),(271,30,5,131,3,30.00,'2021-04-19 06:45:53',0),(272,31,10,131,4,48.00,'2021-04-17 18:42:59',1),(273,32,14,131,3,21.00,'2021-04-20 06:31:37',1),(274,33,16,131,1,5.00,'2021-04-19 06:09:15',0),(275,34,8,131,2,14.00,'2021-04-22 01:41:28',1),(276,35,5,131,3,30.00,'2021-04-19 12:57:22',0),(277,36,10,131,2,24.00,'2021-04-15 14:27:57',1),(278,37,9,131,3,15.00,'2021-04-18 03:50:29',1),(279,38,6,131,4,56.00,'2021-04-17 05:19:36',1),(280,39,15,131,3,21.00,'2021-04-20 07:23:13',1),(281,40,10,131,4,48.00,'2021-04-20 17:41:31',0),(282,1,20,147,4,80.00,'2021-05-14 05:52:31',0),(283,2,17,147,4,160.00,'2021-05-20 11:34:15',0),(284,3,17,147,1,40.00,'2021-05-18 15:49:01',1),(285,4,20,147,4,80.00,'2021-05-15 03:00:38',0),(286,5,20,147,4,80.00,'2021-05-14 18:30:51',0),(287,6,18,147,4,240.00,'2021-06-18 13:31:21',0),(288,7,20,147,3,60.00,'2021-06-17 21:33:17',0),(289,8,20,147,4,80.00,'2021-06-14 12:54:37',1),(290,9,18,147,4,240.00,'2021-06-14 21:18:55',0),(291,10,18,147,1,60.00,'2021-06-15 04:25:55',1),(302,21,17,147,1,40.00,'2021-04-20 16:00:16',1),(303,22,17,147,4,160.00,'2021-04-14 14:53:05',1),(304,23,19,147,2,40.00,'2021-04-18 00:22:50',0),(305,24,19,147,4,80.00,'2021-04-20 12:04:28',1),(306,25,17,147,4,160.00,'2021-04-17 13:51:15',1),(307,26,18,147,3,180.00,'2021-04-16 13:12:11',1),(308,27,18,147,2,120.00,'2021-04-20 05:37:58',0),(309,28,19,147,3,60.00,'2021-04-16 05:45:14',1),(310,29,20,147,4,80.00,'2021-04-20 12:34:06',0),(311,30,18,147,3,180.00,'2021-04-14 12:00:34',1),(312,31,18,147,3,180.00,'2021-04-18 02:31:00',0),(313,32,17,147,1,40.00,'2021-04-22 01:08:40',0),(314,33,17,147,3,120.00,'2021-04-21 00:08:41',1),(315,34,18,147,1,60.00,'2021-04-16 08:21:49',0),(316,35,20,147,4,80.00,'2021-04-22 04:31:57',0),(317,36,19,147,2,40.00,'2021-04-15 16:38:24',0),(318,37,20,147,4,80.00,'2021-04-16 15:52:39',1),(319,38,20,147,3,60.00,'2021-04-20 21:36:49',1),(320,39,20,147,4,80.00,'2021-04-17 10:48:14',0),(321,40,17,147,2,80.00,'2021-04-16 14:30:20',1),(322,1,17,148,1,40.00,'2021-05-18 04:14:14',0),(323,2,19,148,1,20.00,'2021-05-16 19:45:11',1),(324,3,17,148,2,80.00,'2021-05-20 03:05:42',1),(325,4,19,148,4,80.00,'2021-05-17 16:32:19',0),(326,5,19,148,3,60.00,'2021-05-19 01:04:00',0),(327,6,18,148,3,180.00,'2021-06-16 13:11:20',0),(328,7,18,148,4,240.00,'2021-06-17 00:23:04',1),(329,8,19,148,2,40.00,'2021-06-15 02:35:03',1),(330,9,20,148,3,60.00,'2021-06-15 18:14:47',1),(331,10,20,148,2,40.00,'2021-06-16 04:13:22',0),(342,21,20,148,2,40.00,'2021-04-15 04:19:11',1),(343,22,19,148,1,20.00,'2021-04-20 02:42:11',0),(344,23,18,148,3,180.00,'2021-04-15 08:24:23',0),(345,24,18,148,1,60.00,'2021-04-19 07:42:11',0),(346,25,19,148,1,20.00,'2021-04-17 00:23:06',1),(347,26,18,148,3,180.00,'2021-04-17 19:22:30',0),(348,27,18,148,2,120.00,'2021-04-20 21:39:26',0),(349,28,19,148,4,80.00,'2021-04-17 10:14:03',1),(350,29,19,148,2,40.00,'2021-04-16 11:20:15',1),(351,30,19,148,1,20.00,'2021-04-19 19:01:32',0),(352,31,17,148,3,120.00,'2021-04-19 12:40:16',1),(353,32,20,148,4,80.00,'2021-04-18 11:52:20',1),(354,33,19,148,4,80.00,'2021-04-17 01:16:50',0),(355,34,19,148,1,20.00,'2021-04-19 09:02:10',0),(356,35,20,148,2,40.00,'2021-04-15 23:08:47',0),(357,36,19,148,4,80.00,'2021-04-22 10:47:51',1),(358,37,20,148,3,60.00,'2021-04-17 08:06:23',1),(359,38,18,148,3,180.00,'2021-04-20 13:20:32',0),(360,39,18,148,1,60.00,'2021-04-19 11:13:44',1),(361,40,18,148,4,240.00,'2021-04-15 14:11:59',1),(362,1,18,149,3,180.00,'2021-05-18 08:53:59',1),(363,2,20,149,2,40.00,'2021-05-18 11:43:38',1),(364,3,19,149,2,40.00,'2021-05-15 16:35:40',0),(365,4,20,149,2,40.00,'2021-05-19 16:59:02',0),(366,5,19,149,1,20.00,'2021-05-13 20:18:16',1),(367,6,18,149,2,120.00,'2021-06-15 23:45:23',0),(368,7,19,149,4,80.00,'2021-06-15 02:49:57',0),(369,8,19,149,3,60.00,'2021-06-18 10:15:11',0),(370,9,20,149,1,20.00,'2021-06-20 02:20:14',0),(371,10,20,149,4,80.00,'2021-06-16 22:09:19',0),(382,21,20,149,1,20.00,'2021-04-19 02:21:51',0),(383,22,20,149,1,20.00,'2021-04-20 06:56:37',0),(384,23,18,149,2,120.00,'2021-04-17 13:20:07',1),(385,24,17,149,2,80.00,'2021-04-19 10:47:37',0),(386,25,18,149,1,60.00,'2021-04-15 13:14:49',0),(387,26,18,149,3,180.00,'2021-04-16 04:36:57',1),(388,27,19,149,3,60.00,'2021-04-19 13:29:09',0),(389,28,19,149,2,40.00,'2021-04-17 10:56:37',1),(390,29,17,149,3,120.00,'2021-04-16 04:29:24',1),(391,30,19,149,4,80.00,'2021-04-17 12:49:46',1),(392,31,18,149,3,180.00,'2021-04-17 02:08:54',0),(393,32,19,149,3,60.00,'2021-04-16 00:25:55',1),(394,33,19,149,3,60.00,'2021-04-16 01:39:20',1),(395,34,18,149,4,240.00,'2021-04-22 08:21:57',0),(396,35,20,149,2,40.00,'2021-04-16 02:46:25',0),(397,36,19,149,4,80.00,'2021-04-15 13:15:43',0),(398,37,19,149,1,20.00,'2021-04-19 07:38:42',0),(399,38,20,149,3,60.00,'2021-04-19 15:27:13',0),(400,39,18,149,4,240.00,'2021-04-22 04:49:38',1),(401,40,17,149,2,80.00,'2021-04-18 23:22:44',0),(402,41,4,127,2,14.00,'2021-06-26 14:50:14',0),(403,1,24,132,3,0.00,'2021-05-19 03:48:30',0),(404,2,24,132,3,0.00,'2021-05-19 09:39:30',0),(405,3,24,132,2,0.00,'2021-05-14 01:49:49',0),(406,4,24,132,3,0.00,'2021-05-15 09:39:55',0),(407,5,24,132,2,0.00,'2021-05-20 07:48:23',0),(408,6,24,132,1,0.00,'2021-06-14 07:32:26',0),(409,7,24,132,3,0.00,'2021-06-16 12:28:53',0),(410,8,24,132,1,0.00,'2021-06-19 06:55:01',0),(411,9,24,132,4,0.00,'2021-06-20 04:20:26',0),(412,10,24,132,4,0.00,'2021-06-16 20:29:18',0),(423,21,24,132,1,0.00,'2021-04-17 05:00:44',0),(424,22,24,132,1,0.00,'2021-04-16 20:45:08',0),(425,23,24,132,4,0.00,'2021-04-19 18:48:05',0),(426,24,24,132,1,0.00,'2021-04-17 13:43:34',0),(427,25,24,132,4,0.00,'2021-04-20 20:24:21',0),(428,26,24,132,4,0.00,'2021-04-20 19:47:22',0),(429,27,24,132,4,0.00,'2021-04-14 06:07:53',0),(430,28,24,132,2,0.00,'2021-04-14 10:09:00',0),(431,29,24,132,1,0.00,'2021-04-16 04:23:44',0),(432,30,24,132,2,0.00,'2021-04-19 11:31:46',0),(433,31,24,132,1,0.00,'2021-04-20 07:41:13',0),(434,32,24,132,3,0.00,'2021-04-18 13:01:16',0),(435,33,24,132,1,0.00,'2021-04-22 11:45:32',0),(436,34,24,132,2,0.00,'2021-04-22 06:44:30',0),(437,35,24,132,3,0.00,'2021-04-17 23:26:06',0),(438,36,24,132,3,0.00,'2021-04-22 06:24:15',0),(439,37,24,132,1,0.00,'2021-04-19 17:10:31',0),(440,38,24,132,3,0.00,'2021-04-21 18:43:23',0),(441,39,24,132,4,0.00,'2021-04-17 19:43:01',0),(442,40,24,132,2,0.00,'2021-04-16 09:26:47',0),(443,41,24,132,3,0.00,'2021-06-27 03:13:26',0),(444,1,24,133,4,0.00,'2021-05-17 12:48:34',0),(445,2,24,133,1,0.00,'2021-05-18 19:15:41',0),(446,3,24,133,3,0.00,'2021-05-16 23:02:57',0),(447,4,24,133,2,0.00,'2021-05-17 07:52:52',0),(448,5,24,133,3,0.00,'2021-05-19 12:08:59',0),(449,6,24,133,2,0.00,'2021-06-15 19:11:01',0),(450,7,24,133,4,0.00,'2021-06-17 10:39:42',0),(451,8,24,133,4,0.00,'2021-06-18 02:57:55',0),(452,9,24,133,2,0.00,'2021-06-14 01:21:46',0),(453,10,24,133,1,0.00,'2021-06-20 08:57:42',0),(464,21,24,133,4,0.00,'2021-04-13 23:45:50',0),(465,22,24,133,4,0.00,'2021-04-14 04:51:04',0),(466,23,24,133,3,0.00,'2021-04-19 16:25:15',0),(467,24,24,133,3,0.00,'2021-04-18 12:36:59',0),(468,25,24,133,2,0.00,'2021-04-15 19:53:46',0),(469,26,24,133,4,0.00,'2021-04-20 09:00:02',0),(470,27,24,133,4,0.00,'2021-04-15 20:46:39',0),(471,28,24,133,3,0.00,'2021-04-15 09:07:32',0),(472,29,24,133,3,0.00,'2021-04-14 07:00:19',0),(473,30,24,133,2,0.00,'2021-04-17 07:59:17',0),(474,31,24,133,2,0.00,'2021-04-18 13:54:50',0),(475,32,24,133,4,0.00,'2021-04-21 06:47:53',0),(476,33,24,133,4,0.00,'2021-04-15 17:45:56',0),(477,34,24,133,3,0.00,'2021-04-17 07:18:47',0),(478,35,24,133,4,0.00,'2021-04-19 02:59:02',0),(479,36,24,133,2,0.00,'2021-04-17 10:51:25',0),(480,37,24,133,4,0.00,'2021-04-16 13:36:40',0),(481,38,24,133,2,0.00,'2021-04-18 21:21:51',0),(482,39,24,133,2,0.00,'2021-04-18 15:14:32',0),(483,40,24,133,4,0.00,'2021-04-19 12:09:14',0),(484,41,24,133,3,0.00,'2021-06-30 04:37:31',0),(485,1,24,134,4,0.00,'2021-05-17 03:48:25',0),(486,2,24,134,1,0.00,'2021-05-18 05:13:25',0),(487,3,24,134,3,0.00,'2021-05-15 07:05:59',0),(488,4,24,134,4,0.00,'2021-05-18 22:56:56',0),(489,5,24,134,2,0.00,'2021-05-19 16:12:57',0),(490,6,24,134,2,0.00,'2021-06-20 09:38:33',0),(491,7,24,134,3,0.00,'2021-06-17 01:33:16',0),(492,8,24,134,1,0.00,'2021-06-17 12:00:28',0),(493,9,24,134,4,0.00,'2021-06-16 10:39:48',0),(494,10,24,134,1,0.00,'2021-06-18 04:51:08',0),(505,21,24,134,1,0.00,'2021-04-19 12:08:32',0),(506,22,24,134,2,0.00,'2021-04-17 07:05:36',0),(507,23,24,134,2,0.00,'2021-04-20 05:34:38',0),(508,24,24,134,4,0.00,'2021-04-20 20:34:55',0),(509,25,24,134,1,0.00,'2021-04-19 13:54:51',0),(510,26,24,134,3,0.00,'2021-04-19 11:21:08',0),(511,27,24,134,2,0.00,'2021-04-17 10:26:46',0),(512,28,24,134,4,0.00,'2021-04-18 07:06:54',0),(513,29,24,134,3,0.00,'2021-04-16 05:06:13',0),(514,30,24,134,4,0.00,'2021-04-15 06:07:58',0),(515,31,24,134,3,0.00,'2021-04-17 12:51:37',0),(516,32,24,134,3,0.00,'2021-04-21 20:35:21',0),(517,33,24,134,3,0.00,'2021-04-19 21:29:57',0),(518,34,24,134,3,0.00,'2021-04-19 05:38:34',0),(519,35,24,134,2,0.00,'2021-04-19 08:33:20',0),(520,36,24,134,2,0.00,'2021-04-18 21:42:16',0),(521,37,24,134,2,0.00,'2021-04-21 10:57:24',0),(522,38,24,134,1,0.00,'2021-04-20 20:07:24',0),(523,39,24,134,2,0.00,'2021-04-21 11:39:02',0),(524,40,24,134,1,0.00,'2021-04-19 22:18:25',0),(525,41,24,134,3,0.00,'2021-06-29 01:51:18',0),(526,1,24,135,2,0.00,'2021-05-14 12:03:43',0),(527,2,24,135,3,0.00,'2021-05-17 20:25:59',0),(528,3,24,135,1,0.00,'2021-05-15 16:58:14',0),(529,4,24,135,3,0.00,'2021-05-19 17:57:00',0),(530,5,24,135,1,0.00,'2021-05-15 21:47:11',0),(531,6,24,135,3,0.00,'2021-06-19 14:16:02',0),(532,7,24,135,4,0.00,'2021-06-19 05:07:59',0),(533,8,24,135,2,0.00,'2021-06-15 05:26:03',0),(534,9,24,135,4,0.00,'2021-06-14 12:09:03',0),(535,10,24,135,1,0.00,'2021-06-15 13:21:19',0),(546,21,24,135,3,0.00,'2021-04-19 13:58:24',0),(547,22,24,135,1,0.00,'2021-04-14 11:27:32',0),(548,23,24,135,4,0.00,'2021-04-16 17:23:50',0),(549,24,24,135,2,0.00,'2021-04-19 08:19:40',0),(550,25,24,135,4,0.00,'2021-04-14 10:25:48',0),(551,26,24,135,3,0.00,'2021-04-19 15:30:31',0),(552,27,24,135,1,0.00,'2021-04-16 05:01:14',0),(553,28,24,135,4,0.00,'2021-04-20 12:51:58',0),(554,29,24,135,2,0.00,'2021-04-18 11:40:19',0),(555,30,24,135,2,0.00,'2021-04-17 16:18:30',0),(556,31,24,135,3,0.00,'2021-04-17 01:32:48',0),(557,32,24,135,2,0.00,'2021-04-16 16:46:45',0),(558,33,24,135,2,0.00,'2021-04-18 22:11:03',0),(559,34,24,135,2,0.00,'2021-04-17 19:18:47',0),(560,35,24,135,1,0.00,'2021-04-22 03:40:37',0),(561,36,24,135,3,0.00,'2021-04-22 06:17:38',0),(562,37,24,135,3,0.00,'2021-04-18 13:50:54',0),(563,38,24,135,4,0.00,'2021-04-21 19:32:41',0),(564,39,24,135,4,0.00,'2021-04-16 07:15:52',0),(565,40,24,135,1,0.00,'2021-04-19 23:03:46',0),(566,41,24,135,1,0.00,'2021-07-01 12:44:08',0),(567,1,24,136,1,0.00,'2021-05-13 22:04:48',0),(568,2,24,136,4,0.00,'2021-05-17 00:07:20',0),(569,3,24,136,2,0.00,'2021-05-19 17:36:56',0),(570,4,24,136,2,0.00,'2021-05-14 17:56:43',0),(571,5,24,136,1,0.00,'2021-05-18 04:00:18',0),(572,6,24,136,2,0.00,'2021-06-20 07:52:07',0),(573,7,24,136,2,0.00,'2021-06-16 21:20:20',0),(574,8,24,136,1,0.00,'2021-06-19 10:39:39',0),(575,9,24,136,4,0.00,'2021-06-15 16:42:26',0),(576,10,24,136,4,0.00,'2021-06-17 20:45:16',0),(587,21,24,136,4,0.00,'2021-04-15 14:21:28',0),(588,22,24,136,4,0.00,'2021-04-13 22:50:09',0),(589,23,24,136,3,0.00,'2021-04-19 05:09:36',0),(590,24,24,136,1,0.00,'2021-04-15 18:09:57',0),(591,25,24,136,4,0.00,'2021-04-16 23:53:08',0),(592,26,24,136,3,0.00,'2021-04-20 10:18:13',0),(593,27,24,136,1,0.00,'2021-04-16 17:18:27',0),(594,28,24,136,2,0.00,'2021-04-19 08:21:43',0),(595,29,24,136,4,0.00,'2021-04-14 15:35:24',0),(596,30,24,136,4,0.00,'2021-04-15 19:22:44',0),(597,31,24,136,2,0.00,'2021-04-19 21:24:48',0),(598,32,24,136,4,0.00,'2021-04-20 11:11:30',0),(599,33,24,136,4,0.00,'2021-04-19 22:46:03',0),(600,34,24,136,4,0.00,'2021-04-19 00:49:34',0),(601,35,24,136,3,0.00,'2021-04-15 20:59:24',0),(602,36,24,136,2,0.00,'2021-04-18 18:31:11',0),(603,37,24,136,1,0.00,'2021-04-20 20:26:29',0),(604,38,24,136,2,0.00,'2021-04-18 00:53:14',0),(605,39,24,136,3,0.00,'2021-04-16 16:40:35',0),(606,40,24,136,2,0.00,'2021-04-20 07:46:23',0),(607,41,24,136,4,0.00,'2021-06-28 23:26:16',0),(608,1,23,137,3,0.00,'2021-05-16 19:04:49',0),(609,2,23,137,1,0.00,'2021-05-14 23:09:21',0),(610,3,23,137,2,0.00,'2021-05-16 21:18:48',0),(611,4,23,137,3,0.00,'2021-05-17 03:51:42',0),(612,5,23,137,3,0.00,'2021-05-15 01:28:38',0),(613,6,23,137,1,0.00,'2021-06-14 17:55:23',0),(614,7,23,137,3,0.00,'2021-06-18 05:57:37',0),(615,8,23,137,3,0.00,'2021-06-19 20:53:07',0),(616,9,23,137,4,0.00,'2021-06-20 01:53:54',0),(617,10,23,137,2,0.00,'2021-06-13 23:57:26',0),(628,21,23,137,4,0.00,'2021-04-19 09:13:31',0),(629,22,23,137,4,0.00,'2021-04-18 22:30:00',0),(630,23,23,137,2,0.00,'2021-04-14 20:51:17',0),(631,24,23,137,3,0.00,'2021-04-16 10:49:37',0),(632,25,23,137,4,0.00,'2021-04-14 21:01:15',0),(633,26,23,137,1,0.00,'2021-04-14 03:17:48',0),(634,27,23,137,2,0.00,'2021-04-18 14:07:16',0),(635,28,23,137,4,0.00,'2021-04-16 14:37:18',0),(636,29,23,137,4,0.00,'2021-04-18 02:24:30',0),(637,30,23,137,4,0.00,'2021-04-15 19:49:00',0),(638,31,23,137,1,0.00,'2021-04-19 04:19:57',0),(639,32,23,137,3,0.00,'2021-04-19 00:54:06',0),(640,33,23,137,4,0.00,'2021-04-15 20:46:18',0),(641,34,23,137,1,0.00,'2021-04-17 23:00:36',0),(642,35,23,137,1,0.00,'2021-04-19 01:35:01',0),(643,36,23,137,2,0.00,'2021-04-16 03:01:43',0),(644,37,23,137,1,0.00,'2021-04-17 01:08:55',0),(645,38,23,137,4,0.00,'2021-04-16 03:43:19',0),(646,39,23,137,2,0.00,'2021-04-17 20:21:04',0),(647,40,23,137,4,0.00,'2021-04-16 09:13:01',0),(648,41,23,137,1,0.00,'2021-07-02 15:44:10',0),(649,1,23,138,3,0.00,'2021-05-18 11:57:16',0),(650,2,23,138,3,0.00,'2021-05-16 21:01:48',0),(651,3,23,138,2,0.00,'2021-05-18 19:38:10',0),(652,4,23,138,2,0.00,'2021-05-14 23:03:49',0),(653,5,23,138,2,0.00,'2021-05-17 22:55:03',0),(654,6,23,138,1,0.00,'2021-06-18 14:41:02',0),(655,7,23,138,1,0.00,'2021-06-18 07:55:42',0),(656,8,23,138,2,0.00,'2021-06-20 01:48:01',0),(657,9,23,138,3,0.00,'2021-06-20 05:56:55',0),(658,10,23,138,2,0.00,'2021-06-14 23:16:25',0),(669,21,23,138,1,0.00,'2021-04-18 18:49:26',0),(670,22,23,138,3,0.00,'2021-04-15 20:52:25',0),(671,23,23,138,1,0.00,'2021-04-16 15:35:33',0),(672,24,23,138,4,0.00,'2021-04-17 17:44:53',0),(673,25,23,138,4,0.00,'2021-04-20 20:47:18',0),(674,26,23,138,4,0.00,'2021-04-17 13:48:14',0),(675,27,23,138,2,0.00,'2021-04-19 20:57:57',0),(676,28,23,138,4,0.00,'2021-04-19 14:30:29',0),(677,29,23,138,2,0.00,'2021-04-20 00:30:17',0),(678,30,23,138,1,0.00,'2021-04-18 14:35:25',0),(679,31,23,138,1,0.00,'2021-04-21 21:37:06',0),(680,32,23,138,3,0.00,'2021-04-21 12:52:25',0),(681,33,23,138,3,0.00,'2021-04-16 07:48:32',0),(682,34,23,138,1,0.00,'2021-04-22 06:45:00',0),(683,35,23,138,4,0.00,'2021-04-16 10:45:06',0),(684,36,23,138,2,0.00,'2021-04-18 23:30:04',0),(685,37,23,138,3,0.00,'2021-04-21 23:24:34',0),(686,38,23,138,3,0.00,'2021-04-18 07:49:28',0),(687,39,23,138,2,0.00,'2021-04-16 11:31:08',0),(688,40,23,138,2,0.00,'2021-04-16 07:51:48',0),(689,41,23,138,1,0.00,'2021-06-30 01:55:24',0),(690,1,23,139,4,0.00,'2021-05-16 23:29:12',0),(691,2,23,139,1,0.00,'2021-05-13 20:34:15',0),(692,3,23,139,1,0.00,'2021-05-14 07:32:00',0),(693,4,23,139,4,0.00,'2021-05-16 03:16:14',0),(694,5,23,139,2,0.00,'2021-05-16 14:14:50',0),(695,6,23,139,2,0.00,'2021-06-17 23:28:26',0),(696,7,23,139,1,0.00,'2021-06-18 09:14:30',0),(697,8,23,139,2,0.00,'2021-06-20 13:32:34',0),(698,9,23,139,4,0.00,'2021-06-15 21:53:41',0),(699,10,23,139,1,0.00,'2021-06-18 21:55:15',0),(710,21,23,139,1,0.00,'2021-04-17 23:40:55',0),(711,22,23,139,1,0.00,'2021-04-20 20:08:51',0),(712,23,23,139,1,0.00,'2021-04-15 18:19:19',0),(713,24,23,139,4,0.00,'2021-04-15 15:43:50',0),(714,25,23,139,1,0.00,'2021-04-18 01:42:05',0),(715,26,23,139,1,0.00,'2021-04-18 05:18:50',0),(716,27,23,139,2,0.00,'2021-04-14 01:07:20',0),(717,28,23,139,1,0.00,'2021-04-19 00:15:55',0),(718,29,23,139,1,0.00,'2021-04-17 20:51:01',0),(719,30,23,139,2,0.00,'2021-04-16 10:47:47',0),(720,31,23,139,1,0.00,'2021-04-19 08:46:33',0),(721,32,23,139,2,0.00,'2021-04-16 23:55:53',0),(722,33,23,139,1,0.00,'2021-04-15 15:10:26',0),(723,34,23,139,3,0.00,'2021-04-19 09:23:36',0),(724,35,23,139,3,0.00,'2021-04-20 23:22:26',0),(725,36,23,139,4,0.00,'2021-04-18 01:53:28',0),(726,37,23,139,1,0.00,'2021-04-16 17:48:28',0),(727,38,23,139,3,0.00,'2021-04-15 23:11:19',0),(728,39,23,139,1,0.00,'2021-04-17 23:53:14',0),(729,40,23,139,1,0.00,'2021-04-19 06:29:32',0),(730,41,23,139,4,0.00,'2021-06-28 14:17:24',0),(731,1,23,140,4,0.00,'2021-05-14 17:51:20',0),(732,2,23,140,2,0.00,'2021-05-15 04:10:59',0),(733,3,23,140,3,0.00,'2021-05-19 00:32:50',0),(734,4,23,140,3,0.00,'2021-05-14 06:49:34',0),(735,5,23,140,3,0.00,'2021-05-14 07:20:11',0),(736,6,23,140,4,0.00,'2021-06-17 22:36:43',0),(737,7,23,140,2,0.00,'2021-06-14 06:51:56',0),(738,8,23,140,2,0.00,'2021-06-15 14:44:13',0),(739,9,23,140,4,0.00,'2021-06-17 13:34:33',0),(740,10,23,140,2,0.00,'2021-06-18 20:09:42',0),(751,21,23,140,2,0.00,'2021-04-15 20:25:33',0),(752,22,23,140,2,0.00,'2021-04-17 11:09:13',0),(753,23,23,140,2,0.00,'2021-04-20 10:44:32',0),(754,24,23,140,1,0.00,'2021-04-19 12:10:13',0),(755,25,23,140,4,0.00,'2021-04-17 17:31:21',0),(756,26,23,140,1,0.00,'2021-04-19 23:08:09',0),(757,27,23,140,1,0.00,'2021-04-15 15:41:54',0),(758,28,23,140,2,0.00,'2021-04-16 13:08:58',0),(759,29,23,140,3,0.00,'2021-04-15 10:02:40',0),(760,30,23,140,1,0.00,'2021-04-19 22:27:54',0),(761,31,23,140,3,0.00,'2021-04-21 10:01:29',0),(762,32,23,140,2,0.00,'2021-04-17 00:45:50',0),(763,33,23,140,3,0.00,'2021-04-19 00:03:26',0),(764,34,23,140,1,0.00,'2021-04-22 01:34:09',0),(765,35,23,140,2,0.00,'2021-04-17 21:34:59',0),(766,36,23,140,2,0.00,'2021-04-21 21:53:58',0),(767,37,23,140,1,0.00,'2021-04-21 10:48:44',0),(768,38,23,140,4,0.00,'2021-04-16 03:18:10',0),(769,39,23,140,2,0.00,'2021-04-16 13:54:53',0),(770,40,23,140,3,0.00,'2021-04-20 09:37:25',0),(771,41,23,140,2,0.00,'2021-07-01 06:02:52',0),(772,1,22,141,4,0.00,'2021-05-14 17:55:25',0),(773,2,22,141,4,0.00,'2021-05-20 16:10:30',0),(774,3,22,141,3,0.00,'2021-05-17 22:02:45',0),(775,4,22,141,2,0.00,'2021-05-15 10:56:41',0),(776,5,22,141,2,0.00,'2021-05-18 20:21:04',0),(777,6,22,141,1,0.00,'2021-06-20 16:34:37',0),(778,7,22,141,1,0.00,'2021-06-20 12:39:57',0),(779,8,22,141,4,0.00,'2021-06-13 17:40:23',0),(780,9,22,141,4,0.00,'2021-06-13 19:52:55',0),(781,10,22,141,4,0.00,'2021-06-15 13:22:53',0),(792,21,22,141,1,0.00,'2021-04-14 06:08:42',0),(793,22,22,141,3,0.00,'2021-04-17 17:28:12',0),(794,23,22,141,2,0.00,'2021-04-14 13:38:12',0),(795,24,22,141,3,0.00,'2021-04-18 01:11:34',0),(796,25,22,141,4,0.00,'2021-04-17 21:09:46',0),(797,26,22,141,2,0.00,'2021-04-15 10:45:57',0),(798,27,22,141,1,0.00,'2021-04-14 07:49:34',0),(799,28,22,141,2,0.00,'2021-04-18 05:22:03',0),(800,29,22,141,2,0.00,'2021-04-17 08:02:03',0),(801,30,22,141,4,0.00,'2021-04-15 23:45:44',0),(802,31,22,141,1,0.00,'2021-04-18 00:04:22',0),(803,32,22,141,1,0.00,'2021-04-18 09:36:11',0),(804,33,22,141,3,0.00,'2021-04-17 15:53:27',0),(805,34,22,141,1,0.00,'2021-04-17 21:35:36',0),(806,35,22,141,2,0.00,'2021-04-21 20:02:03',0),(807,36,22,141,3,0.00,'2021-04-22 05:18:26',0),(808,37,22,141,3,0.00,'2021-04-16 21:15:04',0),(809,38,22,141,3,0.00,'2021-04-20 14:24:45',0),(810,39,22,141,2,0.00,'2021-04-20 20:49:14',0),(811,40,22,141,3,0.00,'2021-04-18 22:07:25',0),(812,41,22,141,3,0.00,'2021-06-28 03:35:45',0),(813,1,22,142,2,0.00,'2021-05-16 12:15:36',0),(814,2,22,142,1,0.00,'2021-05-14 13:16:02',0),(815,3,22,142,4,0.00,'2021-05-19 14:22:39',0),(816,4,22,142,1,0.00,'2021-05-14 03:58:25',0),(817,5,22,142,4,0.00,'2021-05-17 05:42:06',0),(818,6,22,142,3,0.00,'2021-06-17 16:50:56',0),(819,7,22,142,2,0.00,'2021-06-13 21:58:16',0),(820,8,22,142,1,0.00,'2021-06-20 10:46:21',0),(821,9,22,142,1,0.00,'2021-06-15 08:33:46',0),(822,10,22,142,1,0.00,'2021-06-19 14:10:30',0),(833,21,22,142,2,0.00,'2021-04-18 21:52:32',0),(834,22,22,142,4,0.00,'2021-04-17 08:36:57',0),(835,23,22,142,4,0.00,'2021-04-20 08:34:48',0),(836,24,22,142,3,0.00,'2021-04-15 03:41:52',0),(837,25,22,142,3,0.00,'2021-04-14 22:07:36',0),(838,26,22,142,3,0.00,'2021-04-17 20:14:06',0),(839,27,22,142,2,0.00,'2021-04-19 19:19:19',0),(840,28,22,142,3,0.00,'2021-04-20 21:20:14',0),(841,29,22,142,1,0.00,'2021-04-19 15:12:47',0),(842,30,22,142,4,0.00,'2021-04-15 22:52:43',0),(843,31,22,142,4,0.00,'2021-04-15 23:33:56',0),(844,32,22,142,3,0.00,'2021-04-18 16:53:08',0),(845,33,22,142,4,0.00,'2021-04-19 12:11:30',0),(846,34,22,142,4,0.00,'2021-04-17 09:01:14',0),(847,35,22,142,4,0.00,'2021-04-21 02:05:51',0),(848,36,22,142,2,0.00,'2021-04-18 13:50:55',0),(849,37,22,142,2,0.00,'2021-04-18 12:51:49',0),(850,38,22,142,2,0.00,'2021-04-20 00:46:42',0),(851,39,22,142,2,0.00,'2021-04-21 20:32:50',0),(852,40,22,142,4,0.00,'2021-04-22 08:22:03',0),(853,41,22,142,4,0.00,'2021-06-30 14:28:19',0),(854,1,22,143,3,0.00,'2021-05-15 05:46:51',0),(855,2,22,143,1,0.00,'2021-05-14 17:17:18',0),(856,3,22,143,3,0.00,'2021-05-18 06:59:43',0),(857,4,22,143,2,0.00,'2021-05-17 00:49:43',0),(858,5,22,143,2,0.00,'2021-05-16 01:25:04',0),(859,6,22,143,3,0.00,'2021-06-13 23:03:21',0),(860,7,22,143,4,0.00,'2021-06-19 10:12:17',0),(861,8,22,143,1,0.00,'2021-06-16 05:51:03',0),(862,9,22,143,2,0.00,'2021-06-20 04:32:23',0),(863,10,22,143,4,0.00,'2021-06-15 17:11:29',0),(874,21,22,143,2,0.00,'2021-04-15 17:15:47',0),(875,22,22,143,4,0.00,'2021-04-14 09:25:20',0),(876,23,22,143,3,0.00,'2021-04-16 05:38:04',0),(877,24,22,143,4,0.00,'2021-04-17 10:17:53',0),(878,25,22,143,2,0.00,'2021-04-14 05:39:43',0),(879,26,22,143,1,0.00,'2021-04-20 12:51:41',0),(880,27,22,143,3,0.00,'2021-04-15 17:57:55',0),(881,28,22,143,3,0.00,'2021-04-15 15:55:26',0),(882,29,22,143,1,0.00,'2021-04-19 02:47:09',0),(883,30,22,143,3,0.00,'2021-04-17 14:52:03',0),(884,31,22,143,3,0.00,'2021-04-16 06:12:20',0),(885,32,22,143,3,0.00,'2021-04-16 20:23:18',0),(886,33,22,143,3,0.00,'2021-04-17 17:08:28',0),(887,34,22,143,2,0.00,'2021-04-21 22:24:29',0),(888,35,22,143,1,0.00,'2021-04-21 03:26:00',0),(889,36,22,143,4,0.00,'2021-04-18 23:15:42',0),(890,37,22,143,4,0.00,'2021-04-20 09:51:02',0),(891,38,22,143,4,0.00,'2021-04-19 09:35:23',0),(892,39,22,143,4,0.00,'2021-04-18 14:48:45',0),(893,40,22,143,3,0.00,'2021-04-18 07:41:23',0),(894,41,22,143,2,0.00,'2021-06-26 19:06:38',0),(895,1,22,144,3,0.00,'2021-05-15 11:09:53',0),(896,2,22,144,3,0.00,'2021-05-16 10:44:42',0),(897,3,22,144,4,0.00,'2021-05-17 10:09:19',0),(898,4,22,144,4,0.00,'2021-05-19 22:18:32',0),(899,5,22,144,4,0.00,'2021-05-19 02:31:06',0),(900,6,22,144,2,0.00,'2021-06-18 11:07:02',0),(901,7,22,144,4,0.00,'2021-06-17 09:22:33',0),(902,8,22,144,1,0.00,'2021-06-18 21:54:23',0),(903,9,22,144,3,0.00,'2021-06-15 15:21:59',0),(904,10,22,144,4,0.00,'2021-06-13 17:50:56',0),(915,21,22,144,1,0.00,'2021-04-20 03:15:54',0),(916,22,22,144,1,0.00,'2021-04-17 17:06:09',0),(917,23,22,144,1,0.00,'2021-04-15 13:59:24',0),(918,24,22,144,2,0.00,'2021-04-15 15:23:07',0),(919,25,22,144,2,0.00,'2021-04-14 19:02:07',0),(920,26,22,144,1,0.00,'2021-04-15 09:21:44',0),(921,27,22,144,4,0.00,'2021-04-16 00:58:48',0),(922,28,22,144,4,0.00,'2021-04-16 23:33:33',0),(923,29,22,144,1,0.00,'2021-04-18 16:12:25',0),(924,30,22,144,1,0.00,'2021-04-16 18:24:38',0),(925,31,22,144,4,0.00,'2021-04-15 23:16:42',0),(926,32,22,144,1,0.00,'2021-04-16 18:33:28',0),(927,33,22,144,3,0.00,'2021-04-19 09:43:25',0),(928,34,22,144,4,0.00,'2021-04-19 06:26:21',0),(929,35,22,144,2,0.00,'2021-04-21 06:11:50',0),(930,36,22,144,4,0.00,'2021-04-16 03:31:15',0),(931,37,22,144,4,0.00,'2021-04-22 11:57:44',0),(932,38,22,144,2,0.00,'2021-04-17 15:30:55',0),(933,39,22,144,3,0.00,'2021-04-17 23:50:59',0),(934,40,22,144,4,0.00,'2021-04-15 18:40:33',0),(935,41,22,144,4,0.00,'2021-06-29 05:59:59',0),(936,1,22,145,2,0.00,'2021-05-14 09:40:08',0),(937,2,22,145,4,0.00,'2021-05-19 05:05:16',0),(938,3,22,145,4,0.00,'2021-05-15 05:56:33',0),(939,4,22,145,2,0.00,'2021-05-16 06:02:41',0),(940,5,22,145,2,0.00,'2021-05-14 15:07:10',0),(941,6,22,145,1,0.00,'2021-06-18 18:21:57',0),(942,7,22,145,2,0.00,'2021-06-15 09:01:34',0),(943,8,22,145,3,0.00,'2021-06-17 14:12:49',0),(944,9,22,145,1,0.00,'2021-06-20 09:22:47',0),(945,10,22,145,2,0.00,'2021-06-16 10:36:13',0),(956,21,22,145,3,0.00,'2021-04-19 08:39:47',0),(957,22,22,145,4,0.00,'2021-04-14 11:39:45',0),(958,23,22,145,4,0.00,'2021-04-16 09:02:59',0),(959,24,22,145,1,0.00,'2021-04-19 07:01:21',0),(960,25,22,145,2,0.00,'2021-04-19 11:24:20',0),(961,26,22,145,1,0.00,'2021-04-18 08:45:40',0),(962,27,22,145,3,0.00,'2021-04-15 14:53:34',0),(963,28,22,145,2,0.00,'2021-04-15 00:49:02',0),(964,29,22,145,3,0.00,'2021-04-14 05:13:50',0),(965,30,22,145,4,0.00,'2021-04-20 18:19:05',0),(966,31,22,145,3,0.00,'2021-04-22 00:14:18',0),(967,32,22,145,3,0.00,'2021-04-21 01:50:24',0),(968,33,22,145,1,0.00,'2021-04-18 14:22:13',0),(969,34,22,145,4,0.00,'2021-04-20 13:33:20',0),(970,35,22,145,3,0.00,'2021-04-20 18:02:32',0),(971,36,22,145,1,0.00,'2021-04-17 14:58:35',0),(972,37,22,145,1,0.00,'2021-04-21 08:35:20',0),(973,38,22,145,1,0.00,'2021-04-19 12:20:27',0),(974,39,22,145,3,0.00,'2021-04-16 04:58:21',0),(975,40,22,145,4,0.00,'2021-04-18 10:13:46',0),(976,41,22,145,1,0.00,'2021-06-30 07:57:23',0),(977,1,22,146,3,0.00,'2021-05-15 10:14:35',0),(978,2,22,146,1,0.00,'2021-05-15 22:11:52',0),(979,3,22,146,2,0.00,'2021-05-18 15:15:03',0),(980,4,22,146,4,0.00,'2021-05-19 00:43:26',0),(981,5,22,146,1,0.00,'2021-05-19 10:08:19',0),(982,6,22,146,2,0.00,'2021-06-19 03:32:54',0),(983,7,22,146,1,0.00,'2021-06-14 14:06:36',0),(984,8,22,146,2,0.00,'2021-06-14 04:59:58',0),(985,9,22,146,1,0.00,'2021-06-15 22:59:47',0),(986,10,22,146,4,0.00,'2021-06-19 04:43:55',0),(997,21,22,146,1,0.00,'2021-04-18 05:31:38',0),(998,22,22,146,3,0.00,'2021-04-20 11:09:51',0),(999,23,22,146,3,0.00,'2021-04-14 05:50:00',0),(1000,24,22,146,1,0.00,'2021-04-16 03:11:31',0),(1001,25,22,146,1,0.00,'2021-04-20 07:48:26',0),(1002,26,22,146,2,0.00,'2021-04-17 16:19:30',0),(1003,27,22,146,3,0.00,'2021-04-14 21:09:33',0),(1004,28,22,146,2,0.00,'2021-04-16 09:53:44',0),(1005,29,22,146,3,0.00,'2021-04-18 10:17:54',0),(1006,30,22,146,2,0.00,'2021-04-19 10:37:51',0),(1007,31,22,146,3,0.00,'2021-04-19 16:25:18',0),(1008,32,22,146,1,0.00,'2021-04-17 16:03:40',0),(1009,33,22,146,4,0.00,'2021-04-18 19:06:51',0),(1010,34,22,146,3,0.00,'2021-04-16 09:06:09',0),(1011,35,22,146,2,0.00,'2021-04-16 13:43:53',0),(1012,36,22,146,2,0.00,'2021-04-20 06:21:11',0),(1013,37,22,146,2,0.00,'2021-04-16 11:06:04',0),(1014,38,22,146,2,0.00,'2021-04-18 14:10:28',0),(1015,39,22,146,3,0.00,'2021-04-18 11:50:08',0),(1016,40,22,146,2,0.00,'2021-04-16 05:44:20',0),(1017,41,22,146,4,0.00,'2021-07-01 15:25:23',0),(1018,24,24,132,1,0.00,'2021-04-13 23:30:04',0),(1019,42,8,130,2,14.00,'2021-03-15 12:40:04',1),(1020,62,6,129,2,28.00,'2021-06-26 20:18:28',1),(1021,21,11,129,2,4.00,'2021-04-13 23:30:04',1),(1022,42,4,125,2,14.00,'2021-03-15 12:40:04',1),(1023,42,4,125,2,14.00,'2021-03-15 12:38:04',0),(1024,63,6,131,2,28.00,'2021-06-26 23:37:13',1);
/*!40000 ALTER TABLE `ServiceCharge` ENABLE KEYS */;
UNLOCK TABLES;
/*!50003 SET @saved_cs_client      = @@character_set_client */ ;
/*!50003 SET @saved_cs_results     = @@character_set_results */ ;
/*!50003 SET @saved_col_connection = @@collation_connection */ ;
/*!50003 SET character_set_client  = utf8 */ ;
/*!50003 SET character_set_results = utf8 */ ;
/*!50003 SET collation_connection  = utf8_general_ci */ ;
/*!50003 SET @saved_sql_mode       = @@sql_mode */ ;
/*!50003 SET sql_mode              = 'ONLY_FULL_GROUP_BY,STRICT_TRANS_TABLES,NO_ZERO_IN_DATE,NO_ZERO_DATE,ERROR_FOR_DIVISION_BY_ZERO,NO_ENGINE_SUBSTITUTION' */ ;
DELIMITER ;;
/*!50003 CREATE*/ /*!50017 DEFINER=`root`@`localhost`*/ /*!50003 TRIGGER before_charges_insert
BEFORE INSERT
ON ServiceCharge 
FOR EACH ROW
BEGIN

	IF (
		select 
			a.idServices 
		From Services as a 
        join ServiceMenu as b on b.idServices=a.idServices
			where b.idServiceMenu=new.idServiceMenu
		) in (1,2,3) then
	begin
	SET new.CostAmount= new.CostAmount + 
		(
			select CostPerUnit from ServiceMenu
				where idServiceMenu=new.idServiceMenu
        ) * new.Quantity
    ;
    end;
    END IF;
            
END */;;
DELIMITER ;
/*!50003 SET sql_mode              = @saved_sql_mode */ ;
/*!50003 SET character_set_client  = @saved_cs_client */ ;
/*!50003 SET character_set_results = @saved_cs_results */ ;
/*!50003 SET collation_connection  = @saved_col_connection */ ;
/*!50003 SET @saved_cs_client      = @@character_set_client */ ;
/*!50003 SET @saved_cs_results     = @@character_set_results */ ;
/*!50003 SET @saved_col_connection = @@collation_connection */ ;
/*!50003 SET character_set_client  = utf8 */ ;
/*!50003 SET character_set_results = utf8 */ ;
/*!50003 SET collation_connection  = utf8_general_ci */ ;
/*!50003 SET @saved_sql_mode       = @@sql_mode */ ;
/*!50003 SET sql_mode              = 'ONLY_FULL_GROUP_BY,STRICT_TRANS_TABLES,NO_ZERO_IN_DATE,NO_ZERO_DATE,ERROR_FOR_DIVISION_BY_ZERO,NO_ENGINE_SUBSTITUTION' */ ;
DELIMITER ;;
/*!50003 CREATE*/ /*!50017 DEFINER=`root`@`localhost`*/ /*!50003 TRIGGER after_charges_insert
AFTER INSERT
ON ServiceCharge 
FOR EACH ROW
BEGIN

	IF new.isPaid = 0 THEN
	update ActiveCustomerLiveToRooms
		set TotalBill = TotalBill + new.CostAmount
			where BraceletId=new.BraceletId;
            
	END IF;
            
END */;;
DELIMITER ;
/*!50003 SET sql_mode              = @saved_sql_mode */ ;
/*!50003 SET character_set_client  = @saved_cs_client */ ;
/*!50003 SET character_set_results = @saved_cs_results */ ;
/*!50003 SET collation_connection  = @saved_col_connection */ ;
/*!50003 SET @saved_cs_client      = @@character_set_client */ ;
/*!50003 SET @saved_cs_results     = @@character_set_results */ ;
/*!50003 SET @saved_col_connection = @@collation_connection */ ;
/*!50003 SET character_set_client  = utf8 */ ;
/*!50003 SET character_set_results = utf8 */ ;
/*!50003 SET collation_connection  = utf8_general_ci */ ;
/*!50003 SET @saved_sql_mode       = @@sql_mode */ ;
/*!50003 SET sql_mode              = 'ONLY_FULL_GROUP_BY,STRICT_TRANS_TABLES,NO_ZERO_IN_DATE,NO_ZERO_DATE,ERROR_FOR_DIVISION_BY_ZERO,NO_ENGINE_SUBSTITUTION' */ ;
DELIMITER ;;
/*!50003 CREATE*/ /*!50017 DEFINER=`root`@`localhost`*/ /*!50003 TRIGGER after_charges_update
AFTER UPDATE
ON ServiceCharge 
FOR EACH ROW
BEGIN

	IF new.isPaid = 1 THEN
		UPDATE ActiveCustomerLiveToRooms
			SET TotalBill = TotalBill - new.CostAmount
				where BraceletId=new.BraceletId;
	END IF;

END */;;
DELIMITER ;
/*!50003 SET sql_mode              = @saved_sql_mode */ ;
/*!50003 SET character_set_client  = @saved_cs_client */ ;
/*!50003 SET character_set_results = @saved_cs_results */ ;
/*!50003 SET collation_connection  = @saved_col_connection */ ;
/*!50003 SET @saved_cs_client      = @@character_set_client */ ;
/*!50003 SET @saved_cs_results     = @@character_set_results */ ;
/*!50003 SET @saved_col_connection = @@collation_connection */ ;
/*!50003 SET character_set_client  = utf8 */ ;
/*!50003 SET character_set_results = utf8 */ ;
/*!50003 SET collation_connection  = utf8_general_ci */ ;
/*!50003 SET @saved_sql_mode       = @@sql_mode */ ;
/*!50003 SET sql_mode              = 'ONLY_FULL_GROUP_BY,STRICT_TRANS_TABLES,NO_ZERO_IN_DATE,NO_ZERO_DATE,ERROR_FOR_DIVISION_BY_ZERO,NO_ENGINE_SUBSTITUTION' */ ;
DELIMITER ;;
/*!50003 CREATE*/ /*!50017 DEFINER=`root`@`localhost`*/ /*!50003 TRIGGER before_charges_delete
BEFORE DELETE
ON ServiceCharge 
FOR EACH ROW
BEGIN

		UPDATE ActiveCustomerLiveToRooms
			SET TotalBill = TotalBill - old.CostAmount
				where BraceletId=old.BraceletId;
END */;;
DELIMITER ;
/*!50003 SET sql_mode              = @saved_sql_mode */ ;
/*!50003 SET character_set_client  = @saved_cs_client */ ;
/*!50003 SET character_set_results = @saved_cs_results */ ;
/*!50003 SET collation_connection  = @saved_col_connection */ ;

--
-- Table structure for table `ServiceMenu`
--

DROP TABLE IF EXISTS `ServiceMenu`;
/*!40101 SET @saved_cs_client     = @@character_set_client */;
/*!40101 SET character_set_client = utf8 */;
CREATE TABLE `ServiceMenu` (
  `idServiceMenu` int(11) NOT NULL AUTO_INCREMENT,
  `idServices` int(11) NOT NULL,
  `Description` varchar(255) NOT NULL,
  `CostPerUnit` decimal(5,2) NOT NULL,
  PRIMARY KEY (`idServiceMenu`),
  KEY `fk_Service_idx` (`idServices`),
  CONSTRAINT `fk_Service` FOREIGN KEY (`idServices`) REFERENCES `Services` (`idServices`) ON DELETE CASCADE ON UPDATE NO ACTION
) ENGINE=InnoDB AUTO_INCREMENT=25 DEFAULT CHARSET=utf8;
/*!40101 SET character_set_client = @saved_cs_client */;

--
-- Dumping data for table `ServiceMenu`
--

LOCK TABLES `ServiceMenu` WRITE;
/*!40000 ALTER TABLE `ServiceMenu` DISABLE KEYS */;
INSERT INTO `ServiceMenu` VALUES (1,1,'Standard Drink',8.00),(2,1,'Premium Drink',10.00),(3,1,'Beverages',5.00),(4,1,'Beer',7.00),(5,2,'Pasta',10.00),(6,2,'Pork',14.00),(7,2,'Meatballs',11.00),(8,2,'Salad',7.00),(9,2,'French Fries',5.00),(10,2,'Fish',12.00),(11,2,'Bread',2.00),(12,2,'Fried Eggs',6.00),(13,2,'Beverages',5.00),(14,2,'Pancakes',7.00),(15,2,'Wine',7.00),(16,2,'Beer',5.00),(17,3,'Hairdo',40.00),(18,3,'Hair Colour',60.00),(19,3,'Pedicure',20.00),(20,3,'Manicure',20.00),(22,4,'Sauna',0.00),(23,5,'Training',0.00),(24,6,'Meeting',0.00);
/*!40000 ALTER TABLE `ServiceMenu` ENABLE KEYS */;
UNLOCK TABLES;

--
-- Table structure for table `Services`
--

DROP TABLE IF EXISTS `Services`;
/*!40101 SET @saved_cs_client     = @@character_set_client */;
/*!40101 SET character_set_client = utf8 */;
CREATE TABLE `Services` (
  `idServices` int(11) NOT NULL AUTO_INCREMENT,
  `Description` varchar(45) NOT NULL,
  PRIMARY KEY (`idServices`)
) ENGINE=InnoDB AUTO_INCREMENT=7 DEFAULT CHARSET=utf8;
/*!40101 SET character_set_client = @saved_cs_client */;

--
-- Dumping data for table `Services`
--

LOCK TABLES `Services` WRITE;
/*!40000 ALTER TABLE `Services` DISABLE KEYS */;
INSERT INTO `Services` VALUES (1,'Drink at Bar'),(2,'Food and Drink at Restaurant'),(3,'Hair and Body Care at Hair Salon'),(4,'Rest at Sauna'),(5,'Training at Gym'),(6,'Use of Meeting Room');
/*!40000 ALTER TABLE `Services` ENABLE KEYS */;
UNLOCK TABLES;

--
-- Table structure for table `ServicesAtSpecifiedRegions`
--

DROP TABLE IF EXISTS `ServicesAtSpecifiedRegions`;
/*!40101 SET @saved_cs_client     = @@character_set_client */;
/*!40101 SET character_set_client = utf8 */;
CREATE TABLE `ServicesAtSpecifiedRegions` (
  `idServicesAtSpecifiedRegions` int(11) NOT NULL AUTO_INCREMENT,
  `idServices` int(11) NOT NULL,
  `idOtherRegions` int(11) NOT NULL,
  PRIMARY KEY (`idServicesAtSpecifiedRegions`),
  KEY `fk_ServicesAt_idx` (`idServices`),
  KEY `fk_RegionAt_idx` (`idOtherRegions`),
  CONSTRAINT `fk_RegionAt` FOREIGN KEY (`idOtherRegions`) REFERENCES `OtherRegions` (`idOtherRegions`) ON DELETE CASCADE ON UPDATE NO ACTION,
  CONSTRAINT `fk_ServicesAt` FOREIGN KEY (`idServices`) REFERENCES `Services` (`idServices`) ON DELETE CASCADE ON UPDATE NO ACTION
) ENGINE=InnoDB AUTO_INCREMENT=26 DEFAULT CHARSET=utf8;
/*!40101 SET character_set_client = @saved_cs_client */;

--
-- Dumping data for table `ServicesAtSpecifiedRegions`
--

LOCK TABLES `ServicesAtSpecifiedRegions` WRITE;
/*!40000 ALTER TABLE `ServicesAtSpecifiedRegions` DISABLE KEYS */;
INSERT INTO `ServicesAtSpecifiedRegions` VALUES (1,1,125),(2,1,126),(3,1,127),(4,1,128),(5,2,129),(6,2,130),(7,2,131),(8,3,147),(9,3,148),(10,3,149),(11,4,141),(12,4,142),(13,4,143),(14,4,144),(15,4,145),(16,4,146),(17,5,137),(18,5,138),(19,5,139),(20,5,140),(21,6,132),(22,6,133),(23,6,134),(24,6,135),(25,6,136);
/*!40000 ALTER TABLE `ServicesAtSpecifiedRegions` ENABLE KEYS */;
UNLOCK TABLES;

--
-- Temporary table structure for view `ServicesStatsLastSixMonths`
--

DROP TABLE IF EXISTS `ServicesStatsLastSixMonths`;
/*!50001 DROP VIEW IF EXISTS `ServicesStatsLastSixMonths`*/;
SET @saved_cs_client     = @@character_set_client;
SET character_set_client = utf8;
/*!50001 CREATE VIEW `ServicesStatsLastSixMonths` AS SELECT 
 1 AS `Description`,
 1 AS `RegionName`,
 1 AS `Profit`,
 1 AS `Preference`*/;
SET character_set_client = @saved_cs_client;

--
-- Table structure for table `SubscribedServices`
--

DROP TABLE IF EXISTS `SubscribedServices`;
/*!40101 SET @saved_cs_client     = @@character_set_client */;
/*!40101 SET character_set_client = utf8 */;
CREATE TABLE `SubscribedServices` (
  `idSubscribed` int(11) NOT NULL,
  `CostPerDay` decimal(5,2) NOT NULL DEFAULT '0.00',
  PRIMARY KEY (`idSubscribed`),
  KEY `idServices_idx` (`idSubscribed`),
  CONSTRAINT `fk_SubscribedServicesISA` FOREIGN KEY (`idSubscribed`) REFERENCES `Services` (`idServices`) ON DELETE CASCADE ON UPDATE CASCADE
) ENGINE=InnoDB DEFAULT CHARSET=utf8;
/*!40101 SET character_set_client = @saved_cs_client */;

--
-- Dumping data for table `SubscribedServices`
--

LOCK TABLES `SubscribedServices` WRITE;
/*!40000 ALTER TABLE `SubscribedServices` DISABLE KEYS */;
INSERT INTO `SubscribedServices` VALUES (4,20.00),(5,25.00),(6,30.00);
/*!40000 ALTER TABLE `SubscribedServices` ENABLE KEYS */;
UNLOCK TABLES;

--
-- Table structure for table `SubscriptionToServices`
--

DROP TABLE IF EXISTS `SubscriptionToServices`;
/*!40101 SET @saved_cs_client     = @@character_set_client */;
/*!40101 SET character_set_client = utf8 */;
CREATE TABLE `SubscriptionToServices` (
  `idSubscriptionToServices` int(11) NOT NULL AUTO_INCREMENT,
  `BraceletId` int(11) NOT NULL,
  `idServices` int(11) NOT NULL,
  `SubscriptionDatetime` datetime NOT NULL,
  `CostAmount` decimal(5,2) NOT NULL DEFAULT '0.00',
  PRIMARY KEY (`idSubscriptionToServices`),
  KEY `fk_SubscriptionServices_idx` (`idServices`),
  KEY `fk_SubscriptionActive_idx` (`BraceletId`),
  CONSTRAINT `fk_SubscriptionActive` FOREIGN KEY (`BraceletId`) REFERENCES `ActiveCustomerLiveToRooms` (`BraceletId`) ON DELETE CASCADE ON UPDATE NO ACTION,
  CONSTRAINT `fk_SubscriptionServices` FOREIGN KEY (`idServices`) REFERENCES `SubscribedServices` (`idSubscribed`) ON DELETE CASCADE ON UPDATE NO ACTION
) ENGINE=InnoDB AUTO_INCREMENT=305 DEFAULT CHARSET=utf8;
/*!40101 SET character_set_client = @saved_cs_client */;

--
-- Dumping data for table `SubscriptionToServices`
--

LOCK TABLES `SubscriptionToServices` WRITE;
/*!40000 ALTER TABLE `SubscriptionToServices` DISABLE KEYS */;
INSERT INTO `SubscriptionToServices` VALUES (189,1,6,'2021-05-13 17:00:00',210.00),(190,2,6,'2021-05-13 17:00:00',210.00),(191,3,6,'2021-05-13 17:00:00',210.00),(192,4,6,'2021-05-13 17:00:00',210.00),(193,5,6,'2021-05-13 17:00:00',210.00),(194,6,6,'2021-06-13 17:00:00',210.00),(195,7,6,'2021-06-13 17:00:00',210.00),(196,8,6,'2021-06-13 17:00:00',210.00),(197,9,6,'2021-06-13 17:00:00',210.00),(198,10,6,'2021-06-13 17:00:00',210.00),(219,21,4,'2021-04-13 22:30:04',140.00),(220,21,6,'2021-04-13 22:30:04',210.00),(221,22,4,'2021-04-13 22:30:04',140.00),(222,22,6,'2021-04-13 22:30:04',210.00),(223,23,4,'2021-04-13 22:30:04',140.00),(224,23,6,'2021-04-13 22:30:04',210.00),(225,24,4,'2021-04-13 22:30:04',140.00),(226,24,6,'2021-04-13 22:30:04',210.00),(227,25,4,'2021-04-13 22:30:04',140.00),(228,25,6,'2021-04-13 22:30:04',210.00),(229,26,4,'2021-04-13 22:30:04',140.00),(230,26,6,'2021-04-13 22:30:04',210.00),(231,27,4,'2021-04-13 22:30:04',140.00),(232,27,6,'2021-04-13 22:30:04',210.00),(233,28,4,'2021-04-13 22:30:04',140.00),(234,28,6,'2021-04-13 22:30:04',210.00),(235,29,4,'2021-04-13 22:30:04',140.00),(236,29,6,'2021-04-13 22:30:04',210.00),(237,30,4,'2021-04-13 22:30:04',140.00),(238,30,6,'2021-04-13 22:30:04',210.00),(239,31,5,'2021-04-15 12:35:04',175.00),(240,31,6,'2021-04-15 12:35:04',210.00),(241,32,5,'2021-04-15 12:35:04',175.00),(242,32,6,'2021-04-15 12:35:04',210.00),(243,33,5,'2021-04-15 12:35:04',175.00),(244,33,6,'2021-04-15 12:35:04',210.00),(245,34,5,'2021-04-15 12:35:04',175.00),(246,34,6,'2021-04-15 12:35:04',210.00),(247,35,5,'2021-04-15 12:35:04',175.00),(248,35,6,'2021-04-15 12:35:04',210.00),(249,36,5,'2021-04-15 12:35:04',175.00),(250,36,6,'2021-04-15 12:35:04',210.00),(251,37,5,'2021-04-15 12:35:04',175.00),(252,37,6,'2021-04-15 12:35:04',210.00),(253,38,5,'2021-04-15 12:35:04',175.00),(254,38,6,'2021-04-15 12:35:04',210.00),(255,39,5,'2021-04-15 12:35:04',175.00),(256,39,6,'2021-04-15 12:35:04',210.00),(257,40,5,'2021-04-15 12:35:04',175.00),(258,40,6,'2021-04-15 12:35:04',210.00),(259,41,4,'2021-06-26 14:50:08',140.00),(260,42,5,'2021-03-15 12:35:04',175.00),(261,42,6,'2021-03-15 12:35:04',210.00),(262,43,5,'2021-03-15 12:35:04',175.00),(263,43,6,'2021-03-15 12:35:04',210.00),(264,44,5,'2021-03-15 12:35:04',175.00),(265,44,6,'2021-03-15 12:35:04',210.00),(266,45,5,'2021-03-15 12:35:04',175.00),(267,45,6,'2021-03-15 12:35:04',210.00),(268,46,5,'2021-03-15 12:35:04',175.00),(269,46,6,'2021-03-15 12:35:04',210.00),(270,47,5,'2021-03-15 12:35:04',175.00),(271,47,6,'2021-03-15 12:35:04',210.00),(272,48,5,'2021-03-15 12:35:04',175.00),(273,48,6,'2021-03-15 12:35:04',210.00),(274,49,5,'2021-03-15 12:35:04',175.00),(275,49,6,'2021-03-15 12:35:04',210.00),(276,50,5,'2021-03-15 12:35:04',175.00),(277,50,6,'2021-03-15 12:35:04',210.00),(278,51,5,'2021-03-15 12:35:04',175.00),(279,51,6,'2021-03-15 12:35:04',210.00),(280,52,5,'2021-03-15 12:35:04',175.00),(281,52,6,'2021-03-15 12:35:04',210.00),(282,53,5,'2021-03-15 12:35:04',175.00),(283,53,6,'2021-03-15 12:35:04',210.00),(284,54,5,'2021-03-15 12:35:04',175.00),(285,54,6,'2021-03-15 12:35:04',210.00),(286,55,5,'2021-03-15 12:35:04',175.00),(287,55,6,'2021-03-15 12:35:04',210.00),(288,56,5,'2021-03-15 12:35:04',175.00),(289,56,6,'2021-03-15 12:35:04',210.00),(290,57,5,'2021-03-15 12:35:04',175.00),(291,57,6,'2021-03-15 12:35:04',210.00),(292,58,5,'2021-03-15 12:35:04',175.00),(293,58,6,'2021-03-15 12:35:04',210.00),(294,59,5,'2021-03-15 12:35:04',175.00),(295,59,6,'2021-03-15 12:35:04',210.00),(296,60,5,'2021-03-15 12:35:04',175.00),(297,60,6,'2021-03-15 12:35:04',210.00),(298,61,5,'2021-03-15 12:35:04',175.00),(299,61,6,'2021-03-15 12:35:04',210.00),(300,62,4,'2021-06-26 18:18:28',140.00),(301,21,5,'2021-04-13 22:30:04',175.00),(302,62,5,'2021-06-26 18:18:28',175.00),(303,42,4,'2021-03-15 12:35:04',140.00),(304,63,5,'2021-06-26 23:27:13',175.00);
/*!40000 ALTER TABLE `SubscriptionToServices` ENABLE KEYS */;
UNLOCK TABLES;
/*!50003 SET @saved_cs_client      = @@character_set_client */ ;
/*!50003 SET @saved_cs_results     = @@character_set_results */ ;
/*!50003 SET @saved_col_connection = @@collation_connection */ ;
/*!50003 SET character_set_client  = utf8 */ ;
/*!50003 SET character_set_results = utf8 */ ;
/*!50003 SET collation_connection  = utf8_general_ci */ ;
/*!50003 SET @saved_sql_mode       = @@sql_mode */ ;
/*!50003 SET sql_mode              = 'ONLY_FULL_GROUP_BY,STRICT_TRANS_TABLES,NO_ZERO_IN_DATE,NO_ZERO_DATE,ERROR_FOR_DIVISION_BY_ZERO,NO_ENGINE_SUBSTITUTION' */ ;
DELIMITER ;;
/*!50003 CREATE*/ /*!50017 DEFINER=`root`@`localhost`*/ /*!50003 TRIGGER before_subscription_insert
BEFORE INSERT
ON SubscriptionToServices
FOR EACH ROW
BEGIN
	
    declare days int;
	declare cost int;
    
    set days = (select datediff(LeavingDatetime, ArrivalDatetime)
				from ActiveCustomerLiveToRooms
					where BraceletId = new.BraceletId
    );
    
    set cost = (select CostPerDay
				from SubscribedServices
					where idSubscribed = new.idServices
    );
    
	
	set new.CostAmount = days*cost;
    
    update ActiveCustomerLiveToRooms
		set TotalBill = TotalBill + new.CostAmount
			where BraceletId=new.BraceletId;
    
    set new.SubscriptionDatetime = (
								select ArrivalDatetime 
								from ActiveCustomerLiveToRooms
									where BraceletId=new.BraceletId);
            
END */;;
DELIMITER ;
/*!50003 SET sql_mode              = @saved_sql_mode */ ;
/*!50003 SET character_set_client  = @saved_cs_client */ ;
/*!50003 SET character_set_results = @saved_cs_results */ ;
/*!50003 SET collation_connection  = @saved_col_connection */ ;
/*!50003 SET @saved_cs_client      = @@character_set_client */ ;
/*!50003 SET @saved_cs_results     = @@character_set_results */ ;
/*!50003 SET @saved_col_connection = @@collation_connection */ ;
/*!50003 SET character_set_client  = utf8 */ ;
/*!50003 SET character_set_results = utf8 */ ;
/*!50003 SET collation_connection  = utf8_general_ci */ ;
/*!50003 SET @saved_sql_mode       = @@sql_mode */ ;
/*!50003 SET sql_mode              = 'ONLY_FULL_GROUP_BY,STRICT_TRANS_TABLES,NO_ZERO_IN_DATE,NO_ZERO_DATE,ERROR_FOR_DIVISION_BY_ZERO,NO_ENGINE_SUBSTITUTION' */ ;
DELIMITER ;;
/*!50003 CREATE*/ /*!50017 DEFINER=`root`@`localhost`*/ /*!50003 TRIGGER after_subscription_insert
AFTER INSERT
ON SubscriptionToServices 
FOR EACH ROW
BEGIN
	
    call GetApprovalForSubscribed(new.BraceletId, new.idServices);
    
END */;;
DELIMITER ;
/*!50003 SET sql_mode              = @saved_sql_mode */ ;
/*!50003 SET character_set_client  = @saved_cs_client */ ;
/*!50003 SET character_set_results = @saved_cs_results */ ;
/*!50003 SET collation_connection  = @saved_col_connection */ ;

--
-- Temporary table structure for view `TotalCostPerBracelet`
--

DROP TABLE IF EXISTS `TotalCostPerBracelet`;
/*!50001 DROP VIEW IF EXISTS `TotalCostPerBracelet`*/;
SET @saved_cs_client     = @@character_set_client;
SET character_set_client = utf8;
/*!50001 CREATE VIEW `TotalCostPerBracelet` AS SELECT 
 1 AS `BraceletId`,
 1 AS `Cost`,
 1 AS `TotalBill`*/;
SET character_set_client = @saved_cs_client;

--
-- Dumping events for database 'mydb'
--

--
-- Dumping routines for database 'mydb'
--
/*!50003 DROP FUNCTION IF EXISTS `RandomDateBetween` */;
/*!50003 SET @saved_cs_client      = @@character_set_client */ ;
/*!50003 SET @saved_cs_results     = @@character_set_results */ ;
/*!50003 SET @saved_col_connection = @@collation_connection */ ;
/*!50003 SET character_set_client  = utf8 */ ;
/*!50003 SET character_set_results = utf8 */ ;
/*!50003 SET collation_connection  = utf8_general_ci */ ;
/*!50003 SET @saved_sql_mode       = @@sql_mode */ ;
/*!50003 SET sql_mode              = 'ONLY_FULL_GROUP_BY,STRICT_TRANS_TABLES,NO_ZERO_IN_DATE,NO_ZERO_DATE,ERROR_FOR_DIVISION_BY_ZERO,NO_ENGINE_SUBSTITUTION' */ ;
DELIMITER ;;
CREATE DEFINER=`root`@`localhost` FUNCTION `RandomDateBetween`(date_from DATETIME, date_to DATETIME) RETURNS datetime
BEGIN 
  DECLARE result DATETIME;
  SET result = (SELECT FROM_UNIXTIME(
                      UNIX_TIMESTAMP(date_from) + FLOOR(
                          RAND() * (
                              UNIX_TIMESTAMP(date_to) - UNIX_TIMESTAMP(date_from) + 1
                          )
                      )
               ));
  RETURN (result);
END ;;
DELIMITER ;
/*!50003 SET sql_mode              = @saved_sql_mode */ ;
/*!50003 SET character_set_client  = @saved_cs_client */ ;
/*!50003 SET character_set_results = @saved_cs_results */ ;
/*!50003 SET collation_connection  = @saved_col_connection */ ;
/*!50003 DROP FUNCTION IF EXISTS `RandomHours` */;
/*!50003 SET @saved_cs_client      = @@character_set_client */ ;
/*!50003 SET @saved_cs_results     = @@character_set_results */ ;
/*!50003 SET @saved_col_connection = @@collation_connection */ ;
/*!50003 SET character_set_client  = utf8 */ ;
/*!50003 SET character_set_results = utf8 */ ;
/*!50003 SET collation_connection  = utf8_general_ci */ ;
/*!50003 SET @saved_sql_mode       = @@sql_mode */ ;
/*!50003 SET sql_mode              = 'ONLY_FULL_GROUP_BY,STRICT_TRANS_TABLES,NO_ZERO_IN_DATE,NO_ZERO_DATE,ERROR_FOR_DIVISION_BY_ZERO,NO_ENGINE_SUBSTITUTION' */ ;
DELIMITER ;;
CREATE DEFINER=`root`@`localhost` FUNCTION `RandomHours`(start int, end int) RETURNS int(11)
BEGIN 
  DECLARE result int;
  SET result = (SELECT (FLOOR( start + RAND( ) *(end-start+1) )));
  RETURN (result);
END ;;
DELIMITER ;
/*!50003 SET sql_mode              = @saved_sql_mode */ ;
/*!50003 SET character_set_client  = @saved_cs_client */ ;
/*!50003 SET character_set_results = @saved_cs_results */ ;
/*!50003 SET collation_connection  = @saved_col_connection */ ;
/*!50003 DROP PROCEDURE IF EXISTS `ActiveLive` */;
/*!50003 SET @saved_cs_client      = @@character_set_client */ ;
/*!50003 SET @saved_cs_results     = @@character_set_results */ ;
/*!50003 SET @saved_col_connection = @@collation_connection */ ;
/*!50003 SET character_set_client  = utf8 */ ;
/*!50003 SET character_set_results = utf8 */ ;
/*!50003 SET collation_connection  = utf8_general_ci */ ;
/*!50003 SET @saved_sql_mode       = @@sql_mode */ ;
/*!50003 SET sql_mode              = 'ONLY_FULL_GROUP_BY,STRICT_TRANS_TABLES,NO_ZERO_IN_DATE,NO_ZERO_DATE,ERROR_FOR_DIVISION_BY_ZERO,NO_ENGINE_SUBSTITUTION' */ ;
DELIMITER ;;
CREATE DEFINER=`root`@`localhost` PROCEDURE `ActiveLive`(
	cid1 int,
    cid2 int,
    arrival datetime,
    flag1 int,
    flag2 int,
    flag3 int,
    r int
)
    DETERMINISTIC
BEGIN
	
    DECLARE n, i, id, rid, m, prev_m int;
    
    set rid = r;
	
-- 	select count(*) 
--     from ActiveCustomerLiveToRooms
-- 		into m;
        
	select 41 into m;
	set prev_m = m;
    
	SELECT COUNT(*) 
    FROM Customer
		where idCustomer between cid1 and cid2
		INTO n;
        
	SET i=0;
	select 0 into @counter;
	WHILE i<n DO 
		set m = m + 1;
        
		SELECT idCustomer 
        FROM Customer 
			where idCustomer between cid1 and cid2
            LIMIT i,1 into id;
        
        # Insert Values to Active
        insert into ActiveCustomerLiveToRooms (BraceletId, idCustomer, idRoom, ArrivalDatetime, LeavingDatetime,TotalBill)
        values(m, id, rid, arrival, date_add(arrival, interval 7 day),0.00);
        
        
        # Insert Values to Subscription
        
        if flag1=1 then
        begin
			insert into SubscriptionToServices (BraceletId, idServices)
			values(m, 4);
        end;
        end if;
        
        if flag2=1 then
        begin
			insert into SubscriptionToServices (BraceletId, idServices)
			values(m, 5);
        end;
        end if;
        
        if flag3=1 then
        begin
			insert into SubscriptionToServices (BraceletId, idServices)
			values(m, 6);
        end;
        end if;
        
        
        set rid = rid + 2;
        set i = i + 1;
        set @counter = @counter + 1;
        
	end while;
    
    call PassEntries(prev_m+1, m,0);

END ;;
DELIMITER ;
/*!50003 SET sql_mode              = @saved_sql_mode */ ;
/*!50003 SET character_set_client  = @saved_cs_client */ ;
/*!50003 SET character_set_results = @saved_cs_results */ ;
/*!50003 SET collation_connection  = @saved_col_connection */ ;
/*!50003 DROP PROCEDURE IF EXISTS `AddCharge` */;
/*!50003 SET @saved_cs_client      = @@character_set_client */ ;
/*!50003 SET @saved_cs_results     = @@character_set_results */ ;
/*!50003 SET @saved_col_connection = @@collation_connection */ ;
/*!50003 SET character_set_client  = utf8 */ ;
/*!50003 SET character_set_results = utf8 */ ;
/*!50003 SET collation_connection  = utf8_general_ci */ ;
/*!50003 SET @saved_sql_mode       = @@sql_mode */ ;
/*!50003 SET sql_mode              = 'ONLY_FULL_GROUP_BY,STRICT_TRANS_TABLES,NO_ZERO_IN_DATE,NO_ZERO_DATE,ERROR_FOR_DIVISION_BY_ZERO,NO_ENGINE_SUBSTITUTION' */ ;
DELIMITER ;;
CREATE DEFINER=`root`@`localhost` PROCEDURE `AddCharge`()
    DETERMINISTIC
BEGIN

		DECLARE bid, i, n, l, m, rid, sid, smid, flag, products, product int;
        DECLARE arrival, leaving datetime;

		SELECT COUNT(*) FROM ActiveCustomerLiveToRooms INTO n;

		select count(*) from Regions as a
						join ServicesAtSpecifiedRegions as b on b.idOtherRegions=a.idRegions
						join Services as c on c.idServices=b.idServices
						where c.idServices in (4,5,6)
                        into m;

        select 0 into @counter;
        set l = 0;
        while l < m do
			SET i=0;

			select 
				a.idRegions,
                c.idServices
			from Regions as a
			join ServicesAtSpecifiedRegions as b on b.idOtherRegions=a.idRegions
			join Services as c on c.idServices=b.idServices
			where c.idServices in (4,5,6)
            order by a.idRegions,c.idServices
			limit l,1 into rid, sid;
            

            select 
				count(*)
            from ServiceMenu 
				where idServices=sid
				into products;
			
            
			loop_1: WHILE i<n DO
			
				SELECT BraceletId, ArrivalDatetime, LeavingDatetime
				FROM ActiveCustomerLiveToRooms
					LIMIT i,1 into bid, arrival, leaving;
					
				select idServices
				from SubscriptionToServices  
					where BraceletId=bid and idServices=sid
                    into flag;
                    
				if (flag is null ) then
					SET i = i + 1;
					iterate loop_1;
                        
				end if;
                
				select (FLOOR( 1 + RAND( ) *products ))-1 into product;                
				
				select 
					idServiceMenu 
				from ServiceMenu 
					where idServices=sid
					order by idServiceMenu
					limit product, 1
					into smid;
				insert into ServiceCharge (BraceletId, idServiceMenu, Quantity, idRegions, CostAmount, Datetime, isPaid) 
                values (bid, smid, RandomHours(1,4), rid, 0, RandomDateBetween (arrival, leaving), 0);

			-- select bid, smid, RandomHours(1,4), rid, 0, RandomDateBetween (arrival, leaving), 0 ;
			
				set i = i+1;
			end while;
            set l = l + 1;
		end while;

END ;;
DELIMITER ;
/*!50003 SET sql_mode              = @saved_sql_mode */ ;
/*!50003 SET character_set_client  = @saved_cs_client */ ;
/*!50003 SET character_set_results = @saved_cs_results */ ;
/*!50003 SET collation_connection  = @saved_col_connection */ ;
/*!50003 DROP PROCEDURE IF EXISTS `AddChargeCustom` */;
/*!50003 SET @saved_cs_client      = @@character_set_client */ ;
/*!50003 SET @saved_cs_results     = @@character_set_results */ ;
/*!50003 SET @saved_col_connection = @@collation_connection */ ;
/*!50003 SET character_set_client  = utf8 */ ;
/*!50003 SET character_set_results = utf8 */ ;
/*!50003 SET collation_connection  = utf8_general_ci */ ;
/*!50003 SET @saved_sql_mode       = @@sql_mode */ ;
/*!50003 SET sql_mode              = 'ONLY_FULL_GROUP_BY,STRICT_TRANS_TABLES,NO_ZERO_IN_DATE,NO_ZERO_DATE,ERROR_FOR_DIVISION_BY_ZERO,NO_ENGINE_SUBSTITUTION' */ ;
DELIMITER ;;
CREATE DEFINER=`root`@`localhost` PROCEDURE `AddChargeCustom`()
    DETERMINISTIC
BEGIN

		DECLARE bid, i, n, l, m, rid, sid, smid, flag, products, product int;
        DECLARE arrival, leaving datetime;

		SELECT COUNT(*) FROM ActiveCustomerLiveToRooms INTO n;

		select count(*) from Regions as a
						join ServicesAtSpecifiedRegions as b on b.idOtherRegions=a.idRegions
						join Services as c on c.idServices=b.idServices
						where c.idServices in (1,2,3)
                        into m;

        select 0 into @counter;
        set l = 0;
        while l < m do
			SET i=0;

			select 
				a.idRegions,
                c.idServices
			from Regions as a
			join ServicesAtSpecifiedRegions as b on b.idOtherRegions=a.idRegions
			join Services as c on c.idServices=b.idServices
			where c.idServices in (1,2,3)
            order by a.idRegions,c.idServices
			limit l,1 into rid, sid;
            

            select 
				count(*)
            from ServiceMenu 
				where idServices=sid
				into products;
			
            
			loop_1: WHILE i<n DO
			
				SELECT BraceletId, ArrivalDatetime, LeavingDatetime
				FROM ActiveCustomerLiveToRooms
					LIMIT i,1 into bid, arrival, leaving;
					
				select (FLOOR( 1 + RAND( ) *products ))-1 into product;                
				
				select 
					idServiceMenu 
				from ServiceMenu 
					where idServices=sid
					order by idServiceMenu
					limit product, 1
					into smid;
				insert into ServiceCharge (BraceletId, idServiceMenu, Quantity, idRegions, CostAmount, Datetime, isPaid) 
                values (bid, smid, RandomHours(1,4), rid, 0, RandomDateBetween (arrival, leaving), ROUND(RAND()));

			-- select bid, smid, RandomHours(1,4), rid, 0, RandomDateBetween (arrival, leaving), ROUND(RAND()) ;
			
				set i = i+1;
			end while;
            set l = l + 1;
		end while;

END ;;
DELIMITER ;
/*!50003 SET sql_mode              = @saved_sql_mode */ ;
/*!50003 SET character_set_client  = @saved_cs_client */ ;
/*!50003 SET character_set_results = @saved_cs_results */ ;
/*!50003 SET collation_connection  = @saved_col_connection */ ;
/*!50003 DROP PROCEDURE IF EXISTS `CreateCustomer` */;
/*!50003 SET @saved_cs_client      = @@character_set_client */ ;
/*!50003 SET @saved_cs_results     = @@character_set_results */ ;
/*!50003 SET @saved_col_connection = @@collation_connection */ ;
/*!50003 SET character_set_client  = utf8 */ ;
/*!50003 SET character_set_results = utf8 */ ;
/*!50003 SET collation_connection  = utf8_general_ci */ ;
/*!50003 SET @saved_sql_mode       = @@sql_mode */ ;
/*!50003 SET sql_mode              = 'ONLY_FULL_GROUP_BY,STRICT_TRANS_TABLES,NO_ZERO_IN_DATE,NO_ZERO_DATE,ERROR_FOR_DIVISION_BY_ZERO,NO_ENGINE_SUBSTITUTION' */ ;
DELIMITER ;;
CREATE DEFINER=`root`@`localhost` PROCEDURE `CreateCustomer`(
	IN FirstName varchar(45), IN LastName varchar(45), 
	IN BirthDate varchar(50), IN Gender varchar(50), 
	IN SSN varchar(20), IN SSNDocument varchar(45), 
	IN SSNissAuth varchar(20), IN Email varchar(45), 
	IN PhoneNumber varchar(255)
)
    DETERMINISTIC
BEGIN
	
    DECLARE CustomerID int;
	DECLARE FormatDate date;
	SET @FormatDate = STR_TO_DATE(BirthDate,'%d,%m,%Y');
	INSERT INTO mydb.Customer (LastName, FirstName, BirthDate, Gender) VALUES (LastName, FirstName, @FormatDate, Gender);
	SET @CustomerID = LAST_INSERT_ID();
	INSERT INTO mydb.SIN (idCustomer, SINNumber, SINDocument, SINIssueAuthority) VALUES (@CustomerID, SSN, SSNDocument, SSNissAuth);
	INSERT INTO Email (idCustomer, Email) VALUES (@CustomerID, Email);
	INSERT INTO Phone (idCustomer, Number) VALUES (@CustomerID, PhoneNumber);

END ;;
DELIMITER ;
/*!50003 SET sql_mode              = @saved_sql_mode */ ;
/*!50003 SET character_set_client  = @saved_cs_client */ ;
/*!50003 SET character_set_results = @saved_cs_results */ ;
/*!50003 SET collation_connection  = @saved_col_connection */ ;
/*!50003 DROP PROCEDURE IF EXISTS `GetApprovalForCommon` */;
/*!50003 SET @saved_cs_client      = @@character_set_client */ ;
/*!50003 SET @saved_cs_results     = @@character_set_results */ ;
/*!50003 SET @saved_col_connection = @@collation_connection */ ;
/*!50003 SET character_set_client  = utf8 */ ;
/*!50003 SET character_set_results = utf8 */ ;
/*!50003 SET collation_connection  = utf8_general_ci */ ;
/*!50003 SET @saved_sql_mode       = @@sql_mode */ ;
/*!50003 SET sql_mode              = 'ONLY_FULL_GROUP_BY,STRICT_TRANS_TABLES,NO_ZERO_IN_DATE,NO_ZERO_DATE,ERROR_FOR_DIVISION_BY_ZERO,NO_ENGINE_SUBSTITUTION' */ ;
DELIMITER ;;
CREATE DEFINER=`root`@`localhost` PROCEDURE `GetApprovalForCommon`(
bid int
)
    DETERMINISTIC
BEGIN
	-- Insertion of available Entries at Room's Floor
	insert into ApprovedEntries(BraceletId, idEntriesToRegions)
	select 
		Bracelet as BraceletId,
		idEntriesToRegions
	from (
	(select
		a.BraceletId as Bracelet,
		e.Description_Place as Description_Place,
		e.Floor as Floor,
		g.Description_EntryPoint as Entry,
		g.idRegionsFrom as idRegionFrom,
		g.idRegionsTo as idRegionTo
		
		from ActiveCustomerLiveToRooms as a
	join Room as d on d.idRoom = a.idRoom
	join Regions as e on e.idRegions=d.idRoom
	join EntriesToRegions as f on f.idRegionsTo=d.idRoom
	join EntriesToRegions as g on g.idRegionsFrom=f.idRegionsFrom 
	where g.idRegionsTo=d.idRoom or g.Description_EntryPoint like "%Elavator%" 
	order by a.BraceletId 
	)
	union
	(select 
		Bracelet,
		j.Description_Place,
		j.Floor,
		k.Description_EntryPoint as Entry,
		k.idRegionsFrom as idRegionFrom,
		k.idRegionsTo as idRegionTo
		
	 from (select
		a.BraceletId as Bracelet,
		e.Description_Place as Description_Place,
		e.Floor as Floor,
		g.Description_EntryPoint as Entry,
		g.idRegionsFrom as idRegionFrom,
		g.idRegionsTo as idRegionTo
		from ActiveCustomerLiveToRooms as a
	join Room as d on d.idRoom = a.idRoom
	join Regions as e on e.idRegions=d.idRoom
	join EntriesToRegions as f on f.idRegionsTo=d.idRoom
	join EntriesToRegions as g on g.idRegionsFrom=f.idRegionsFrom 
	where g.idRegionsTo=d.idRoom or g.Description_EntryPoint like "%Elavator%" 
	order by a.BraceletId 
	)as j
	join EntriesToRegions k on k.idRegionsFrom=j.idRegionTo
	join Regions l on k.idRegionsTo=l.idRegions
	where l.Floor=j.Floor
	)
	order by Bracelet)as n
	join EntriesToRegions m on m.idRegionsFrom=n.idRegionFrom and m.idRegionsTo=n.idRegionTo
	where Bracelet=bid
	;

	-- Insertion of available Entries at NotsubscribedServices at Ground Floor
	insert into ApprovedEntries(BraceletId, idEntriesToRegions)
	select BraceletId, idEntriesToRegions  from ActiveCustomerLiveToRooms as q
	cross join
	(
	select distinct idEntriesToRegions from 
	(
	select 
		a.idServices as idServices,
		b.idOtherRegions as idOtherRegions,
		a.Description as Description
	 from 
	(
	select 
		idServices, 
		Description
	 from Services
	where idServices in (1,2,3)
	) as a
	join ServicesAtSpecifiedRegions as b on a.idServices=b.idServices
	) as c
	join EntriesToRegions as d on d.idRegionsFrom=c.idOtherRegions or d.idRegionsTo=c.idOtherRegions
	)as w
	where BraceletId=bid
	;

	-- Insertion of available Entries for Elavators-from/to-Corridors at Ground Floor
	insert into ApprovedEntries(BraceletId, idEntriesToRegions)
	select BraceletId, idEntriesToRegions from ActiveCustomerLiveToRooms as d
	cross join
	(
	select idEntriesToRegions from(
	SELECT * FROM mydb.EntriesToRegions
	where idRegionsFrom in (121,122,123,124) and idRegionsTo in (101,102,103,104)
	union

	SELECT * FROM mydb.EntriesToRegions
	where idRegionsTo in (121,122,123,124) and idRegionsFrom in (101,102,103,104)
	)as a
	)as e
	where BraceletId=bid
	;

	-- Insertion of available Entries for Corridors at Ground Floor
	insert into ApprovedEntries(BraceletId, idEntriesToRegions)
	select BraceletId, idEntriesToRegions from ActiveCustomerLiveToRooms as a
	cross join 
	(
	select idEntriesToRegions from EntriesToRegions
	where idEntriesToRegions in (305, 306, 307, 308, 309, 310, 311, 312)
	)as b
	where BraceletId=bid;

END ;;
DELIMITER ;
/*!50003 SET sql_mode              = @saved_sql_mode */ ;
/*!50003 SET character_set_client  = @saved_cs_client */ ;
/*!50003 SET character_set_results = @saved_cs_results */ ;
/*!50003 SET collation_connection  = @saved_col_connection */ ;
/*!50003 DROP PROCEDURE IF EXISTS `GetApprovalForSubscribed` */;
/*!50003 SET @saved_cs_client      = @@character_set_client */ ;
/*!50003 SET @saved_cs_results     = @@character_set_results */ ;
/*!50003 SET @saved_col_connection = @@collation_connection */ ;
/*!50003 SET character_set_client  = utf8 */ ;
/*!50003 SET character_set_results = utf8 */ ;
/*!50003 SET collation_connection  = utf8_general_ci */ ;
/*!50003 SET @saved_sql_mode       = @@sql_mode */ ;
/*!50003 SET sql_mode              = 'ONLY_FULL_GROUP_BY,STRICT_TRANS_TABLES,NO_ZERO_IN_DATE,NO_ZERO_DATE,ERROR_FOR_DIVISION_BY_ZERO,NO_ENGINE_SUBSTITUTION' */ ;
DELIMITER ;;
CREATE DEFINER=`root`@`localhost` PROCEDURE `GetApprovalForSubscribed`(
bid int,
sid int
)
    DETERMINISTIC
BEGIN

-- Insertion of available Entries for SubsrcibedServices at Ground Floor
	insert into ApprovedEntries(BraceletId, idEntriesToRegions)
	select * from
	(
	select 
		g.BraceletId as BraceletId,
		h.idEntriesToRegions as idEntriesToRegions
	 from (

	select 

		e.BraceletId as BraceletId,
		e.idServices as idServices,
		f.idServices as idSubscribed,
		f.idOtherRegions as idOtherRegions
		
	 from
	(
	select 
		c.BraceletId as BraceletId,
		c.idServices as idServices,
		d.idSubscribed as idSubscribed
		
	 from 
	(select 
		a.BraceletId as BraceletId,
		b.idServices as idServices
	from ActiveCustomerLiveToRooms as a
	join SubscriptionToServices as b on a.BraceletId=b.BraceletId
	where a.BraceletId=bid and b.idServices=sid
	order by a.BraceletId
	) as c
	join SubscribedServices d on c.idServices=d.idSubscribed
	) as e
	join ServicesAtSpecifiedRegions as f on e.idSubscribed=f.idServices
	order by BraceletId
	) as g
	join EntriesToRegions as h on h.idRegionsFrom=g.idOtherRegions or h.idRegionsTo=g.idOtherRegions
	where (h.idRegionsFrom=g.idOtherRegions and (h.Description_EntryPoint like "%Corridor%" or 
	(g.BraceletId, h.idRegionsTo) in 
	(
	select 
		e.BraceletId as BraceletId,
		f.idOtherRegions as idOtherRegions
		
	 from
	(
	select 
		c.BraceletId as BraceletId,
		c.idServices as idServices,
		d.idSubscribed as idSubscribed
		
	 from 
	(select 
		a.BraceletId as BraceletId,
		b.idServices as idServices
	from ActiveCustomerLiveToRooms as a
	join SubscriptionToServices as b on a.BraceletId=b.BraceletId
    where a.BraceletId=bid 
	order by a.BraceletId
	) as c
	join SubscribedServices d on c.idServices=d.idSubscribed
	) as e
	join ServicesAtSpecifiedRegions as f on e.idSubscribed=f.idServices
	)
	))
	or (h.idRegionsTo=g.idOtherRegions and 
			((g.BraceletId, h.idRegionsFrom )
				in
					(
					select 
						e.BraceletId as BraceletId,
						f.idOtherRegions as idOtherRegions
						
					 from
					(
					select 
						c.BraceletId as BraceletId,
						c.idServices as idServices,
						d.idSubscribed as idSubscribed
						
					 from 
					(select 
						a.BraceletId as BraceletId,
						b.idServices as idServices
					from ActiveCustomerLiveToRooms as a
					join SubscriptionToServices as b on a.BraceletId=b.BraceletId
					where a.BraceletId=bid
					order by a.BraceletId
					) as c
					join SubscribedServices d on c.idServices=d.idSubscribed
					) as e
					join ServicesAtSpecifiedRegions as f on e.idSubscribed=f.idServices
					)
					or h.idRegionsFrom in (101,102,103,104) -- Ground Floor Corridors ids
					) )
					order by BraceletId
			)as wq
			where wq.BraceletId=bid
            order by wq.idEntriesToRegions;

END ;;
DELIMITER ;
/*!50003 SET sql_mode              = @saved_sql_mode */ ;
/*!50003 SET character_set_client  = @saved_cs_client */ ;
/*!50003 SET character_set_results = @saved_cs_results */ ;
/*!50003 SET collation_connection  = @saved_col_connection */ ;
/*!50003 DROP PROCEDURE IF EXISTS `PassEntries` */;
/*!50003 SET @saved_cs_client      = @@character_set_client */ ;
/*!50003 SET @saved_cs_results     = @@character_set_results */ ;
/*!50003 SET @saved_col_connection = @@collation_connection */ ;
/*!50003 SET character_set_client  = utf8 */ ;
/*!50003 SET character_set_results = utf8 */ ;
/*!50003 SET collation_connection  = utf8_general_ci */ ;
/*!50003 SET @saved_sql_mode       = @@sql_mode */ ;
/*!50003 SET sql_mode              = 'ONLY_FULL_GROUP_BY,STRICT_TRANS_TABLES,NO_ZERO_IN_DATE,NO_ZERO_DATE,ERROR_FOR_DIVISION_BY_ZERO,NO_ENGINE_SUBSTITUTION' */ ;
DELIMITER ;;
CREATE DEFINER=`root`@`localhost` PROCEDURE `PassEntries`(
	id1 int,
    id2 int,
    l int
)
    DETERMINISTIC
BEGIN
		DECLARE bid ,room, mycorridor, e_mycorridor, myelevator, e_myelevator, groundcorridor, 
        e_groundcorridor, servregion, e_servregion, visit_interval, ground_corridor_2, e_ground_corridor_2,
        myelevator_2, e_myelevator_2, mycorridor_2, e_mycorridor_2, e_room_2, rand_day, rand_time, i, n, j, m  int;
        
        DECLARE arrival, leaving, start_date, end_date,
        from_room_date, from_mycorridor_date, from_myelevator_date, 
        from_groundcorridor_date, from_servregion_date, 
        from_groundcorridor_date_2, from_myelevator_date_2, 
        from_mycorridor_date_2 datetime;
        
        DECLARE Reg nvarchar(50);
        
		SELECT COUNT(*) FROM ActiveCustomerLiveToRooms
			where BraceletId between id1 and id2
			INTO n;
            
        SELECT 6 INTO m;
		SET j=0;
        select 0 into @counter;
        
		select ArrivalDatetime, LeavingDatetime 
		from ActiveCustomerLiveToRooms
			where BraceletId=id1
				into arrival, leaving;
						
		-- Define visit interval 
		select 6 into visit_interval;

		-- Define start/end date
        
        -- start tomorrow, 10:00 PM
		select (date_add(date_sub(date_add(arrival, interval 1 day), interval hour(arrival) hour), interval 10 hour)) into start_date;
		select (date_sub(leaving, interval hour(leaving)+visit_interval hour)) into end_date;
					
	
		WHILE j<m DO
				
                # Generate random datetime
				select FLOOR(rand()* (day(end_date)-day(start_date)) + day(start_date)) into rand_day;
				select FLOOR(rand()* (20-9) + 9) into rand_time;

				select date_format(
					concat(year(arrival),"-",month(arrival),"-", 
							convert(rand_day, char)," ", 	
							convert(rand_time, char),":00:00"
							), '%Y-%m-%d %H:%i:%s' 
				) into from_room_date;
				
				-- select date_add(date_add(start_date, interval 3 hour),interval 30 minute) into from_room_date;
                
                SELECT RegionName 
				FROM 
				(
					select distinct RegionName from Regions 
						where RegionName in ('Bar', 'Restaurant','Hair Salon','Gym','Sauna','Meeting Room')
                        order by RegionName
				)as a
				
				LIMIT j,1 into Reg;
				select Reg;			
				
                SET i=0;
                
			loop_1: WHILE i<n DO  
            
				SET servregion = NULL;
                
				set from_room_date = date_add(date_add(from_room_date, interval (FLOOR( 1 + RAND( ) *60 )) minute ),interval (FLOOR( 1 + RAND( ) *60 )) second);
                
				SELECT BraceletId 
                FROM ActiveCustomerLiveToRooms
					where BraceletId between id1 and id2
					LIMIT i,1 into bid;

				select idRoom 
					from ActiveCustomerLiveToRooms
						where BraceletId=bid into room;

				select idRegionsTo, idEntriesToRegions
				from EntriesToRegions 
					where idRegionsFrom = room 
						into mycorridor, e_mycorridor;

				select idRegionsTo, idEntriesToRegions 
				from EntriesToRegions 
					where idRegionsFrom=mycorridor
						and Description_EntryPoint like "%Elavator%"
							into myelevator, e_myelevator;

				select idRegionsTo, idEntriesToRegions 
				from EntriesToRegions 
					where idRegionsFrom=myelevator 
						and Description_EntryPoint like "%Corridor%" 
						and idRegionsTo between 101 and 104
							into groundcorridor, e_groundcorridor;
										
				select idRegionsTo, idEntriesToRegions 
				from EntriesToRegions 
				where idRegionsFrom=groundcorridor
					and Description_EntryPoint like CONCAT('%', Reg, '%') -- it has to be changed
					and idEntriesToRegions in (
												select idEntriesToRegions 
												from ApprovedEntries
													where BraceletId=bid
												)limit l,1
						into servregion, e_servregion;
								select servregion;
				if (servregion is null ) then
					SET i = i + 1;
					iterate loop_1;
                        
				end if;
	

				select date_add(from_room_date, interval 3 minute) into from_mycorridor_date;
				select date_add(from_mycorridor_date, interval 1 minute) into from_myelevator_date;
				select date_add(from_myelevator_date, interval 5 minute) into from_groundcorridor_date;


				# Insert Data for Entry
				insert into PassingEntry (BraceletId, idEntriesToRegions, Datetime, Approvement)
				select bid, e_mycorridor, from_room_date, 1 
				union
				select bid, e_myelevator, from_mycorridor_date, 1 
				union
				select bid, e_groundcorridor, from_myelevator_date, 1 
				union
				select bid, e_servregion, from_groundcorridor_date, 1 ;


				# Leave the service region

				select idRegionsTo, idEntriesToRegions
				from EntriesToRegions 
					where idRegionsFrom = servregion
					and (Description_EntryPoint like "%Corridor%")
					into ground_corridor_2, e_ground_corridor_2;

				select idRegionsTo, idEntriesToRegions
				from EntriesToRegions 
					where idRegionsFrom = ground_corridor_2 
					and idEntriesToRegions in 
									(select idEntriesToRegions 
										from ApprovedEntries
											where BraceletId=bid
										)
					and Description_EntryPoint like "%Elavator%" -- perhaps to another region
					into myelevator_2, e_myelevator_2;

				select idRegionsTo, idEntriesToRegions
				from EntriesToRegions 
					where idRegionsFrom = myelevator_2 
					and idEntriesToRegions in 
									(select idEntriesToRegions 
										from ApprovedEntries
											where BraceletId=bid
										)
					and idRegionsTo not in (101, 102, 103, 104)
					into mycorridor_2, e_mycorridor_2;
					
				select idEntriesToRegions
				from EntriesToRegions 
					where idRegionsFrom = mycorridor_2 
					and idRegionsTo = room
					into e_room_2;

				select date_add(from_groundcorridor_date, interval 2 hour) into from_servregion_date;
				select date_add(from_servregion_date, interval 3 minute) into from_groundcorridor_date_2;
				select date_add(from_groundcorridor_date_2, interval 1 minute) into from_myelevator_date_2;
				select date_add(from_myelevator_date_2, interval 5 minute) into from_mycorridor_date_2;

				# Insert Data for Exit
				insert into PassingEntry (BraceletId, idEntriesToRegions, Datetime, Approvement)
				select bid, e_ground_corridor_2, from_servregion_date, 1 
				union
				select bid, e_myelevator_2, from_groundcorridor_date_2, 1 
				union
				select bid, e_mycorridor_2, from_myelevator_date_2, 1 
				union
				select bid, e_room_2, from_mycorridor_date_2, 1 ;
                
				SET i = i + 1;
                set @counter := @counter+1;
                
			END WHILE loop_1;
            
			SET j = j + 1;
            
		END WHILE;
        select @counter;
		END ;;
DELIMITER ;
/*!50003 SET sql_mode              = @saved_sql_mode */ ;
/*!50003 SET character_set_client  = @saved_cs_client */ ;
/*!50003 SET character_set_results = @saved_cs_results */ ;
/*!50003 SET collation_connection  = @saved_col_connection */ ;
/*!50003 DROP PROCEDURE IF EXISTS `UpdateCustomer` */;
/*!50003 SET @saved_cs_client      = @@character_set_client */ ;
/*!50003 SET @saved_cs_results     = @@character_set_results */ ;
/*!50003 SET @saved_col_connection = @@collation_connection */ ;
/*!50003 SET character_set_client  = utf8 */ ;
/*!50003 SET character_set_results = utf8 */ ;
/*!50003 SET collation_connection  = utf8_general_ci */ ;
/*!50003 SET @saved_sql_mode       = @@sql_mode */ ;
/*!50003 SET sql_mode              = 'ONLY_FULL_GROUP_BY,STRICT_TRANS_TABLES,NO_ZERO_IN_DATE,NO_ZERO_DATE,ERROR_FOR_DIVISION_BY_ZERO,NO_ENGINE_SUBSTITUTION' */ ;
DELIMITER ;;
CREATE DEFINER=`root`@`localhost` PROCEDURE `UpdateCustomer`(
	IN ID INT,
	IN FirstName varchar(45), IN LastName varchar(45),  
    IN PhoneNumber varchar(255))
BEGIN

    UPDATE mydb.Customer 
    SET LastName=LastName, FirstName=FirstName WHERE idCustomer=ID;
    
    UPDATE Phone
    SET Number = PhoneNumber where idCustomer=ID;

    
END ;;
DELIMITER ;
/*!50003 SET sql_mode              = @saved_sql_mode */ ;
/*!50003 SET character_set_client  = @saved_cs_client */ ;
/*!50003 SET character_set_results = @saved_cs_results */ ;
/*!50003 SET collation_connection  = @saved_col_connection */ ;

--
-- Final view structure for view `ChargesInfo`
--

/*!50001 DROP VIEW IF EXISTS `ChargesInfo`*/;
/*!50001 SET @saved_cs_client          = @@character_set_client */;
/*!50001 SET @saved_cs_results         = @@character_set_results */;
/*!50001 SET @saved_col_connection     = @@collation_connection */;
/*!50001 SET character_set_client      = utf8 */;
/*!50001 SET character_set_results     = utf8 */;
/*!50001 SET collation_connection      = utf8_general_ci */;
/*!50001 CREATE ALGORITHM=UNDEFINED */
/*!50013 DEFINER=`root`@`localhost` SQL SECURITY DEFINER */
/*!50001 VIEW `ChargesInfo` AS select `a`.`BraceletId` AS `BraceletId`,`b`.`idServiceCharge` AS `idServiceCharge`,`e`.`Description` AS `Service`,`d`.`Description` AS `Product`,`d`.`CostPerUnit` AS `CostPerUnit`,`b`.`Quantity` AS `Quantity`,`b`.`CostAmount` AS `CostAmount`,`c`.`Description_Place` AS `Description_Place`,`c`.`RegionName` AS `RegionName`,`b`.`DateTime` AS `Datetime`,`b`.`isPaid` AS `isPaid` from ((((`ActiveCustomerLiveToRooms` `a` join `ServiceCharge` `b` on((`b`.`BraceletId` = `a`.`BraceletId`))) join `Regions` `c` on((`c`.`idRegions` = `b`.`idRegions`))) join `ServiceMenu` `d` on((`d`.`idServiceMenu` = `b`.`idServiceMenu`))) join `Services` `e` on((`e`.`idServices` = `d`.`idServices`))) order by `a`.`BraceletId` */;
/*!50001 SET character_set_client      = @saved_cs_client */;
/*!50001 SET character_set_results     = @saved_cs_results */;
/*!50001 SET collation_connection      = @saved_col_connection */;

--
-- Final view structure for view `CustomerInfo`
--

/*!50001 DROP VIEW IF EXISTS `CustomerInfo`*/;
/*!50001 SET @saved_cs_client          = @@character_set_client */;
/*!50001 SET @saved_cs_results         = @@character_set_results */;
/*!50001 SET @saved_col_connection     = @@collation_connection */;
/*!50001 SET character_set_client      = utf8 */;
/*!50001 SET character_set_results     = utf8 */;
/*!50001 SET collation_connection      = utf8_general_ci */;
/*!50001 CREATE ALGORITHM=UNDEFINED */
/*!50013 DEFINER=`root`@`localhost` SQL SECURITY DEFINER */
/*!50001 VIEW `CustomerInfo` AS select `a`.`idCustomer` AS `id`,`a`.`LastName` AS `LastName`,`a`.`FirstName` AS `FirstName`,`a`.`BirthDate` AS `BirthDate`,trim(leading '0' from date_format(from_days((to_days(cast(now() as date)) - to_days(`a`.`BirthDate`))),'%Y')) AS `Age`,`a`.`Gender` AS `Gender`,`b`.`Number` AS `Number`,`c`.`Email` AS `Email`,`d`.`SINNumber` AS `SINNumber`,`d`.`SINDocument` AS `SINDocument`,`d`.`SINIssueAuthority` AS `SINIssueAuthority` from (((`Customer` `a` left join `Phone` `b` on((`b`.`idCustomer` = `a`.`idCustomer`))) left join `Email` `c` on((`c`.`idCustomer` = `a`.`idCustomer`))) left join `SIN` `d` on((`d`.`idCustomer` = `a`.`idCustomer`))) */;
/*!50001 SET character_set_client      = @saved_cs_client */;
/*!50001 SET character_set_results     = @saved_cs_results */;
/*!50001 SET collation_connection      = @saved_col_connection */;

--
-- Final view structure for view `MenuStatsLastSixMonths`
--

/*!50001 DROP VIEW IF EXISTS `MenuStatsLastSixMonths`*/;
/*!50001 SET @saved_cs_client          = @@character_set_client */;
/*!50001 SET @saved_cs_results         = @@character_set_results */;
/*!50001 SET @saved_col_connection     = @@collation_connection */;
/*!50001 SET character_set_client      = utf8 */;
/*!50001 SET character_set_results     = utf8 */;
/*!50001 SET collation_connection      = utf8_general_ci */;
/*!50001 CREATE ALGORITHM=UNDEFINED */
/*!50013 DEFINER=`root`@`localhost` SQL SECURITY DEFINER */
/*!50001 VIEW `MenuStatsLastSixMonths` AS select `a`.`idServiceMenu` AS `idServiceMenu`,`a`.`Description` AS `Description`,sum(`b`.`Quantity`) AS `TotalConsumption`,sum(`b`.`CostAmount`) AS `TotalProfit`,`a`.`CostPerUnit` AS `CostPerUnit`,`f`.`Description` AS `Service` from (((`mydb`.`ServiceMenu` `a` join `mydb`.`ServiceCharge` `b` on((`a`.`idServiceMenu` = `b`.`idServiceMenu`))) join `mydb`.`Services` `f` on((`f`.`idServices` = `a`.`idServices`))) join `mydb`.`Regions` `d` on((`d`.`idRegions` = `b`.`idRegions`))) where ((`b`.`DateTime` between '2021-01-01 00:00:00' and concat(curdate(),' ',curtime())) and (`f`.`idServices` in (1,2,3))) group by `b`.`idServiceMenu`,`f`.`Description` union select distinct `qq`.`idServiceMenu` AS `idServiceMenu`,`qq`.`Description` AS `Description`,`qw`.`TotalConsumption` AS `TotalConsumption`,`qq`.`TotalProfit` AS `TotalProfit`,`qq`.`CostPerUnit` AS `CostPerUnit`,`qq`.`Service` AS `Service` from (((select `f`.`idServiceMenu` AS `idServiceMenu`,((to_days(`a`.`LeavingDatetime`) - to_days(`a`.`ArrivalDatetime`)) * `c`.`CostPerDay`) AS `TotalProfit`,`c`.`CostPerDay` AS `CostPerUnit`,`f`.`Description` AS `Description`,`d`.`Description` AS `Service` from ((((`mydb`.`ActiveCustomerLiveToRooms` `a` join `mydb`.`SubscriptionToServices` `b` on((`b`.`BraceletId` = `a`.`BraceletId`))) join `mydb`.`SubscribedServices` `c` on((`c`.`idSubscribed` = `b`.`idServices`))) join `mydb`.`Services` `d` on((`d`.`idServices` = `c`.`idSubscribed`))) join `mydb`.`ServiceMenu` `f` on((`f`.`idServices` = `d`.`idServices`))))) `qq` join (select `f`.`Description` AS `Description`,count(0) AS `TotalConsumption` from ((`mydb`.`SubscriptionToServices` `a` join `mydb`.`Services` `b` on((`b`.`idServices` = `a`.`idServices`))) join `mydb`.`ServiceMenu` `f` on((`f`.`idServices` = `b`.`idServices`))) group by `f`.`idServiceMenu`) `qw` on((`qw`.`Description` = `qq`.`Description`))) */;
/*!50001 SET character_set_client      = @saved_cs_client */;
/*!50001 SET character_set_results     = @saved_cs_results */;
/*!50001 SET collation_connection      = @saved_col_connection */;

--
-- Final view structure for view `ServicesStatsLastSixMonths`
--

/*!50001 DROP VIEW IF EXISTS `ServicesStatsLastSixMonths`*/;
/*!50001 SET @saved_cs_client          = @@character_set_client */;
/*!50001 SET @saved_cs_results         = @@character_set_results */;
/*!50001 SET @saved_col_connection     = @@collation_connection */;
/*!50001 SET character_set_client      = utf8 */;
/*!50001 SET character_set_results     = utf8 */;
/*!50001 SET collation_connection      = utf8_general_ci */;
/*!50001 CREATE ALGORITHM=UNDEFINED */
/*!50013 DEFINER=`root`@`localhost` SQL SECURITY DEFINER */
/*!50001 VIEW `ServicesStatsLastSixMonths` AS select `w`.`Description` AS `Description`,`w`.`RegionName` AS `RegionName`,`w`.`Profit` AS `Profit`,`r`.`Preference` AS `Preference` from (((select `q`.`Description` AS `Description`,`q`.`RegionName` AS `RegionName`,sum(`w`.`TotalProfit`) AS `Profit` from (((select distinct `a`.`Description` AS `Description`,`e`.`RegionName` AS `RegionName` from ((`mydb`.`Services` `a` join `mydb`.`ServicesAtSpecifiedRegions` `b` on((`b`.`idServices` = `a`.`idServices`))) join `mydb`.`Regions` `e` on((`e`.`idRegions` = `b`.`idOtherRegions`))))) `q` join `mydb`.`MenuStatsLastSixMonths` `w` on((`w`.`Service` = `q`.`Description`))) group by `q`.`Description`,`q`.`RegionName`)) `w` join (select (count(0) / (select count(0) from `mydb`.`ServiceCharge` where (`mydb`.`ServiceCharge`.`DateTime` >= '2021-01-01 00:00:00'))) AS `Preference`,`c`.`Description` AS `Description` from ((`mydb`.`ServiceCharge` `a` join `mydb`.`ServiceMenu` `b` on((`b`.`idServiceMenu` = `a`.`idServiceMenu`))) join `mydb`.`Services` `c` on((`c`.`idServices` = `b`.`idServices`))) group by `c`.`Description`) `r` on((`r`.`Description` = `w`.`Description`))) */;
/*!50001 SET character_set_client      = @saved_cs_client */;
/*!50001 SET character_set_results     = @saved_cs_results */;
/*!50001 SET collation_connection      = @saved_col_connection */;

--
-- Final view structure for view `TotalCostPerBracelet`
--

/*!50001 DROP VIEW IF EXISTS `TotalCostPerBracelet`*/;
/*!50001 SET @saved_cs_client          = @@character_set_client */;
/*!50001 SET @saved_cs_results         = @@character_set_results */;
/*!50001 SET @saved_col_connection     = @@collation_connection */;
/*!50001 SET character_set_client      = utf8 */;
/*!50001 SET character_set_results     = utf8 */;
/*!50001 SET collation_connection      = utf8_general_ci */;
/*!50001 CREATE ALGORITHM=UNDEFINED */
/*!50013 DEFINER=`root`@`localhost` SQL SECURITY DEFINER */
/*!50001 VIEW `TotalCostPerBracelet` AS select `f`.`BraceletId` AS `BraceletId`,`f`.`Cost` AS `Cost`,`g`.`TotalBill` AS `TotalBill` from (((select `q`.`BraceletId` AS `BraceletId`,sum(`q`.`Cost`) AS `Cost` from (select `a`.`BraceletId` AS `BraceletId`,`a`.`Cost` AS `Cost`,`b`.`TotalBill` AS `TotalBill` from (((select `mydb`.`ServiceCharge`.`BraceletId` AS `BraceletId`,sum(`mydb`.`ServiceCharge`.`CostAmount`) AS `Cost` from `mydb`.`ServiceCharge` group by `mydb`.`ServiceCharge`.`BraceletId`)) `a` join `mydb`.`ActiveCustomerLiveToRooms` `b` on((`b`.`BraceletId` = `a`.`BraceletId`))) union select `a`.`BraceletId` AS `BraceletId`,((to_days(`a`.`LeavingDatetime`) - to_days(`a`.`ArrivalDatetime`)) * `b`.`ChargePerDay`) AS `datediff(LeavingDatetime, ArrivalDatetime)*ChargePerDay`,`a`.`TotalBill` AS `TotalBill` from (`mydb`.`ActiveCustomerLiveToRooms` `a` join `mydb`.`Room` `b` on((`b`.`idRoom` = `a`.`idRoom`))) union select `a`.`BraceletId` AS `BraceletId`,`a`.`CostAmount` AS `CostAmount`,`b`.`TotalBill` AS `TotalBill` from (`mydb`.`SubscriptionToServices` `a` join `mydb`.`ActiveCustomerLiveToRooms` `b` on((`b`.`BraceletId` = `a`.`BraceletId`)))) `q` group by `q`.`BraceletId`)) `f` join (select `mydb`.`ActiveCustomerLiveToRooms`.`BraceletId` AS `BraceletId`,`mydb`.`ActiveCustomerLiveToRooms`.`TotalBill` AS `TotalBill` from `mydb`.`ActiveCustomerLiveToRooms`) `g` on((`g`.`BraceletId` = `f`.`BraceletId`))) */;
/*!50001 SET character_set_client      = @saved_cs_client */;
/*!50001 SET character_set_results     = @saved_cs_results */;
/*!50001 SET collation_connection      = @saved_col_connection */;
/*!40103 SET TIME_ZONE=@OLD_TIME_ZONE */;

/*!40101 SET SQL_MODE=@OLD_SQL_MODE */;
/*!40014 SET FOREIGN_KEY_CHECKS=@OLD_FOREIGN_KEY_CHECKS */;
/*!40014 SET UNIQUE_CHECKS=@OLD_UNIQUE_CHECKS */;
/*!40101 SET CHARACTER_SET_CLIENT=@OLD_CHARACTER_SET_CLIENT */;
/*!40101 SET CHARACTER_SET_RESULTS=@OLD_CHARACTER_SET_RESULTS */;
/*!40101 SET COLLATION_CONNECTION=@OLD_COLLATION_CONNECTION */;
/*!40111 SET SQL_NOTES=@OLD_SQL_NOTES */;

-- Dump completed on 2021-06-27 16:13:14
